wall_time_unix,wall_time_local,gnss_time_gpst,gnss_lat_deg,gnss_lon_deg,gnss_h_m,tca_time,tca_lat_deg,tca_lon_deg,tca_h_m
1787575406.801,2026-08-24 17:43:26,2021-06-19 10:06:12.300,37.3527203900,-121.9157732200,20.5580,,,,
1787575406.901,2026-08-24 17:43:26,2021-06-19 10:06:12.400,37.3527206100,-121.9157724600,20.7000,,,,
1787575407.001,2026-08-24 17:43:27,2021-06-19 10:06:12.500,37.3527203100,-121.9157726500,20.5880,,,,
1787575407.102,2026-08-24 17:43:27,2021-06-19 10:06:12.600,37.3527203500,-121.9157729100,20.5630,,,,
1787575407.203,2026-08-24 17:43:27,2021-06-19 10:06:12.700,37.3527204800,-121.9157726300,20.6940,,,,
1787575407.304,2026-08-24 17:43:27,2021-06-19 10:06:12.800,37.3527203500,-121.9157721200,20.7730,,,,
1787575407.405,2026-08-24 17:43:27,2021-06-19 10:06:12.900,37.3527203700,-121.9157717000,20.6980,,,,
1787575407.506,2026-08-24 17:43:27,2021-06-19 10:06:13.000,37.3527201000,-121.9157721700,20.6050,,,,
1787575407.607,2026-08-24 17:43:27,2021-06-19 10:06:13.100,37.3527199300,-121.9157725600,20.6490,,,,
1787575407.708,2026-08-24 17:43:27,2021-06-19 10:06:13.200,37.3527197300,-121.9157726300,20.5280,,,,
1787575407.808,2026-08-24 17:43:27,2021-06-19 10:06:13.300,37.3527194800,-121.9157721400,20.5510,,,,
1787575407.909,2026-08-24 17:43:27,2021-06-19 10:06:13.400,37.3527195300,-121.9157715200,20.7020,,,,
1787575408.009,2026-08-24 17:43:28,2021-06-19 10:06:13.500,37.3527188700,-121.9157740100,20.2830,,,,
1787575408.110,2026-08-24 17:43:28,2021-06-19 10:06:13.600,37.3527191800,-121.9157728900,20.4030,,,,
1787575408.211,2026-08-24 17:43:28,2021-06-19 10:06:13.700,37.3527195500,-121.9157715800,20.6720,,,,
1787575408.314,2026-08-24 17:43:28,2021-06-19 10:06:13.800,37.3527194600,-121.9157714900,20.5880,,,,
1787575408.414,2026-08-24 17:43:28,2021-06-19 10:06:13.900,37.3527195900,-121.9157720200,20.4880,,,,
1787575408.515,2026-08-24 17:43:28,2021-06-19 10:06:14.000,37.3527201000,-121.9157720900,20.5040,,,,
1787575408.616,2026-08-24 17:43:28,2021-06-19 10:06:14.200,37.3527200800,-121.9157719600,20.3980,,,,
1787575408.817,2026-08-24 17:43:28,2021-06-19 10:06:14.300,37.3527204000,-121.9157711400,20.5570,,,,
1787575408.917,2026-08-24 17:43:28,2021-06-19 10:06:14.400,37.3527202100,-121.9157716100,20.5340,,,,
1787575409.018,2026-08-24 17:43:29,2021-06-19 10:06:14.500,37.3527203500,-121.9157720500,20.3780,,,,
1787575409.119,2026-08-24 17:43:29,2021-06-19 10:06:14.600,37.3527208800,-121.9157708300,20.5770,,,,
1787575409.220,2026-08-24 17:43:29,2021-06-19 10:06:14.700,37.3527207500,-121.9157705200,20.6030,,,,
1787575409.320,2026-08-24 17:43:29,2021-06-19 10:06:14.800,37.3527205600,-121.9157709600,20.5590,,,,
1787575409.421,2026-08-24 17:43:29,2021-06-19 10:06:15.000,37.3527210900,-121.9157697400,20.7490,,,,
1787575409.522,2026-08-24 17:43:29,2021-06-19 10:06:15.100,37.3527209500,-121.9157699800,20.6460,,,,
1787575409.622,2026-08-24 17:43:29,2021-06-19 10:06:15.200,37.3527210500,-121.9157700300,20.6150,,,,
1787575409.723,2026-08-24 17:43:29,2021-06-19 10:06:15.300,37.3527209500,-121.9157699800,20.6620,,,,
1787575409.823,2026-08-24 17:43:29,2021-06-19 10:06:15.400,37.3527208900,-121.9157701900,20.5080,,,,
1787575409.928,2026-08-24 17:43:29,2021-06-19 10:06:15.500,37.3527208400,-121.9157705000,20.4020,,,,
1787575410.029,2026-08-24 17:43:30,2021-06-19 10:06:15.600,37.3527211900,-121.9157694300,20.6180,,,,
1787575410.130,2026-08-24 17:43:30,2021-06-19 10:06:15.700,37.3527210600,-121.9157707500,20.4330,,,,
1787575410.231,2026-08-24 17:43:30,2021-06-19 10:06:15.800,37.3527212300,-121.9157701400,20.4960,,,,
1787575410.332,2026-08-24 17:43:30,2021-06-19 10:06:15.900,37.3527215300,-121.9157690100,20.6740,,,,
1787575410.433,2026-08-24 17:43:30,2021-06-19 10:06:16.000,37.3527216400,-121.9157696000,20.4960,,,,
1787575410.533,2026-08-24 17:43:30,2021-06-19 10:06:16.100,37.3527212300,-121.9157705500,20.3700,,,,
1787575410.634,2026-08-24 17:43:30,2021-06-19 10:06:16.200,37.3527214600,-121.9157703000,20.4290,,,,
1787575410.734,2026-08-24 17:43:30,2021-06-19 10:06:16.300,37.3527216200,-121.9157693200,20.5800,,,,
1787575410.835,2026-08-24 17:43:30,2021-06-19 10:06:16.400,37.3527214600,-121.9157702300,20.3820,,,,
1787575410.935,2026-08-24 17:43:30,2021-06-19 10:06:16.500,37.3527213700,-121.9157706300,20.2340,,,,
1787575411.036,2026-08-24 17:43:31,2021-06-19 10:06:16.600,37.3527218200,-121.9157708800,20.2750,,,,
1787575411.137,2026-08-24 17:43:31,2021-06-19 10:06:16.700,37.3527214300,-121.9157712200,20.1570,,,,
1787575411.238,2026-08-24 17:43:31,2021-06-19 10:06:16.800,37.3527215300,-121.9157706800,20.2080,,,,
1787575411.338,2026-08-24 17:43:31,2021-06-19 10:06:16.900,37.3527220100,-121.9157693200,20.4780,,,,
1787575411.439,2026-08-24 17:43:31,2021-06-19 10:06:17.000,37.3527217800,-121.9157714600,20.1060,,,,
1787575411.540,2026-08-24 17:43:31,2021-06-19 10:06:17.100,37.3527217600,-121.9157715100,20.1370,,,,
1787575411.640,2026-08-24 17:43:31,2021-06-19 10:06:17.200,37.3527221800,-121.9157704800,20.2960,,,,
1787575411.740,2026-08-24 17:43:31,2021-06-19 10:06:17.300,37.3527219700,-121.9157701500,20.2730,,,,
1787575411.842,2026-08-24 17:43:31,2021-06-19 10:06:17.400,37.3527219800,-121.9157711100,20.1750,,,,
1787575411.943,2026-08-24 17:43:31,2021-06-19 10:06:17.500,37.3527218900,-121.9157719900,20.0450,,,,
1787575412.043,2026-08-24 17:43:32,2021-06-19 10:06:17.600,37.3527221000,-121.9157710400,20.1590,,,,
1787575412.143,2026-08-24 17:43:32,2021-06-19 10:06:17.700,37.3527219300,-121.9157710800,20.1680,,,,
1787575412.243,2026-08-24 17:43:32,2021-06-19 10:06:17.800,37.3527223100,-121.9157700600,20.3570,,,,
1787575412.344,2026-08-24 17:43:32,2021-06-19 10:06:17.900,37.3527224200,-121.9157701000,20.4020,,,,
1787575412.445,2026-08-24 17:43:32,2021-06-19 10:06:18.000,37.3527226600,-121.9157705200,20.2400,,,,
1787575412.545,2026-08-24 17:43:32,2021-06-19 10:06:18.100,37.3527227800,-121.9157698300,20.4310,,,,
1787575412.646,2026-08-24 17:43:32,2021-06-19 10:06:18.200,37.3527230400,-121.9157690600,20.6090,,,,
1787575412.746,2026-08-24 17:43:32,2021-06-19 10:06:18.300,37.3527229000,-121.9157700400,20.4080,,,,
1787575412.847,2026-08-24 17:43:32,2021-06-19 10:06:18.400,37.3527228500,-121.9157706700,20.3220,,,,
1787575412.948,2026-08-24 17:43:32,2021-06-19 10:06:18.500,37.3527228000,-121.9157704000,20.3180,,,,
1787575413.049,2026-08-24 17:43:33,2021-06-19 10:06:18.600,37.3527228800,-121.9157703000,20.2110,,,,
1787575413.150,2026-08-24 17:43:33,2021-06-19 10:06:18.700,37.3527227700,-121.9157706200,20.1490,,,,
1787575413.251,2026-08-24 17:43:33,2021-06-19 10:06:18.800,37.3527229300,-121.9157703900,20.2990,,,,
1787575413.352,2026-08-24 17:43:33,2021-06-19 10:06:18.900,37.3527230300,-121.9157700600,20.2790,,,,
1787575413.453,2026-08-24 17:43:33,2021-06-19 10:06:19.000,37.3527229500,-121.9157707000,20.0830,,,,
1787575413.554,2026-08-24 17:43:33,2021-06-19 10:06:19.100,37.3527232000,-121.9157695000,20.3660,,,,
1787575413.655,2026-08-24 17:43:33,2021-06-19 10:06:19.200,37.3527233500,-121.9157701300,20.3150,,,,
1787575413.756,2026-08-24 17:43:33,2021-06-19 10:06:19.300,37.3527230300,-121.9157702000,20.2430,,,,
1787575413.857,2026-08-24 17:43:33,2021-06-19 10:06:19.400,37.3527233600,-121.9157693100,20.3650,,,,
1787575413.958,2026-08-24 17:43:33,2021-06-19 10:06:19.500,37.3527237000,-121.9157686900,20.4260,,,,
1787575414.059,2026-08-24 17:43:34,2021-06-19 10:06:19.600,37.3527233900,-121.9157702800,20.0730,,,,
1787575414.160,2026-08-24 17:43:34,2021-06-19 10:06:19.700,37.3527233300,-121.9157706000,20.0580,,,,
1787575414.260,2026-08-24 17:43:34,2021-06-19 10:06:19.800,37.3527238200,-121.9157689700,20.3040,,,,
1787575414.361,2026-08-24 17:43:34,2021-06-19 10:06:19.900,37.3527236600,-121.9157694300,20.1180,,,,
1787575414.461,2026-08-24 17:43:34,2021-06-19 10:06:20.000,37.3527234500,-121.9157698900,20.0250,,,,
1787575414.562,2026-08-24 17:43:34,2021-06-19 10:06:20.100,37.3527236900,-121.9157697000,20.1920,,,,
1787575414.663,2026-08-24 17:43:34,2021-06-19 10:06:20.200,37.3527235100,-121.9157696400,20.1630,,,,
1787575414.763,2026-08-24 17:43:34,2021-06-19 10:06:20.300,37.3527233800,-121.9157693800,20.1270,,,,
1787575414.864,2026-08-24 17:43:34,2021-06-19 10:06:20.400,37.3527234100,-121.9157688400,20.2360,,,,
1787575414.964,2026-08-24 17:43:34,2021-06-19 10:06:20.500,37.3527233600,-121.9157693800,20.1980,,,,
1787575415.066,2026-08-24 17:43:35,2021-06-19 10:06:20.600,37.3527233300,-121.9157699400,20.1130,,,,
1787575415.167,2026-08-24 17:43:35,2021-06-19 10:06:20.700,37.3527231600,-121.9157697000,20.1350,,,,
1787575415.267,2026-08-24 17:43:35,2021-06-19 10:06:20.800,37.3527235400,-121.9157682800,20.4100,,,,
1787575415.368,2026-08-24 17:43:35,2021-06-19 10:06:20.900,37.3527234800,-121.9157685600,20.3310,,,,
1787575415.469,2026-08-24 17:43:35,2021-06-19 10:06:21.000,37.3527233700,-121.9157699600,20.1800,,,,
1787575415.570,2026-08-24 17:43:35,2021-06-19 10:06:21.100,37.3527235700,-121.9157682700,20.5850,,,,
1787575415.671,2026-08-24 17:43:35,2021-06-19 10:06:21.200,37.3527234600,-121.9157684200,20.4800,,,,
1787575415.772,2026-08-24 17:43:35,2021-06-19 10:06:21.300,37.3527234900,-121.9157679200,20.5420,,,,
1787575415.872,2026-08-24 17:43:35,2021-06-19 10:06:21.400,37.3527235600,-121.9157682300,20.6810,,,,
1787575415.973,2026-08-24 17:43:35,2021-06-19 10:06:21.500,37.3527237200,-121.9157688400,20.4860,,,,
1787575416.074,2026-08-24 17:43:36,2021-06-19 10:06:21.600,37.3527235600,-121.9157690800,20.3880,,,,
1787575416.174,2026-08-24 17:43:36,2021-06-19 10:06:21.700,37.3527237100,-121.9157688700,20.4560,,,,
1787575416.274,2026-08-24 17:43:36,2021-06-19 10:06:21.800,37.3527235800,-121.9157695200,20.3650,,,,
1787575416.376,2026-08-24 17:43:36,2021-06-19 10:06:21.900,37.3527232700,-121.9157704400,20.1690,,,,
1787575416.477,2026-08-24 17:43:36,2021-06-19 10:06:22.000,37.3527234000,-121.9157705000,20.1410,,,,
1787575416.578,2026-08-24 17:43:36,2021-06-19 10:06:22.100,37.3527237000,-121.9157692900,20.4310,,,,
1787575416.679,2026-08-24 17:43:36,2021-06-19 10:06:22.200,37.3527234800,-121.9157698800,20.2570,,,,
1787575416.780,2026-08-24 17:43:36,2021-06-19 10:06:22.300,37.3527233400,-121.9157702700,20.2740,,,,
1787575416.881,2026-08-24 17:43:36,2021-06-19 10:06:22.400,37.3527235700,-121.9157693300,20.4820,,,,
1787575416.982,2026-08-24 17:43:36,2021-06-19 10:06:22.500,37.3527235700,-121.9157699200,20.2610,,,,
1787575417.083,2026-08-24 17:43:37,2021-06-19 10:06:22.600,37.3527237200,-121.9157694300,20.2930,,,,
1787575417.184,2026-08-24 17:43:37,2021-06-19 10:06:22.700,37.3527234300,-121.9157702200,20.2770,,,,
1787575417.285,2026-08-24 17:43:37,2021-06-19 10:06:22.800,37.3527237200,-121.9157698500,20.3010,,,,
1787575417.386,2026-08-24 17:43:37,2021-06-19 10:06:22.900,37.3527234400,-121.9157701400,20.1690,,,,
1787575417.487,2026-08-24 17:43:37,2021-06-19 10:06:23.000,37.3527230700,-121.9157706900,20.0630,,,,
1787575417.588,2026-08-24 17:43:37,2021-06-19 10:06:23.100,37.3527235100,-121.9157702100,20.1820,,,,
1787575417.689,2026-08-24 17:43:37,2021-06-19 10:06:23.200,37.3527229700,-121.9157714800,19.9780,,,,
1787575417.789,2026-08-24 17:43:37,2021-06-19 10:06:23.300,37.3527229600,-121.9157709100,20.0790,,,,
1787575417.891,2026-08-24 17:43:37,2021-06-19 10:06:23.400,37.3527234800,-121.9157696500,20.3660,,,,
1787575417.991,2026-08-24 17:43:37,2021-06-19 10:06:23.500,37.3527233900,-121.9157703800,20.1040,,,,
1787575418.092,2026-08-24 17:43:38,2021-06-19 10:06:23.600,37.3527231400,-121.9157713000,20.0590,,,,
1787575418.192,2026-08-24 17:43:38,2021-06-19 10:06:23.700,37.3527231700,-121.9157705800,20.2770,,,,
1787575418.293,2026-08-24 17:43:38,2021-06-19 10:06:23.800,37.3527230100,-121.9157698000,20.3460,,,,
1787575418.394,2026-08-24 17:43:38,2021-06-19 10:06:23.900,37.3527231000,-121.9157703400,20.1780,,,,
1787575418.494,2026-08-24 17:43:38,2021-06-19 10:06:24.000,37.3527227900,-121.9157711100,20.1380,,,,
1787575418.595,2026-08-24 17:43:38,2021-06-19 10:06:24.100,37.3527232000,-121.9157708100,20.2670,,,,
1787575418.696,2026-08-24 17:43:38,2021-06-19 10:06:24.200,37.3527231600,-121.9157703300,20.2610,,,,
1787575418.797,2026-08-24 17:43:38,2021-06-19 10:06:24.300,37.3527231200,-121.9157700600,20.3630,,,,
1787575418.898,2026-08-24 17:43:38,2021-06-19 10:06:24.400,37.3527231800,-121.9157689800,20.6230,,,,
1787575418.999,2026-08-24 17:43:38,2021-06-19 10:06:24.600,37.3527230000,-121.9157703600,20.3890,,,,
1787575419.200,2026-08-24 17:43:39,2021-06-19 10:06:24.700,37.3527231500,-121.9157695800,20.6030,,,,
1787575419.301,2026-08-24 17:43:39,2021-06-19 10:06:24.800,37.3527230900,-121.9157689600,20.6040,,,,
1787575419.402,2026-08-24 17:43:39,2021-06-19 10:06:24.900,37.3527227200,-121.9157705300,20.3530,,,,
1787575419.502,2026-08-24 17:43:39,2021-06-19 10:06:25.000,37.3527226100,-121.9157710900,20.2800,,,,
1787575419.602,2026-08-24 17:43:39,2021-06-19 10:06:25.100,37.3527227300,-121.9157706300,20.3380,,,,
1787575419.703,2026-08-24 17:43:39,2021-06-19 10:06:25.200,37.3527228000,-121.9157703700,20.2790,,,,
1787575419.804,2026-08-24 17:43:39,2021-06-19 10:06:25.300,37.3527225900,-121.9157703000,20.3660,,,,
1787575419.908,2026-08-24 17:43:39,2021-06-19 10:06:25.400,37.3527229900,-121.9157696600,20.6030,,,,
1787575420.009,2026-08-24 17:43:40,2021-06-19 10:06:25.500,37.3527228300,-121.9157704800,20.3480,,,,
1787575420.110,2026-08-24 17:43:40,2021-06-19 10:06:25.700,37.3527231000,-121.9157691200,20.6850,,,,
1787575420.311,2026-08-24 17:43:40,2021-06-19 10:06:25.800,37.3527227100,-121.9157702600,20.5370,,,,
1787575420.412,2026-08-24 17:43:40,2021-06-19 10:06:25.900,37.3527228100,-121.9157703900,20.4340,,,,
1787575420.513,2026-08-24 17:43:40,2021-06-19 10:06:26.000,37.3527228500,-121.9157703100,20.4490,,,,
1787575420.615,2026-08-24 17:43:40,2021-06-19 10:06:26.100,37.3527230200,-121.9157696700,20.5830,,,,
1787575420.715,2026-08-24 17:43:40,2021-06-19 10:06:26.200,37.3527226000,-121.9157709500,20.3290,,,,
1787575420.816,2026-08-24 17:43:40,2021-06-19 10:06:26.400,37.3527224400,-121.9157701200,20.4930,,,,
1787575421.017,2026-08-24 17:43:41,2021-06-19 10:06:26.500,37.3527223300,-121.9157712500,20.1820,,,,
1787575421.118,2026-08-24 17:43:41,2021-06-19 10:06:26.600,37.3527222100,-121.9157711000,20.2660,,,,
1787575421.223,2026-08-24 17:43:41,2021-06-19 10:06:26.800,37.3527223200,-121.9157711200,20.3100,,,,
1787575421.328,2026-08-24 17:43:41,2021-06-19 10:06:26.900,37.3527224200,-121.9157711700,20.3000,,,,
1787575421.429,2026-08-24 17:43:41,2021-06-19 10:06:27.000,37.3527224100,-121.9157707400,20.3640,,,,
1787575421.531,2026-08-24 17:43:41,2021-06-19 10:06:27.100,37.3527228600,-121.9157706800,20.4800,,,,
1787575421.631,2026-08-24 17:43:41,2021-06-19 10:06:27.200,37.3527227400,-121.9157712100,20.3440,,,,
1787575421.732,2026-08-24 17:43:41,2021-06-19 10:06:27.300,37.3527226800,-121.9157704900,20.4400,,,,
1787575421.833,2026-08-24 17:43:41,2021-06-19 10:06:27.400,37.3527232200,-121.9157692500,20.6490,,,,
1787575421.934,2026-08-24 17:43:41,2021-06-19 10:06:27.500,37.3527231500,-121.9157700100,20.4380,,,,
1787575422.035,2026-08-24 17:43:42,2021-06-19 10:06:27.600,37.3527228600,-121.9157704500,20.4890,,,,
1787575422.135,2026-08-24 17:43:42,2021-06-19 10:06:27.700,37.3527231900,-121.9157693000,20.7350,,,,
1787575422.235,2026-08-24 17:43:42,2021-06-19 10:06:27.800,37.3527231700,-121.9157684600,20.8400,,,,
1787575422.336,2026-08-24 17:43:42,2021-06-19 10:06:27.900,37.3527231400,-121.9157686500,20.7690,,,,
1787575422.437,2026-08-24 17:43:42,2021-06-19 10:06:28.000,37.3527231800,-121.9157695300,20.7160,,,,
1787575422.538,2026-08-24 17:43:42,2021-06-19 10:06:28.100,37.3527236100,-121.9157686600,20.8700,,,,
1787575422.638,2026-08-24 17:43:42,2021-06-19 10:06:28.200,37.3527234200,-121.9157687400,20.7280,,,,
1787575422.739,2026-08-24 17:43:42,2021-06-19 10:06:28.300,37.3527232000,-121.9157685700,20.7540,,,,
1787575422.840,2026-08-24 17:43:42,2021-06-19 10:06:28.400,37.3527230200,-121.9157688000,20.8160,,,,
1787575422.943,2026-08-24 17:43:42,2021-06-19 10:06:28.500,37.3527228400,-121.9157703600,20.4360,,,,
1787575423.043,2026-08-24 17:43:43,2021-06-19 10:06:28.600,37.3527228000,-121.9157696300,20.5490,,,,
1787575423.144,2026-08-24 17:43:43,2021-06-19 10:06:28.700,37.3527230500,-121.9157691100,20.6690,,,,
1787575423.245,2026-08-24 17:43:43,2021-06-19 10:06:28.800,37.3527231400,-121.9157684100,20.7530,,,,
1787575423.345,2026-08-24 17:43:43,2021-06-19 10:06:28.900,37.3527231900,-121.9157695600,20.5830,,,,
1787575423.446,2026-08-24 17:43:43,2021-06-19 10:06:29.000,37.3527233200,-121.9157693300,20.5910,,,,
1787575423.547,2026-08-24 17:43:43,2021-06-19 10:06:29.100,37.3527237500,-121.9157684000,20.8140,,,,
1787575423.648,2026-08-24 17:43:43,2021-06-19 10:06:29.200,37.3527235700,-121.9157683700,20.6960,,,,
1787575423.749,2026-08-24 17:43:43,2021-06-19 10:06:29.300,37.3527232400,-121.9157692700,20.6130,,,,
1787575423.850,2026-08-24 17:43:43,2021-06-19 10:06:29.400,37.3527234400,-121.9157684800,20.8030,,,,
1787575423.951,2026-08-24 17:43:43,2021-06-19 10:06:29.500,37.3527231000,-121.9157695600,20.5330,,,,
1787575424.052,2026-08-24 17:43:44,2021-06-19 10:06:29.600,37.3527229200,-121.9157693400,20.5800,,,,
1787575424.153,2026-08-24 17:43:44,2021-06-19 10:06:29.700,37.3527229100,-121.9157696300,20.5250,,,,
1787575424.254,2026-08-24 17:43:44,2021-06-19 10:06:29.800,37.3527226700,-121.9157699700,20.5160,,,,
1787575424.355,2026-08-24 17:43:44,2021-06-19 10:06:29.900,37.3527225300,-121.9157703000,20.4080,,,,
1787575424.456,2026-08-24 17:43:44,2021-06-19 10:06:30.000,37.3527225400,-121.9157702500,20.4000,,,,
1787575424.557,2026-08-24 17:43:44,2021-06-19 10:06:30.100,37.3527229500,-121.9157689700,20.6840,,,,
1787575424.657,2026-08-24 17:43:44,2021-06-19 10:06:30.200,37.3527226700,-121.9157704300,20.4600,,,,
1787575424.758,2026-08-24 17:43:44,2021-06-19 10:06:30.300,37.3527225100,-121.9157701000,20.5090,,,,
1787575424.859,2026-08-24 17:43:44,2021-06-19 10:06:30.400,37.3527227600,-121.9157691500,20.6740,,,,
1787575424.959,2026-08-24 17:43:44,2021-06-19 10:06:30.500,37.3527226800,-121.9157695900,20.5350,,,,
1787575425.060,2026-08-24 17:43:45,2021-06-19 10:06:30.600,37.3527225200,-121.9157706700,20.4240,,,,
1787575425.161,2026-08-24 17:43:45,2021-06-19 10:06:30.700,37.3527225100,-121.9157709100,20.3900,,,,
1787575425.262,2026-08-24 17:43:45,2021-06-19 10:06:30.800,37.3527228900,-121.9157695900,20.6260,,,,
1787575425.362,2026-08-24 17:43:45,2021-06-19 10:06:30.900,37.3527226000,-121.9157702200,20.4670,,,,
1787575425.463,2026-08-24 17:43:45,2021-06-19 10:06:31.000,37.3527227400,-121.9157703600,20.4320,,,,
1787575425.564,2026-08-24 17:43:45,2021-06-19 10:06:31.100,37.3527231600,-121.9157698900,20.6480,,,,
1787575425.665,2026-08-24 17:43:45,2021-06-19 10:06:31.200,37.3527231000,-121.9157701400,20.5350,,,,
1787575425.765,2026-08-24 17:43:45,2021-06-19 10:06:31.300,37.3527228300,-121.9157698500,20.5890,,,,
1787575425.865,2026-08-24 17:43:45,2021-06-19 10:06:31.400,37.3527231400,-121.9157688100,20.7990,,,,
1787575425.966,2026-08-24 17:43:45,2021-06-19 10:06:31.500,37.3527229700,-121.9157699500,20.6330,,,,
1787575426.067,2026-08-24 17:43:46,2021-06-19 10:06:31.600,37.3527229200,-121.9157703400,20.5440,,,,
1787575426.168,2026-08-24 17:43:46,2021-06-19 10:06:31.700,37.3527229500,-121.9157700200,20.5320,,,,
1787575426.269,2026-08-24 17:43:46,2021-06-19 10:06:31.800,37.3527228400,-121.9157691100,20.6820,,,,
1787575426.370,2026-08-24 17:43:46,2021-06-19 10:06:31.900,37.3527222000,-121.9157701100,20.4530,,,,
1787575426.471,2026-08-24 17:43:46,2021-06-19 10:06:32.000,37.3527221400,-121.9157717300,20.1640,,,,
1787575426.571,2026-08-24 17:43:46,2021-06-19 10:06:32.100,37.3527223800,-121.9157705300,20.3760,,,,
1787575426.671,2026-08-24 17:43:46,2021-06-19 10:06:32.200,37.3527224300,-121.9157700800,20.4350,,,,
1787575426.772,2026-08-24 17:43:46,2021-06-19 10:06:32.300,37.3527219700,-121.9157698900,20.4590,,,,
1787575426.873,2026-08-24 17:43:46,2021-06-19 10:06:32.400,37.3527220200,-121.9157706100,20.4050,,,,
1787575426.973,2026-08-24 17:43:46,2021-06-19 10:06:32.500,37.3527223700,-121.9157701700,20.5140,,,,
1787575427.074,2026-08-24 17:43:47,2021-06-19 10:06:32.600,37.3527219500,-121.9157706400,20.3720,,,,
1787575427.175,2026-08-24 17:43:47,2021-06-19 10:06:32.700,37.3527220300,-121.9157704400,20.3380,,,,
1787575427.276,2026-08-24 17:43:47,2021-06-19 10:06:32.800,37.3527221800,-121.9157701900,20.4640,,,,
1787575427.376,2026-08-24 17:43:47,2021-06-19 10:06:32.900,37.3527219200,-121.9157710100,20.3560,,,,
1787575427.476,2026-08-24 17:43:47,2021-06-19 10:06:33.000,37.3527217300,-121.9157713200,20.1760,,,,
1787575427.576,2026-08-24 17:43:47,2021-06-19 10:06:33.100,37.3527219400,-121.9157708100,20.2400,,,,
1787575427.677,2026-08-24 17:43:47,2021-06-19 10:06:33.200,37.3527220900,-121.9157705700,20.3350,,,,
1787575427.777,2026-08-24 17:43:47,2021-06-19 10:06:33.300,37.3527216000,-121.9157716800,20.1630,,,,
1787575427.879,2026-08-24 17:43:47,2021-06-19 10:06:33.400,37.3527217600,-121.9157713000,20.1870,,,,
1787575427.979,2026-08-24 17:43:47,2021-06-19 10:06:33.500,37.3527222200,-121.9157707700,20.3250,,,,
1787575428.079,2026-08-24 17:43:48,2021-06-19 10:06:33.600,37.3527221600,-121.9157705500,20.3730,,,,
1787575428.180,2026-08-24 17:43:48,2021-06-19 10:06:33.700,37.3527221900,-121.9157710000,20.3040,,,,
1787575428.281,2026-08-24 17:43:48,2021-06-19 10:06:33.800,37.3527221700,-121.9157705700,20.4250,,,,
1787575428.381,2026-08-24 17:43:48,2021-06-19 10:06:33.900,37.3527221400,-121.9157699200,20.5980,,,,
1787575428.482,2026-08-24 17:43:48,2021-06-19 10:06:34.000,37.3527219600,-121.9157707500,20.3160,,,,
1787575428.582,2026-08-24 17:43:48,2021-06-19 10:06:34.100,37.3527219400,-121.9157708000,20.3110,,,,
1787575428.683,2026-08-24 17:43:48,2021-06-19 10:06:34.200,37.3527221700,-121.9157708900,20.4460,,,,
1787575428.784,2026-08-24 17:43:48,2021-06-19 10:06:34.300,37.3527219600,-121.9157705100,20.4660,,,,
1787575428.884,2026-08-24 17:43:48,2021-06-19 10:06:34.400,37.3527219300,-121.9157699300,20.5490,,,,
1787575428.986,2026-08-24 17:43:48,2021-06-19 10:06:34.500,37.3527221800,-121.9157693800,20.6480,,,,
1787575429.086,2026-08-24 17:43:49,2021-06-19 10:06:34.600,37.3527217700,-121.9157703600,20.6810,,,,
1787575429.186,2026-08-24 17:43:49,2021-06-19 10:06:34.700,37.3527214200,-121.9157706700,20.5500,,,,
1787575429.287,2026-08-24 17:43:49,2021-06-19 10:06:34.800,37.3527215700,-121.9157694900,20.7200,,,,
1787575429.388,2026-08-24 17:43:49,2021-06-19 10:06:34.900,37.3527218000,-121.9157682800,21.0260,,,,
1787575429.488,2026-08-24 17:43:49,2021-06-19 10:06:35.000,37.3527217400,-121.9157701700,20.6080,,,,
1787575429.589,2026-08-24 17:43:49,2021-06-19 10:06:35.100,37.3527216400,-121.9157706100,20.5270,,,,
1787575429.690,2026-08-24 17:43:49,2021-06-19 10:06:35.200,37.3527216100,-121.9157702800,20.5580,,,,
1787575429.791,2026-08-24 17:43:49,2021-06-19 10:06:35.300,37.3527212600,-121.9157700500,20.5940,,,,
1787575429.892,2026-08-24 17:43:49,2021-06-19 10:06:35.400,37.3527212200,-121.9157706100,20.4040,,,,
1787575429.993,2026-08-24 17:43:49,2021-06-19 10:06:35.500,37.3527209100,-121.9157719200,20.2290,,,,
1787575430.094,2026-08-24 17:43:50,2021-06-19 10:06:35.600,37.3527213400,-121.9157706400,20.5910,,,,
1787575430.195,2026-08-24 17:43:50,2021-06-19 10:06:35.700,37.3527212200,-121.9157705800,20.4780,,,,
1787575430.295,2026-08-24 17:43:50,2021-06-19 10:06:35.800,37.3527211000,-121.9157702800,20.5110,,,,
1787575430.396,2026-08-24 17:43:50,2021-06-19 10:06:35.900,37.3527212500,-121.9157701600,20.6760,,,,
1787575430.497,2026-08-24 17:43:50,2021-06-19 10:06:36.000,37.3527212600,-121.9157710600,20.5320,,,,
1787575430.598,2026-08-24 17:43:50,2021-06-19 10:06:36.100,37.3527212500,-121.9157708300,20.4900,,,,
1787575430.698,2026-08-24 17:43:50,2021-06-19 10:06:36.200,37.3527213300,-121.9157709300,20.4800,,,,
1787575430.799,2026-08-24 17:43:50,2021-06-19 10:06:36.300,37.3527204400,-121.9157727700,20.3100,,,,
1787575430.899,2026-08-24 17:43:50,2021-06-19 10:06:36.400,37.3527206000,-121.9157729600,20.1570,,,,
1787575430.999,2026-08-24 17:43:50,2021-06-19 10:06:36.500,37.3527205700,-121.9157731700,20.0470,,,,
1787575431.099,2026-08-24 17:43:51,2021-06-19 10:06:36.600,37.3527205700,-121.9157730000,20.1250,,,,
1787575431.200,2026-08-24 17:43:51,2021-06-19 10:06:36.700,37.3527205500,-121.9157728300,20.0860,,,,
1787575431.301,2026-08-24 17:43:51,2021-06-19 10:06:36.800,37.3527206200,-121.9157728700,20.0560,,,,
1787575431.402,2026-08-24 17:43:51,2021-06-19 10:06:36.900,37.3527205000,-121.9157728300,20.1170,,,,
1787575431.502,2026-08-24 17:43:51,2021-06-19 10:06:37.000,37.3527210100,-121.9157726900,20.1710,,,,
1787575431.603,2026-08-24 17:43:51,2021-06-19 10:06:37.100,37.3527210300,-121.9157724600,20.0890,,,,
1787575431.704,2026-08-24 17:43:51,2021-06-19 10:06:37.200,37.3527212200,-121.9157726400,20.0690,,,,
1787575431.805,2026-08-24 17:43:51,2021-06-19 10:06:37.300,37.3527211700,-121.9157725600,20.2230,,,,
1787575431.906,2026-08-24 17:43:51,2021-06-19 10:06:37.400,37.3527211300,-121.9157723800,20.1960,,,,
1787575432.007,2026-08-24 17:43:52,2021-06-19 10:06:37.500,37.3527210100,-121.9157724400,20.0840,,,,
1787575432.107,2026-08-24 17:43:52,2021-06-19 10:06:37.600,37.3527210400,-121.9157723200,20.1380,,,,
1787575432.208,2026-08-24 17:43:52,2021-06-19 10:06:37.700,37.3527213900,-121.9157722000,20.2950,,,,
1787575432.309,2026-08-24 17:43:52,2021-06-19 10:06:37.800,37.3527212600,-121.9157721900,20.1910,,,,
1787575432.409,2026-08-24 17:43:52,2021-06-19 10:06:37.900,37.3527211300,-121.9157721500,20.2360,,,,
1787575432.510,2026-08-24 17:43:52,2021-06-19 10:06:38.000,37.3527212400,-121.9157721400,20.2420,,,,
1787575432.610,2026-08-24 17:43:52,2021-06-19 10:06:38.100,37.3527212800,-121.9157720500,20.3100,,,,
1787575432.711,2026-08-24 17:43:52,2021-06-19 10:06:38.200,37.3527213200,-121.9157722900,20.2790,,,,
1787575432.812,2026-08-24 17:43:52,2021-06-19 10:06:38.300,37.3527210400,-121.9157722000,20.3530,,,,
1787575432.912,2026-08-24 17:43:52,2021-06-19 10:06:38.400,37.3527211500,-121.9157719600,20.4490,,,,
1787575433.012,2026-08-24 17:43:53,2021-06-19 10:06:38.500,37.3527211200,-121.9157721800,20.2450,,,,
1787575433.113,2026-08-24 17:43:53,2021-06-19 10:06:38.600,37.3527211300,-121.9157724100,20.2540,,,,
1787575433.215,2026-08-24 17:43:53,2021-06-19 10:06:38.700,37.3527208800,-121.9157723600,20.2700,,,,
1787575433.315,2026-08-24 17:43:53,2021-06-19 10:06:38.800,37.3527207500,-121.9157724400,20.2090,,,,
1787575433.415,2026-08-24 17:43:53,2021-06-19 10:06:38.900,37.3527205500,-121.9157724200,20.1260,,,,
1787575433.516,2026-08-24 17:43:53,2021-06-19 10:06:39.000,37.3527208600,-121.9157726600,20.0850,,,,
1787575433.617,2026-08-24 17:43:53,2021-06-19 10:06:39.100,37.3527210400,-121.9157723500,20.2620,,,,
1787575433.718,2026-08-24 17:43:53,2021-06-19 10:06:39.200,37.3527210800,-121.9157725300,20.1330,,,,
1787575433.819,2026-08-24 17:43:53,2021-06-19 10:06:39.300,37.3527208700,-121.9157724600,20.1150,,,,
1787575433.929,2026-08-24 17:43:53,2021-06-19 10:06:39.500,37.3527212500,-121.9157725700,20.1500,,,,
1787575434.037,2026-08-24 17:43:54,2021-06-19 10:06:39.600,37.3527213900,-121.9157725900,20.0950,,,,
1787575434.138,2026-08-24 17:43:54,2021-06-19 10:06:39.700,37.3527214200,-121.9157723600,20.0600,,,,
1787575434.239,2026-08-24 17:43:54,2021-06-19 10:06:39.800,37.3527213700,-121.9157721700,20.1430,,,,
1787575434.339,2026-08-24 17:43:54,2021-06-19 10:06:39.900,37.3527214100,-121.9157725600,20.0580,,,,
1787575434.440,2026-08-24 17:43:54,2021-06-19 10:06:40.000,37.3527214200,-121.9157727600,19.9120,,,,
1787575434.541,2026-08-24 17:43:54,2021-06-19 10:06:40.100,37.3527215100,-121.9157726100,19.9250,,,,
1787575434.642,2026-08-24 17:43:54,2021-06-19 10:06:40.200,37.3527214400,-121.9157726900,19.9530,,,,
1787575434.743,2026-08-24 17:43:54,2021-06-19 10:06:40.300,37.3527213000,-121.9157728700,19.8950,,,,
1787575434.843,2026-08-24 17:43:54,2021-06-19 10:06:40.400,37.3527214600,-121.9157728400,19.9260,,,,
1787575434.944,2026-08-24 17:43:54,2021-06-19 10:06:40.500,37.3527215400,-121.9157727600,20.0050,,,,
1787575435.044,2026-08-24 17:43:55,2021-06-19 10:06:40.600,37.3527214500,-121.9157730300,19.9690,,,,
1787575435.145,2026-08-24 17:43:55,2021-06-19 10:06:40.700,37.3527215800,-121.9157729200,19.9280,,,,
1787575435.245,2026-08-24 17:43:55,2021-06-19 10:06:40.800,37.3527216900,-121.9157728900,19.9870,,,,
1787575435.346,2026-08-24 17:43:55,2021-06-19 10:06:40.900,37.3527216100,-121.9157726800,20.0550,,,,
1787575435.446,2026-08-24 17:43:55,2021-06-19 10:06:41.000,37.3527219100,-121.9157728400,19.8750,,,,
1787575435.546,2026-08-24 17:43:55,2021-06-19 10:06:41.100,37.3527218000,-121.9157726200,19.8870,,,,
1787575435.647,2026-08-24 17:43:55,2021-06-19 10:06:41.200,37.3527217200,-121.9157726400,20.0030,,,,
1787575435.748,2026-08-24 17:43:55,2021-06-19 10:06:41.300,37.3527214900,-121.9157726400,20.0090,,,,
1787575435.849,2026-08-24 17:43:55,2021-06-19 10:06:41.400,37.3527215900,-121.9157725100,19.9870,,,,
1787575435.950,2026-08-24 17:43:55,2021-06-19 10:06:41.500,37.3527217100,-121.9157724300,19.9860,,,,
1787575436.050,2026-08-24 17:43:56,2021-06-19 10:06:41.600,37.3527217600,-121.9157724900,20.1550,,,,
1787575436.151,2026-08-24 17:43:56,2021-06-19 10:06:41.700,37.3527219200,-121.9157726100,20.1040,,,,
1787575436.252,2026-08-24 17:43:56,2021-06-19 10:06:41.800,37.3527216200,-121.9157724700,20.1360,,,,
1787575436.352,2026-08-24 17:43:56,2021-06-19 10:06:41.900,37.3527216300,-121.9157722800,20.2880,,,,
1787575436.453,2026-08-24 17:43:56,2021-06-19 10:06:42.000,37.3527215500,-121.9157723600,20.1840,,,,
1787575436.554,2026-08-24 17:43:56,2021-06-19 10:06:42.100,37.3527218100,-121.9157726100,20.1410,,,,
1787575436.655,2026-08-24 17:43:56,2021-06-19 10:06:42.200,37.3527217400,-121.9157725700,20.1180,,,,
1787575436.756,2026-08-24 17:43:56,2021-06-19 10:06:42.300,37.3527214600,-121.9157724100,20.1550,,,,
1787575436.857,2026-08-24 17:43:56,2021-06-19 10:06:42.400,37.3527214500,-121.9157724700,19.9780,,,,
1787575436.957,2026-08-24 17:43:56,2021-06-19 10:06:42.500,37.3527217100,-121.9157727000,19.9070,,,,
1787575437.057,2026-08-24 17:43:57,2021-06-19 10:06:42.600,37.3527218300,-121.9157728800,20.0260,,,,
1787575437.158,2026-08-24 17:43:57,2021-06-19 10:06:42.700,37.3527218600,-121.9157726700,20.0770,,,,
1787575437.258,2026-08-24 17:43:57,2021-06-19 10:06:42.800,37.3527214800,-121.9157726800,20.0200,,,,
1787575437.359,2026-08-24 17:43:57,2021-06-19 10:06:42.900,37.3527214000,-121.9157728200,20.0240,,,,
1787575437.460,2026-08-24 17:43:57,2021-06-19 10:06:43.000,37.3527218700,-121.9157728700,20.1090,,,,
1787575437.561,2026-08-24 17:43:57,2021-06-19 10:06:43.100,37.3527216100,-121.9157728800,20.0410,,,,
1787575437.661,2026-08-24 17:43:57,2021-06-19 10:06:43.200,37.3527215200,-121.9157728000,19.9640,,,,
1787575437.762,2026-08-24 17:43:57,2021-06-19 10:06:43.300,37.3527215700,-121.9157727800,19.9910,,,,
1787575437.863,2026-08-24 17:43:57,2021-06-19 10:06:43.400,37.3527218900,-121.9157726000,20.0680,,,,
1787575437.963,2026-08-24 17:43:57,2021-06-19 10:06:43.500,37.3527219300,-121.9157728800,19.9000,,,,
1787575438.064,2026-08-24 17:43:58,2021-06-19 10:06:43.600,37.3527218000,-121.9157729800,19.9170,,,,
1787575438.164,2026-08-24 17:43:58,2021-06-19 10:06:43.700,37.3527218100,-121.9157727800,19.9630,,,,
1787575438.265,2026-08-24 17:43:58,2021-06-19 10:06:43.800,37.3527214900,-121.9157727500,19.9530,,,,
1787575438.366,2026-08-24 17:43:58,2021-06-19 10:06:43.900,37.3527215900,-121.9157729600,19.9260,,,,
1787575438.467,2026-08-24 17:43:58,2021-06-19 10:06:44.000,37.3527216100,-121.9157728500,19.9000,,,,
1787575438.568,2026-08-24 17:43:58,2021-06-19 10:06:44.100,37.3527218100,-121.9157727100,20.0810,,,,
1787575438.669,2026-08-24 17:43:58,2021-06-19 10:06:44.200,37.3527216600,-121.9157728400,19.9740,,,,
1787575438.770,2026-08-24 17:43:58,2021-06-19 10:06:44.300,37.3527217800,-121.9157730200,19.9870,,,,
1787575438.870,2026-08-24 17:43:58,2021-06-19 10:06:44.400,37.3527217300,-121.9157728900,20.0410,,,,
1787575438.971,2026-08-24 17:43:58,2021-06-19 10:06:44.500,37.3527220800,-121.9157729100,20.0040,,,,
1787575439.072,2026-08-24 17:43:59,2021-06-19 10:06:44.600,37.3527217600,-121.9157729200,19.9730,,,,
1787575439.173,2026-08-24 17:43:59,2021-06-19 10:06:44.700,37.3527222000,-121.9157728800,19.9620,,,,
1787575439.274,2026-08-24 17:43:59,2021-06-19 10:06:44.800,37.3527219400,-121.9157729400,20.0900,,,,
1787575439.375,2026-08-24 17:43:59,2021-06-19 10:06:44.900,37.3527218000,-121.9157731800,20.0120,,,,
1787575439.475,2026-08-24 17:43:59,2021-06-19 10:06:45.000,37.3527217600,-121.9157730700,19.9640,,,,
1787575439.576,2026-08-24 17:43:59,2021-06-19 10:06:45.100,37.3527217700,-121.9157728800,20.0520,,,,
1787575439.676,2026-08-24 17:43:59,2021-06-19 10:06:45.200,37.3527219000,-121.9157729300,20.1980,,,,
1787575439.777,2026-08-24 17:43:59,2021-06-19 10:06:45.300,37.3527217400,-121.9157729900,20.1320,,,,
1787575439.878,2026-08-24 17:43:59,2021-06-19 10:06:45.400,37.3527215000,-121.9157729000,20.1060,,,,
1787575439.978,2026-08-24 17:43:59,2021-06-19 10:06:45.500,37.3527218100,-121.9157727800,20.1890,,,,
1787575440.078,2026-08-24 17:44:00,2021-06-19 10:06:45.600,37.3527216300,-121.9157730600,20.2270,,,,
1787575440.179,2026-08-24 17:44:00,2021-06-19 10:06:45.700,37.3527217300,-121.9157731700,20.1220,,,,
1787575440.280,2026-08-24 17:44:00,2021-06-19 10:06:45.800,37.3527215100,-121.9157730000,20.1030,,,,
1787575440.380,2026-08-24 17:44:00,2021-06-19 10:06:45.900,37.3527214000,-121.9157731400,20.1360,,,,
1787575440.480,2026-08-24 17:44:00,2021-06-19 10:06:46.000,37.3527217300,-121.9157731700,19.9230,,,,
1787575440.581,2026-08-24 17:44:00,2021-06-19 10:06:46.100,37.3527219300,-121.9157732900,19.8930,,,,
1787575440.681,2026-08-24 17:44:00,2021-06-19 10:06:46.200,37.3527218300,-121.9157732400,19.9590,,,,
1787575440.781,2026-08-24 17:44:00,2021-06-19 10:06:46.300,37.3527215900,-121.9157731800,20.0130,,,,
1787575440.882,2026-08-24 17:44:00,2021-06-19 10:06:46.400,37.3527215300,-121.9157731800,19.8960,,,,
1787575440.983,2026-08-24 17:44:00,2021-06-19 10:06:46.500,37.3527219200,-121.9157732400,19.8590,,,,
1787575441.084,2026-08-24 17:44:01,2021-06-19 10:06:46.600,37.3527219000,-121.9157732000,20.0490,,,,
1787575441.185,2026-08-24 17:44:01,2021-06-19 10:06:46.700,37.3527220800,-121.9157729800,19.9960,,,,
1787575441.286,2026-08-24 17:44:01,2021-06-19 10:06:46.800,37.3527218900,-121.9157728600,19.9120,,,,
1787575441.387,2026-08-24 17:44:01,2021-06-19 10:06:46.900,37.3527217400,-121.9157730500,19.9080,,,,
1787575441.488,2026-08-24 17:44:01,2021-06-19 10:06:47.000,37.3527220100,-121.9157729400,20.0100,,,,
1787575441.589,2026-08-24 17:44:01,2021-06-19 10:06:47.100,37.3527220000,-121.9157729700,19.8620,,,,
1787575441.689,2026-08-24 17:44:01,2021-06-19 10:06:47.200,37.3527218200,-121.9157730500,19.8180,,,,
1787575441.790,2026-08-24 17:44:01,2021-06-19 10:06:47.300,37.3527217100,-121.9157728900,19.8520,,,,
1787575441.891,2026-08-24 17:44:01,2021-06-19 10:06:47.400,37.3527218000,-121.9157729200,19.8960,,,,
1787575441.992,2026-08-24 17:44:01,2021-06-19 10:06:47.500,37.3527220600,-121.9157731200,19.7750,,,,
1787575442.092,2026-08-24 17:44:02,2021-06-19 10:06:47.600,37.3527216500,-121.9157730400,19.8170,,,,
1787575442.193,2026-08-24 17:44:02,2021-06-19 10:06:47.700,37.3527215600,-121.9157728400,19.8750,,,,
1787575442.294,2026-08-24 17:44:02,2021-06-19 10:06:47.800,37.3527213800,-121.9157727600,19.9060,,,,
1787575442.399,2026-08-24 17:44:02,2021-06-19 10:06:48.000,37.3527213700,-121.9157729200,19.8770,,,,
1787575442.600,2026-08-24 17:44:02,2021-06-19 10:06:48.100,37.3527213700,-121.9157728000,20.0340,,,,
1787575442.701,2026-08-24 17:44:02,2021-06-19 10:06:48.200,37.3527211600,-121.9157728900,19.9140,,,,
1787575442.801,2026-08-24 17:44:02,2021-06-19 10:06:48.300,37.3527211100,-121.9157729300,19.9370,,,,
1787575442.902,2026-08-24 17:44:02,2021-06-19 10:06:48.400,37.3527212200,-121.9157728000,19.9430,,,,
1787575443.003,2026-08-24 17:44:03,2021-06-19 10:06:48.500,37.3527214400,-121.9157726200,19.9770,,,,
1787575443.103,2026-08-24 17:44:03,2021-06-19 10:06:48.600,37.3527212300,-121.9157726900,19.9610,,,,
1787575443.204,2026-08-24 17:44:03,2021-06-19 10:06:48.700,37.3527215500,-121.9157726500,19.9830,,,,
1787575443.304,2026-08-24 17:44:03,2021-06-19 10:06:48.800,37.3527213800,-121.9157723200,20.1250,,,,
1787575443.405,2026-08-24 17:44:03,2021-06-19 10:06:48.900,37.3527212200,-121.9157722900,20.1220,,,,
1787575443.506,2026-08-24 17:44:03,2021-06-19 10:06:49.000,37.3527213800,-121.9157724500,20.0250,,,,
1787575443.606,2026-08-24 17:44:03,2021-06-19 10:06:49.100,37.3527213500,-121.9157723000,20.0830,,,,
1787575443.707,2026-08-24 17:44:03,2021-06-19 10:06:49.200,37.3527214500,-121.9157722900,20.2620,,,,
1787575443.808,2026-08-24 17:44:03,2021-06-19 10:06:49.300,37.3527212400,-121.9157722400,20.1710,,,,
1787575443.909,2026-08-24 17:44:03,2021-06-19 10:06:49.400,37.3527212000,-121.9157722800,20.0790,,,,
1787575444.010,2026-08-24 17:44:04,2021-06-19 10:06:49.500,37.3527212700,-121.9157723400,19.9970,,,,
1787575444.110,2026-08-24 17:44:04,2021-06-19 10:06:49.600,37.3527213100,-121.9157724800,20.1280,,,,
1787575444.211,2026-08-24 17:44:04,2021-06-19 10:06:49.700,37.3527212500,-121.9157725700,19.9930,,,,
1787575444.311,2026-08-24 17:44:04,2021-06-19 10:06:49.800,37.3527209600,-121.9157724500,20.0020,,,,
1787575444.412,2026-08-24 17:44:04,2021-06-19 10:06:49.900,37.3527210100,-121.9157724400,20.0400,,,,
1787575444.513,2026-08-24 17:44:04,2021-06-19 10:06:50.000,37.3527211500,-121.9157724600,20.0020,,,,
1787575444.613,2026-08-24 17:44:04,2021-06-19 10:06:50.100,37.3527216300,-121.9157725000,19.9940,,,,
1787575444.714,2026-08-24 17:44:04,2021-06-19 10:06:50.200,37.3527215100,-121.9157724400,20.0330,,,,
1787575444.814,2026-08-24 17:44:04,2021-06-19 10:06:50.300,37.3527215000,-121.9157720100,20.1880,,,,
1787575444.915,2026-08-24 17:44:04,2021-06-19 10:06:50.400,37.3527214900,-121.9157720100,20.0870,,,,
1787575445.016,2026-08-24 17:44:05,2021-06-19 10:06:50.500,37.3527218300,-121.9157722800,19.9910,,,,
1787575445.120,2026-08-24 17:44:05,2021-06-19 10:06:50.600,37.3527217200,-121.9157722500,20.0720,,,,
1787575445.221,2026-08-24 17:44:05,2021-06-19 10:06:50.700,37.3527218800,-121.9157721700,20.1040,,,,
1787575445.323,2026-08-24 17:44:05,2021-06-19 10:06:50.900,37.3527215700,-121.9157722400,19.9410,,,,
1787575445.424,2026-08-24 17:44:05,2021-06-19 10:06:51.000,37.3527218500,-121.9157724400,19.9140,,,,
1787575445.523,2026-08-24 17:44:05,2021-06-19 10:06:51.100,37.3527217500,-121.9157723100,19.9510,,,,
1787575445.624,2026-08-24 17:44:05,2021-06-19 10:06:51.200,37.3527216300,-121.9157724700,19.8720,,,,
1787575445.734,2026-08-24 17:44:05,2021-06-19 10:06:51.300,37.3527215500,-121.9157724400,19.9030,,,,
1787575445.835,2026-08-24 17:44:05,2021-06-19 10:06:51.400,37.3527217000,-121.9157723700,20.0080,,,,
1787575445.936,2026-08-24 17:44:05,2021-06-19 10:06:51.500,37.3527219900,-121.9157726000,19.8880,,,,
1787575446.037,2026-08-24 17:44:06,2021-06-19 10:06:51.600,37.3527217300,-121.9157725500,19.9110,,,,
1787575446.138,2026-08-24 17:44:06,2021-06-19 10:06:51.700,37.3527219300,-121.9157724500,19.9200,,,,
1787575446.238,2026-08-24 17:44:06,2021-06-19 10:06:51.800,37.3527219900,-121.9157722500,20.0810,,,,
1787575446.339,2026-08-24 17:44:06,2021-06-19 10:06:51.900,37.3527219600,-121.9157725300,20.0030,,,,
1787575446.440,2026-08-24 17:44:06,2021-06-19 10:06:52.000,37.3527219800,-121.9157727600,19.8220,,,,
1787575446.540,2026-08-24 17:44:06,2021-06-19 10:06:52.100,37.3527222700,-121.9157725200,19.9050,,,,
1787575446.641,2026-08-24 17:44:06,2021-06-19 10:06:52.200,37.3527221800,-121.9157723000,20.0070,,,,
1787575446.742,2026-08-24 17:44:06,2021-06-19 10:06:52.300,37.3527222000,-121.9157724800,19.9840,,,,
1787575446.843,2026-08-24 17:44:06,2021-06-19 10:06:52.400,37.3527221000,-121.9157724200,19.9900,,,,
1787575446.944,2026-08-24 17:44:06,2021-06-19 10:06:52.500,37.3527221300,-121.9157725200,19.9880,,,,
1787575447.045,2026-08-24 17:44:07,2021-06-19 10:06:52.600,37.3527221600,-121.9157723400,20.1250,,,,
1787575447.146,2026-08-24 17:44:07,2021-06-19 10:06:52.700,37.3527224200,-121.9157726100,20.0410,,,,
1787575447.247,2026-08-24 17:44:07,2021-06-19 10:06:52.800,37.3527222600,-121.9157724600,20.0960,,,,
1787575447.347,2026-08-24 17:44:07,2021-06-19 10:06:52.900,37.3527221200,-121.9157724100,20.2420,,,,
1787575447.448,2026-08-24 17:44:07,2021-06-19 10:06:53.000,37.3527220800,-121.9157726100,20.1380,,,,
1787575447.549,2026-08-24 17:44:07,2021-06-19 10:06:53.100,37.3527222500,-121.9157725300,20.0820,,,,
1787575447.649,2026-08-24 17:44:07,2021-06-19 10:06:53.200,37.3527223800,-121.9157727200,20.0920,,,,
1787575447.749,2026-08-24 17:44:07,2021-06-19 10:06:53.300,37.3527220700,-121.9157725400,20.1470,,,,
1787575447.850,2026-08-24 17:44:07,2021-06-19 10:06:53.400,37.3527217800,-121.9157725500,19.9710,,,,
1787575447.950,2026-08-24 17:44:07,2021-06-19 10:06:53.500,37.3527220600,-121.9157727900,19.8380,,,,
1787575448.051,2026-08-24 17:44:08,2021-06-19 10:06:53.600,37.3527220500,-121.9157728500,19.9760,,,,
1787575448.152,2026-08-24 17:44:08,2021-06-19 10:06:53.700,37.3527222100,-121.9157727100,20.0560,,,,
1787575448.252,2026-08-24 17:44:08,2021-06-19 10:06:53.800,37.3527218900,-121.9157725900,19.9300,,,,
1787575448.353,2026-08-24 17:44:08,2021-06-19 10:06:53.900,37.3527216900,-121.9157727200,19.9290,,,,
1787575448.454,2026-08-24 17:44:08,2021-06-19 10:06:54.000,37.3527218500,-121.9157729400,19.9500,,,,
1787575448.555,2026-08-24 17:44:08,2021-06-19 10:06:54.100,37.3527220600,-121.9157729000,20.0080,,,,
1787575448.656,2026-08-24 17:44:08,2021-06-19 10:06:54.200,37.3527220000,-121.9157728100,19.9290,,,,
1787575448.756,2026-08-24 17:44:08,2021-06-19 10:06:54.300,37.3527218700,-121.9157729300,19.8960,,,,
1787575448.856,2026-08-24 17:44:08,2021-06-19 10:06:54.400,37.3527218900,-121.9157727800,19.9650,,,,
1787575448.957,2026-08-24 17:44:08,2021-06-19 10:06:54.500,37.3527220200,-121.9157731200,19.8720,,,,
1787575449.057,2026-08-24 17:44:09,2021-06-19 10:06:54.600,37.3527217800,-121.9157732700,19.8250,,,,
1787575449.158,2026-08-24 17:44:09,2021-06-19 10:06:54.700,37.3527217500,-121.9157732600,19.7850,,,,
1787575449.258,2026-08-24 17:44:09,2021-06-19 10:06:54.800,37.3527215100,-121.9157731300,19.8190,,,,
1787575449.359,2026-08-24 17:44:09,2021-06-19 10:06:54.900,37.3527216800,-121.9157733100,19.8120,,,,
1787575449.460,2026-08-24 17:44:09,2021-06-19 10:06:55.000,37.3527216000,-121.9157737800,19.6890,,,,
1787575449.561,2026-08-24 17:44:09,2021-06-19 10:06:55.100,37.3527216600,-121.9157735000,19.7630,,,,
1787575449.661,2026-08-24 17:44:09,2021-06-19 10:06:55.200,37.3527216700,-121.9157733400,19.9420,,,,
1787575449.762,2026-08-24 17:44:09,2021-06-19 10:06:55.300,37.3527212300,-121.9157734700,19.8650,,,,
1787575449.863,2026-08-24 17:44:09,2021-06-19 10:06:55.400,37.3527214900,-121.9157733400,19.8780,,,,
1787575449.964,2026-08-24 17:44:09,2021-06-19 10:06:55.500,37.3527216300,-121.9157733800,19.8610,,,,
1787575450.065,2026-08-24 17:44:10,2021-06-19 10:06:55.600,37.3527215300,-121.9157733700,20.0100,,,,
1787575450.165,2026-08-24 17:44:10,2021-06-19 10:06:55.700,37.3527214700,-121.9157734100,19.8720,,,,
1787575450.267,2026-08-24 17:44:10,2021-06-19 10:06:55.800,37.3527215700,-121.9157733800,19.8900,,,,
1787575450.368,2026-08-24 17:44:10,2021-06-19 10:06:55.900,37.3527215100,-121.9157733300,19.9700,,,,
1787575450.468,2026-08-24 17:44:10,2021-06-19 10:06:56.000,37.3527214400,-121.9157732900,19.9780,,,,
1787575450.569,2026-08-24 17:44:10,2021-06-19 10:06:56.100,37.3527214400,-121.9157732500,19.9520,,,,
1787575450.669,2026-08-24 17:44:10,2021-06-19 10:06:56.200,37.3527214900,-121.9157732100,20.0000,,,,
1787575450.770,2026-08-24 17:44:10,2021-06-19 10:06:56.300,37.3527216600,-121.9157732200,20.1260,,,,
1787575450.871,2026-08-24 17:44:10,2021-06-19 10:06:56.400,37.3527217600,-121.9157730800,20.1210,,,,
1787575450.972,2026-08-24 17:44:10,2021-06-19 10:06:56.500,37.3527219200,-121.9157731300,20.0350,,,,
1787575451.073,2026-08-24 17:44:11,2021-06-19 10:06:56.600,37.3527218000,-121.9157730300,20.1310,,,,
1787575451.174,2026-08-24 17:44:11,2021-06-19 10:06:56.700,37.3527217600,-121.9157729900,20.3310,,,,
1787575451.274,2026-08-24 17:44:11,2021-06-19 10:06:56.800,37.3527214300,-121.9157729700,20.2500,,,,
1787575451.375,2026-08-24 17:44:11,2021-06-19 10:06:56.900,37.3527213700,-121.9157729000,20.1720,,,,
1787575451.475,2026-08-24 17:44:11,2021-06-19 10:06:57.000,37.3527214000,-121.9157729900,20.0990,,,,
1787575451.576,2026-08-24 17:44:11,2021-06-19 10:06:57.100,37.3527216300,-121.9157729200,20.2000,,,,
1787575451.677,2026-08-24 17:44:11,2021-06-19 10:06:57.200,37.3527216900,-121.9157730200,20.0540,,,,
1787575451.778,2026-08-24 17:44:11,2021-06-19 10:06:57.300,37.3527209600,-121.9157731500,19.9930,,,,
1787575451.879,2026-08-24 17:44:11,2021-06-19 10:06:57.400,37.3527209800,-121.9157728800,20.0630,,,,
1787575451.980,2026-08-24 17:44:11,2021-06-19 10:06:57.500,37.3527212700,-121.9157727800,20.1110,,,,
1787575452.081,2026-08-24 17:44:12,2021-06-19 10:06:57.600,37.3527212900,-121.9157731200,20.0860,,,,
1787575452.182,2026-08-24 17:44:12,2021-06-19 10:06:57.700,37.3527212300,-121.9157731000,20.0600,,,,
1787575452.282,2026-08-24 17:44:12,2021-06-19 10:06:57.800,37.3527213700,-121.9157728900,20.1080,,,,
1787575452.383,2026-08-24 17:44:12,2021-06-19 10:06:57.900,37.3527213200,-121.9157727200,20.1770,,,,
1787575452.484,2026-08-24 17:44:12,2021-06-19 10:06:58.000,37.3527213800,-121.9157730400,20.0640,,,,
1787575452.585,2026-08-24 17:44:12,2021-06-19 10:06:58.100,37.3527214900,-121.9157731000,20.0250,,,,
1787575452.686,2026-08-24 17:44:12,2021-06-19 10:06:58.200,37.3527213400,-121.9157729000,20.0910,,,,
1787575452.787,2026-08-24 17:44:12,2021-06-19 10:06:58.300,37.3527210700,-121.9157730000,20.1140,,,,
1787575452.887,2026-08-24 17:44:12,2021-06-19 10:06:58.400,37.3527212300,-121.9157729700,19.9900,,,,
1787575452.988,2026-08-24 17:44:12,2021-06-19 10:06:58.500,37.3527215500,-121.9157731900,19.9240,,,,
1787575453.088,2026-08-24 17:44:13,2021-06-19 10:06:58.600,37.3527215800,-121.9157731500,19.9750,,,,
1787575453.189,2026-08-24 17:44:13,2021-06-19 10:06:58.700,37.3527215100,-121.9157730300,19.9780,,,,
1787575453.289,2026-08-24 17:44:13,2021-06-19 10:06:58.800,37.3527212000,-121.9157731200,19.8760,,,,
1787575453.389,2026-08-24 17:44:13,2021-06-19 10:06:58.900,37.3527213700,-121.9157731700,19.9260,,,,
1787575453.490,2026-08-24 17:44:13,2021-06-19 10:06:59.000,37.3527211200,-121.9157733500,20.0030,,,,
1787575453.591,2026-08-24 17:44:13,2021-06-19 10:06:59.100,37.3527212200,-121.9157732300,20.0080,,,,
1787575453.692,2026-08-24 17:44:13,2021-06-19 10:06:59.200,37.3527213300,-121.9157730500,19.9270,,,,
1787575453.792,2026-08-24 17:44:13,2021-06-19 10:06:59.300,37.3527209600,-121.9157730700,20.0220,,,,
1787575453.893,2026-08-24 17:44:13,2021-06-19 10:06:59.400,37.3527212800,-121.9157730000,20.1850,,,,
1787575453.994,2026-08-24 17:44:13,2021-06-19 10:06:59.500,37.3527214800,-121.9157730900,20.0210,,,,
1787575454.094,2026-08-24 17:44:14,2021-06-19 10:06:59.600,37.3527211400,-121.9157730000,19.9990,,,,
1787575454.195,2026-08-24 17:44:14,2021-06-19 10:06:59.700,37.3527211200,-121.9157727300,20.0300,,,,
1787575454.296,2026-08-24 17:44:14,2021-06-19 10:06:59.800,37.3527211400,-121.9157724800,20.2210,,,,
1787575454.396,2026-08-24 17:44:14,2021-06-19 10:06:59.900,37.3527209300,-121.9157726600,20.1610,,,,
1787575454.498,2026-08-24 17:44:14,2021-06-19 10:07:00.000,37.3527210600,-121.9157727500,20.0870,,,,
1787575454.598,2026-08-24 17:44:14,2021-06-19 10:07:00.100,37.3527208200,-121.9157726100,20.1740,,,,
1787575454.699,2026-08-24 17:44:14,2021-06-19 10:07:00.200,37.3527211600,-121.9157723800,20.3020,,,,
1787575454.800,2026-08-24 17:44:14,2021-06-19 10:07:00.300,37.3527208500,-121.9157725700,20.2930,,,,
1787575454.900,2026-08-24 17:44:14,2021-06-19 10:07:00.400,37.3527208300,-121.9157724000,20.2540,,,,
1787575455.001,2026-08-24 17:44:15,2021-06-19 10:07:00.500,37.3527211000,-121.9157723500,20.2890,,,,
1787575455.101,2026-08-24 17:44:15,2021-06-19 10:07:00.600,37.3527210600,-121.9157722700,20.4240,,,,
1787575455.201,2026-08-24 17:44:15,2021-06-19 10:07:00.700,37.3527210500,-121.9157723400,20.3740,,,,
1787575455.303,2026-08-24 17:44:15,2021-06-19 10:07:00.800,37.3527209900,-121.9157722900,20.2900,,,,
1787575455.404,2026-08-24 17:44:15,2021-06-19 10:07:00.900,37.3527209400,-121.9157721500,20.3080,,,,
1787575455.504,2026-08-24 17:44:15,2021-06-19 10:07:01.000,37.3527209700,-121.9157723700,20.2340,,,,
1787575455.605,2026-08-24 17:44:15,2021-06-19 10:07:01.100,37.3527209800,-121.9157726200,20.1620,,,,
1787575455.706,2026-08-24 17:44:15,2021-06-19 10:07:01.200,37.3527211200,-121.9157727200,20.1100,,,,
1787575455.806,2026-08-24 17:44:15,2021-06-19 10:07:01.300,37.3527207200,-121.9157726600,20.1580,,,,
1787575455.907,2026-08-24 17:44:15,2021-06-19 10:07:01.400,37.3527207100,-121.9157726900,20.1960,,,,
1787575456.007,2026-08-24 17:44:16,2021-06-19 10:07:01.500,37.3527207200,-121.9157727000,20.0780,,,,
1787575456.108,2026-08-24 17:44:16,2021-06-19 10:07:01.600,37.3527211300,-121.9157728300,20.1000,,,,
1787575456.209,2026-08-24 17:44:16,2021-06-19 10:07:01.700,37.3527209600,-121.9157726600,20.2260,,,,
1787575456.310,2026-08-24 17:44:16,2021-06-19 10:07:01.800,37.3527209600,-121.9157725900,20.2250,,,,
1787575456.411,2026-08-24 17:44:16,2021-06-19 10:07:01.900,37.3527210000,-121.9157724800,20.1180,,,,
1787575456.512,2026-08-24 17:44:16,2021-06-19 10:07:02.000,37.3527212600,-121.9157729600,20.0690,,,,
1787575456.612,2026-08-24 17:44:16,2021-06-19 10:07:02.100,37.3527214300,-121.9157729300,20.1860,,,,
1787575456.714,2026-08-24 17:44:16,2021-06-19 10:07:02.200,37.3527214600,-121.9157727300,20.1750,,,,
1787575456.814,2026-08-24 17:44:16,2021-06-19 10:07:02.300,37.3527210200,-121.9157728400,20.0920,,,,
1787575456.914,2026-08-24 17:44:16,2021-06-19 10:07:02.400,37.3527209200,-121.9157730500,20.0420,,,,
1787575457.015,2026-08-24 17:44:17,2021-06-19 10:07:02.500,37.3527212800,-121.9157729900,20.0610,,,,
1787575457.116,2026-08-24 17:44:17,2021-06-19 10:07:02.700,37.3527213900,-121.9157728000,20.0100,,,,
1787575457.317,2026-08-24 17:44:17,2021-06-19 10:07:02.800,37.3527214200,-121.9157727500,20.0210,,,,
1787575457.418,2026-08-24 17:44:17,2021-06-19 10:07:02.900,37.3527215100,-121.9157726600,20.1690,,,,
1787575457.518,2026-08-24 17:44:17,2021-06-19 10:07:03.000,37.3527216800,-121.9157728900,20.0950,,,,
1787575457.619,2026-08-24 17:44:17,2021-06-19 10:07:03.100,37.3527214900,-121.9157729200,20.0520,,,,
1787575457.720,2026-08-24 17:44:17,2021-06-19 10:07:03.200,37.3527213800,-121.9157727500,20.0440,,,,
1787575457.821,2026-08-24 17:44:17,2021-06-19 10:07:03.300,37.3527212400,-121.9157726400,20.1640,,,,
1787575457.922,2026-08-24 17:44:17,2021-06-19 10:07:03.500,37.3527213000,-121.9157726800,20.0280,,,,
1787575458.022,2026-08-24 17:44:18,2021-06-19 10:07:03.600,37.3527213000,-121.9157726400,20.0590,,,,
1787575458.132,2026-08-24 17:44:18,2021-06-19 10:07:03.700,37.3527212800,-121.9157725800,20.2040,,,,
1787575458.236,2026-08-24 17:44:18,2021-06-19 10:07:03.800,37.3527214700,-121.9157727200,20.1860,,,,
1787575458.337,2026-08-24 17:44:18,2021-06-19 10:07:03.900,37.3527214300,-121.9157725600,20.1610,,,,
1787575458.440,2026-08-24 17:44:18,2021-06-19 10:07:04.000,37.3527216100,-121.9157726600,20.1550,,,,
1787575458.542,2026-08-24 17:44:18,2021-06-19 10:07:04.100,37.3527215900,-121.9157724000,20.3120,,,,
1787575458.643,2026-08-24 17:44:18,2021-06-19 10:07:04.200,37.3527218500,-121.9157725100,20.2530,,,,
1787575458.744,2026-08-24 17:44:18,2021-06-19 10:07:04.300,37.3527216900,-121.9157726000,20.2470,,,,
1787575458.844,2026-08-24 17:44:18,2021-06-19 10:07:04.400,37.3527216700,-121.9157726100,20.2680,,,,
1787575458.945,2026-08-24 17:44:18,2021-06-19 10:07:04.500,37.3527219400,-121.9157723500,20.3670,,,,
1787575459.045,2026-08-24 17:44:19,2021-06-19 10:07:04.600,37.3527219900,-121.9157725400,20.2840,,,,
1787575459.146,2026-08-24 17:44:19,2021-06-19 10:07:04.700,37.3527218600,-121.9157727900,20.2590,,,,
1787575459.247,2026-08-24 17:44:19,2021-06-19 10:07:04.800,37.3527217700,-121.9157726800,20.2260,,,,
1787575459.347,2026-08-24 17:44:19,2021-06-19 10:07:04.900,37.3527214100,-121.9157726200,20.2120,,,,
1787575459.448,2026-08-24 17:44:19,2021-06-19 10:07:05.000,37.3527215100,-121.9157728700,20.0610,,,,
1787575459.549,2026-08-24 17:44:19,2021-06-19 10:07:05.100,37.3527214300,-121.9157728700,20.0690,,,,
1787575459.650,2026-08-24 17:44:19,2021-06-19 10:07:05.200,37.3527215700,-121.9157728900,20.0600,,,,
1787575459.751,2026-08-24 17:44:19,2021-06-19 10:07:05.300,37.3527214900,-121.9157725400,20.1750,,,,
1787575459.852,2026-08-24 17:44:19,2021-06-19 10:07:05.400,37.3527214600,-121.9157725800,20.1390,,,,
1787575459.953,2026-08-24 17:44:19,2021-06-19 10:07:05.500,37.3527213900,-121.9157725400,20.0430,,,,
1787575460.054,2026-08-24 17:44:20,2021-06-19 10:07:05.600,37.3527215500,-121.9157726300,20.1410,,,,
1787575460.155,2026-08-24 17:44:20,2021-06-19 10:07:05.700,37.3527216700,-121.9157725300,20.2890,,,,
1787575460.255,2026-08-24 17:44:20,2021-06-19 10:07:05.800,37.3527214500,-121.9157726600,20.1640,,,,
1787575460.355,2026-08-24 17:44:20,2021-06-19 10:07:05.900,37.3527214500,-121.9157726800,20.0710,,,,
1787575460.456,2026-08-24 17:44:20,2021-06-19 10:07:06.000,37.3527217400,-121.9157728600,20.0580,,,,
1787575460.557,2026-08-24 17:44:20,2021-06-19 10:07:06.100,37.3527218000,-121.9157728100,20.2180,,,,
1787575460.658,2026-08-24 17:44:20,2021-06-19 10:07:06.200,37.3527218400,-121.9157727800,20.0900,,,,
1787575460.758,2026-08-24 17:44:20,2021-06-19 10:07:06.300,37.3527213700,-121.9157726500,20.0280,,,,
1787575460.859,2026-08-24 17:44:20,2021-06-19 10:07:06.400,37.3527213400,-121.9157729000,19.9980,,,,
1787575460.960,2026-08-24 17:44:20,2021-06-19 10:07:06.500,37.3527217300,-121.9157729300,20.0450,,,,
1787575461.061,2026-08-24 17:44:21,2021-06-19 10:07:06.600,37.3527218800,-121.9157730000,19.9850,,,,
1787575461.162,2026-08-24 17:44:21,2021-06-19 10:07:06.700,37.3527215800,-121.9157730900,19.9450,,,,
1787575461.263,2026-08-24 17:44:21,2021-06-19 10:07:06.800,37.3527215500,-121.9157728600,19.9950,,,,
1787575461.363,2026-08-24 17:44:21,2021-06-19 10:07:06.900,37.3527216700,-121.9157728200,20.1180,,,,
1787575461.464,2026-08-24 17:44:21,2021-06-19 10:07:07.000,37.3527218100,-121.9157730500,20.0200,,,,
1787575461.565,2026-08-24 17:44:21,2021-06-19 10:07:07.100,37.3527216100,-121.9157730500,20.0120,,,,
1787575461.666,2026-08-24 17:44:21,2021-06-19 10:07:07.200,37.3527216700,-121.9157729500,20.0010,,,,
1787575461.766,2026-08-24 17:44:21,2021-06-19 10:07:07.300,37.3527217000,-121.9157726300,20.1680,,,,
1787575461.867,2026-08-24 17:44:21,2021-06-19 10:07:07.400,37.3527220100,-121.9157729400,20.1210,,,,
1787575461.968,2026-08-24 17:44:21,2021-06-19 10:07:07.500,37.3527220600,-121.9157729000,19.9670,,,,
1787575462.068,2026-08-24 17:44:22,2021-06-19 10:07:07.600,37.3527221100,-121.9157728800,19.9540,,,,
1787575462.168,2026-08-24 17:44:22,2021-06-19 10:07:07.700,37.3527221200,-121.9157727900,20.0330,,,,
1787575462.269,2026-08-24 17:44:22,2021-06-19 10:07:07.800,37.3527222000,-121.9157728900,20.0550,,,,
1787575462.370,2026-08-24 17:44:22,2021-06-19 10:07:07.900,37.3527220600,-121.9157727800,20.0140,,,,
1787575462.470,2026-08-24 17:44:22,2021-06-19 10:07:08.000,37.3527220800,-121.9157728400,19.9520,,,,
1787575462.571,2026-08-24 17:44:22,2021-06-19 10:07:08.100,37.3527220100,-121.9157727000,20.1220,,,,
1787575462.671,2026-08-24 17:44:22,2021-06-19 10:07:08.200,37.3527222100,-121.9157728000,20.0410,,,,
1787575462.772,2026-08-24 17:44:22,2021-06-19 10:07:08.300,37.3527217400,-121.9157726800,20.0490,,,,
1787575462.873,2026-08-24 17:44:22,2021-06-19 10:07:08.400,37.3527216500,-121.9157727100,20.0830,,,,
1787575462.974,2026-08-24 17:44:22,2021-06-19 10:07:08.500,37.3527215400,-121.9157726400,20.1930,,,,
1787575463.074,2026-08-24 17:44:23,2021-06-19 10:07:08.600,37.3527216100,-121.9157725700,20.1780,,,,
1787575463.175,2026-08-24 17:44:23,2021-06-19 10:07:08.700,37.3527216000,-121.9157728400,20.0850,,,,
1787575463.276,2026-08-24 17:44:23,2021-06-19 10:07:08.800,37.3527215000,-121.9157727300,20.0770,,,,
1787575463.376,2026-08-24 17:44:23,2021-06-19 10:07:08.900,37.3527213400,-121.9157724900,20.1150,,,,
1787575463.477,2026-08-24 17:44:23,2021-06-19 10:07:09.000,37.3527216400,-121.9157726600,20.0080,,,,
1787575463.577,2026-08-24 17:44:23,2021-06-19 10:07:09.100,37.3527213000,-121.9157729200,19.9890,,,,
1787575463.678,2026-08-24 17:44:23,2021-06-19 10:07:09.200,37.3527213400,-121.9157730000,19.9860,,,,
1787575463.779,2026-08-24 17:44:23,2021-06-19 10:07:09.300,37.3527211300,-121.9157726700,20.0720,,,,
1787575463.880,2026-08-24 17:44:23,2021-06-19 10:07:09.400,37.3527211500,-121.9157728000,20.0770,,,,
1787575463.981,2026-08-24 17:44:23,2021-06-19 10:07:09.500,37.3527210200,-121.9157728900,19.9500,,,,
1787575464.082,2026-08-24 17:44:24,2021-06-19 10:07:09.600,37.3527213900,-121.9157729600,20.0020,,,,
1787575464.182,2026-08-24 17:44:24,2021-06-19 10:07:09.700,37.3527210900,-121.9157728700,20.1270,,,,
1787575464.283,2026-08-24 17:44:24,2021-06-19 10:07:09.800,37.3527209900,-121.9157727900,20.1910,,,,
1787575464.383,2026-08-24 17:44:24,2021-06-19 10:07:09.900,37.3527209000,-121.9157727500,20.0450,,,,
1787575464.483,2026-08-24 17:44:24,2021-06-19 10:07:10.000,37.3527211900,-121.9157728900,19.9780,,,,
1787575464.584,2026-08-24 17:44:24,2021-06-19 10:07:10.100,37.3527211700,-121.9157728800,20.1300,,,,
1787575464.684,2026-08-24 17:44:24,2021-06-19 10:07:10.200,37.3527213600,-121.9157727300,20.1150,,,,
1787575464.785,2026-08-24 17:44:24,2021-06-19 10:07:10.300,37.3527209100,-121.9157725800,19.9910,,,,
1787575464.886,2026-08-24 17:44:24,2021-06-19 10:07:10.400,37.3527210700,-121.9157726800,19.9620,,,,
1787575464.987,2026-08-24 17:44:24,2021-06-19 10:07:10.500,37.3527212300,-121.9157728300,19.9430,,,,
1787575465.087,2026-08-24 17:44:25,2021-06-19 10:07:10.600,37.3527214500,-121.9157725300,20.0220,,,,
1787575465.188,2026-08-24 17:44:25,2021-06-19 10:07:10.700,37.3527211900,-121.9157725400,19.9490,,,,
1787575465.288,2026-08-24 17:44:25,2021-06-19 10:07:10.800,37.3527210400,-121.9157725100,19.9300,,,,
1787575465.389,2026-08-24 17:44:25,2021-06-19 10:07:10.900,37.3527210700,-121.9157724300,20.0110,,,,
1787575465.489,2026-08-24 17:44:25,2021-06-19 10:07:11.000,37.3527214200,-121.9157725200,20.0550,,,,
1787575465.590,2026-08-24 17:44:25,2021-06-19 10:07:11.100,37.3527212000,-121.9157724500,19.9890,,,,
1787575465.690,2026-08-24 17:44:25,2021-06-19 10:07:11.200,37.3527211100,-121.9157723800,19.9170,,,,
1787575465.791,2026-08-24 17:44:25,2021-06-19 10:07:11.300,37.3527211500,-121.9157722200,20.0160,,,,
1787575465.892,2026-08-24 17:44:25,2021-06-19 10:07:11.400,37.3527215100,-121.9157722400,20.1800,,,,
1787575465.992,2026-08-24 17:44:25,2021-06-19 10:07:11.500,37.3527217200,-121.9157724800,19.9740,,,,
1787575466.093,2026-08-24 17:44:26,2021-06-19 10:07:11.600,37.3527218200,-121.9157722800,19.9120,,,,
1787575466.194,2026-08-24 17:44:26,2021-06-19 10:07:11.700,37.3527216900,-121.9157722700,19.9210,,,,
1787575466.295,2026-08-24 17:44:26,2021-06-19 10:07:11.800,37.3527218600,-121.9157723100,20.1040,,,,
1787575466.396,2026-08-24 17:44:26,2021-06-19 10:07:11.900,37.3527217600,-121.9157722700,20.0480,,,,
1787575466.497,2026-08-24 17:44:26,2021-06-19 10:07:12.000,37.3527218800,-121.9157724600,19.9030,,,,
1787575466.597,2026-08-24 17:44:26,2021-06-19 10:07:12.100,37.3527218300,-121.9157722500,20.0200,,,,
1787575466.698,2026-08-24 17:44:26,2021-06-19 10:07:12.200,37.3527220100,-121.9157723000,20.1500,,,,
1787575466.799,2026-08-24 17:44:26,2021-06-19 10:07:12.300,37.3527218400,-121.9157721400,20.1040,,,,
1787575466.900,2026-08-24 17:44:26,2021-06-19 10:07:12.400,37.3527218400,-121.9157721100,20.0590,,,,
1787575467.001,2026-08-24 17:44:27,2021-06-19 10:07:12.500,37.3527218600,-121.9157723400,20.0610,,,,
1787575467.102,2026-08-24 17:44:27,2021-06-19 10:07:12.600,37.3527222100,-121.9157719700,20.2630,,,,
1787575467.202,2026-08-24 17:44:27,2021-06-19 10:07:12.700,37.3527222700,-121.9157722000,20.2150,,,,
1787575467.303,2026-08-24 17:44:27,2021-06-19 10:07:12.800,37.3527220300,-121.9157722800,20.1230,,,,
1787575467.404,2026-08-24 17:44:27,2021-06-19 10:07:12.900,37.3527218300,-121.9157721100,20.0910,,,,
1787575467.505,2026-08-24 17:44:27,2021-06-19 10:07:13.000,37.3527221700,-121.9157722500,20.0450,,,,
1787575467.605,2026-08-24 17:44:27,2021-06-19 10:07:13.100,37.3527221500,-121.9157723100,20.0860,,,,
1787575467.709,2026-08-24 17:44:27,2021-06-19 10:07:13.200,37.3527219900,-121.9157725200,19.9980,,,,
1787575467.810,2026-08-24 17:44:27,2021-06-19 10:07:13.300,37.3527217400,-121.9157723200,19.9800,,,,
1787575467.910,2026-08-24 17:44:27,2021-06-19 10:07:13.400,37.3527217200,-121.9157722600,20.0480,,,,
1787575468.011,2026-08-24 17:44:28,2021-06-19 10:07:13.500,37.3527218100,-121.9157724400,20.0520,,,,
1787575468.112,2026-08-24 17:44:28,2021-06-19 10:07:13.700,37.3527219800,-121.9157724100,19.9970,,,,
1787575468.313,2026-08-24 17:44:28,2021-06-19 10:07:13.800,37.3527218400,-121.9157724000,20.1040,,,,
1787575468.413,2026-08-24 17:44:28,2021-06-19 10:07:13.900,37.3527216200,-121.9157722100,20.1800,,,,
1787575468.514,2026-08-24 17:44:28,2021-06-19 10:07:14.000,37.3527220600,-121.9157726500,19.9760,,,,
1787575468.614,2026-08-24 17:44:28,2021-06-19 10:07:14.100,37.3527219900,-121.9157726300,20.0180,,,,
1787575468.715,2026-08-24 17:44:28,2021-06-19 10:07:14.200,37.3527218700,-121.9157727100,20.0400,,,,
1787575468.816,2026-08-24 17:44:28,2021-06-19 10:07:14.300,37.3527216300,-121.9157724500,20.1540,,,,
1787575468.916,2026-08-24 17:44:28,2021-06-19 10:07:14.400,37.3527216800,-121.9157725400,19.9930,,,,
1787575469.016,2026-08-24 17:44:29,2021-06-19 10:07:14.500,37.3527216500,-121.9157729300,19.9270,,,,
1787575469.118,2026-08-24 17:44:29,2021-06-19 10:07:14.600,37.3527218600,-121.9157727800,19.9470,,,,
1787575469.219,2026-08-24 17:44:29,2021-06-19 10:07:14.700,37.3527217100,-121.9157725400,20.0180,,,,
1787575469.319,2026-08-24 17:44:29,2021-06-19 10:07:14.800,37.3527212700,-121.9157727500,19.9220,,,,
1787575469.419,2026-08-24 17:44:29,2021-06-19 10:07:14.900,37.3527213700,-121.9157730100,19.8790,,,,
1787575469.520,2026-08-24 17:44:29,2021-06-19 10:07:15.000,37.3527216800,-121.9157731400,19.8510,,,,
1787575469.621,2026-08-24 17:44:29,2021-06-19 10:07:15.100,37.3527214800,-121.9157728200,20.0280,,,,
1787575469.722,2026-08-24 17:44:29,2021-06-19 10:07:15.300,37.3527211200,-121.9157729800,19.9870,,,,
1787575469.832,2026-08-24 17:44:29,2021-06-19 10:07:15.400,37.3527214000,-121.9157729300,20.0250,,,,
1787575469.933,2026-08-24 17:44:29,2021-06-19 10:07:15.500,37.3527213000,-121.9157729300,20.0850,,,,
1787575470.033,2026-08-24 17:44:30,2021-06-19 10:07:15.600,37.3527213800,-121.9157727800,20.1110,,,,
1787575470.136,2026-08-24 17:44:30,2021-06-19 10:07:15.700,37.3527213900,-121.9157726800,20.0530,,,,
1787575470.236,2026-08-24 17:44:30,2021-06-19 10:07:15.800,37.3527214300,-121.9157729200,20.0610,,,,
1787575470.338,2026-08-24 17:44:30,2021-06-19 10:07:15.900,37.3527213700,-121.9157728200,20.1580,554836.349000,37.3527214000,-121.9157730000,19.9950
1787575470.438,2026-08-24 17:44:30,2021-06-19 10:07:16.000,37.3527216200,-121.9157728100,20.1280,554836.444000,37.3527212000,-121.9157730000,20.0150
1787575470.539,2026-08-24 17:44:30,2021-06-19 10:07:16.100,37.3527215000,-121.9157726900,20.1140,554836.549000,37.3527211000,-121.9157729000,20.0380
1787575470.639,2026-08-24 17:44:30,2021-06-19 10:07:16.200,37.3527215100,-121.9157729800,20.1600,554836.644000,37.3527212000,-121.9157728000,20.0510
1787575470.740,2026-08-24 17:44:30,2021-06-19 10:07:16.300,37.3527212700,-121.9157728200,20.2890,554836.744000,37.3527212000,-121.9157727000,20.0700
1787575470.842,2026-08-24 17:44:30,2021-06-19 10:07:16.400,37.3527212800,-121.9157725100,20.3580,554836.849000,37.3527211000,-121.9157728000,20.0960
1787575470.943,2026-08-24 17:44:30,2021-06-19 10:07:16.500,37.3527212400,-121.9157728100,20.1900,554836.949000,37.3527212000,-121.9157727000,20.1280
1787575471.043,2026-08-24 17:44:31,2021-06-19 10:07:16.600,37.3527215900,-121.9157728700,20.2090,554837.049000,37.3527212000,-121.9157727000,20.1370
1787575471.144,2026-08-24 17:44:31,2021-06-19 10:07:16.700,37.3527217800,-121.9157728400,20.3090,554837.154000,37.3527213000,-121.9157727000,20.1470
1787575471.245,2026-08-24 17:44:31,2021-06-19 10:07:16.800,37.3527215700,-121.9157726400,20.4810,554837.249000,37.3527213000,-121.9157727000,20.1630
1787575471.345,2026-08-24 17:44:31,2021-06-19 10:07:16.900,37.3527213600,-121.9157726500,20.3680,554837.354000,37.3527213000,-121.9157727000,20.1900
1787575471.446,2026-08-24 17:44:31,2021-06-19 10:07:17.000,37.3527215700,-121.9157728600,20.1830,554837.454000,37.3527213000,-121.9157727000,20.2060
1787575471.546,2026-08-24 17:44:31,2021-06-19 10:07:17.100,37.3527218200,-121.9157728500,20.1950,554837.554000,37.3527213000,-121.9157726000,20.2090
1787575471.647,2026-08-24 17:44:31,2021-06-19 10:07:17.200,37.3527218900,-121.9157729400,20.2770,554837.654000,37.3527214000,-121.9157727000,20.2090
1787575471.748,2026-08-24 17:44:31,2021-06-19 10:07:17.300,37.3527216200,-121.9157728000,20.1630,554837.759000,37.3527214000,-121.9157727000,20.2170
1787575471.849,2026-08-24 17:44:31,2021-06-19 10:07:17.400,37.3527217600,-121.9157728400,20.0430,554837.859000,37.3527214000,-121.9157727000,20.2170
1787575471.950,2026-08-24 17:44:31,2021-06-19 10:07:17.500,37.3527217500,-121.9157730200,20.0020,554837.959000,37.3527214000,-121.9157727000,20.2100
1787575472.050,2026-08-24 17:44:32,2021-06-19 10:07:17.600,37.3527219200,-121.9157730300,20.1600,554838.059000,37.3527214000,-121.9157727000,20.2010
1787575472.150,2026-08-24 17:44:32,2021-06-19 10:07:17.700,37.3527219500,-121.9157727600,20.2010,554838.159000,37.3527214000,-121.9157727000,20.2000
1787575472.252,2026-08-24 17:44:32,2021-06-19 10:07:17.800,37.3527217500,-121.9157728300,20.0970,554838.259000,37.3527214000,-121.9157726000,20.2030
1787575472.352,2026-08-24 17:44:32,2021-06-19 10:07:17.900,37.3527215300,-121.9157728400,20.1410,554838.359000,37.3527214000,-121.9157727000,20.2010
1787575472.453,2026-08-24 17:44:32,2021-06-19 10:07:18.000,37.3527221500,-121.9157730600,20.1310,554838.459000,37.3527214000,-121.9157726000,20.2000
1787575472.554,2026-08-24 17:44:32,2021-06-19 10:07:18.100,37.3527221500,-121.9157728300,20.2650,554838.559000,37.3527214000,-121.9157726000,20.1990
1787575472.654,2026-08-24 17:44:32,2021-06-19 10:07:18.200,37.3527220500,-121.9157729900,20.1160,554838.664000,37.3527214000,-121.9157726000,20.2040
1787575472.754,2026-08-24 17:44:32,2021-06-19 10:07:18.300,37.3527217800,-121.9157730000,20.0750,554838.760000,37.3527214000,-121.9157726000,20.2020
1787575472.856,2026-08-24 17:44:32,2021-06-19 10:07:18.400,37.3527218300,-121.9157729100,20.0670,554838.865000,37.3527214000,-121.9157726000,20.2000
1787575472.956,2026-08-24 17:44:32,2021-06-19 10:07:18.500,37.3527220900,-121.9157729400,20.1730,554838.960000,37.3527215000,-121.9157725000,20.1970
1787575473.057,2026-08-24 17:44:33,2021-06-19 10:07:18.600,37.3527221100,-121.9157731500,20.0670,554839.065000,37.3527216000,-121.9157726000,20.1970
1787575473.158,2026-08-24 17:44:33,2021-06-19 10:07:18.700,37.3527219900,-121.9157730300,19.9490,554839.165000,37.3527215000,-121.9157725000,20.1970
1787575473.258,2026-08-24 17:44:33,2021-06-19 10:07:18.800,37.3527218000,-121.9157729200,19.9060,554839.265000,37.3527216000,-121.9157726000,20.1820
1787575473.358,2026-08-24 17:44:33,2021-06-19 10:07:18.900,37.3527217700,-121.9157729500,20.0020,554839.365000,37.3527216000,-121.9157726000,20.1820
1787575473.459,2026-08-24 17:44:33,2021-06-19 10:07:19.000,37.3527222000,-121.9157730500,19.8880,554839.465000,37.3527215000,-121.9157726000,20.1760
1787575473.560,2026-08-24 17:44:33,2021-06-19 10:07:19.100,37.3527222000,-121.9157729900,19.8360,554839.565000,37.3527216000,-121.9157726000,20.1610
1787575473.660,2026-08-24 17:44:33,2021-06-19 10:07:19.200,37.3527221800,-121.9157728600,19.8590,554839.670000,37.3527216000,-121.9157726000,20.1540
1787575473.761,2026-08-24 17:44:33,2021-06-19 10:07:19.300,37.3527218400,-121.9157726900,19.9990,554839.770000,37.3527216000,-121.9157726000,20.1510
1787575473.861,2026-08-24 17:44:33,2021-06-19 10:07:19.400,37.3527221400,-121.9157726600,20.0840,554839.870000,37.3527216000,-121.9157726000,20.1510
1787575473.962,2026-08-24 17:44:33,2021-06-19 10:07:19.500,37.3527220600,-121.9157727600,19.9200,554839.970000,37.3527217000,-121.9157726000,20.1460
1787575474.063,2026-08-24 17:44:34,2021-06-19 10:07:19.600,37.3527219100,-121.9157728800,19.9590,554840.070000,37.3527216000,-121.9157726000,20.1410
1787575474.164,2026-08-24 17:44:34,2021-06-19 10:07:19.700,37.3527217600,-121.9157725000,20.0370,554840.175000,37.3527216000,-121.9157726000,20.1390
1787575474.264,2026-08-24 17:44:34,2021-06-19 10:07:19.800,37.3527217500,-121.9157725200,20.2020,554840.275000,37.3527217000,-121.9157726000,20.1410
1787575474.364,2026-08-24 17:44:34,2021-06-19 10:07:19.900,37.3527216700,-121.9157726800,20.0870,554840.375000,37.3527216000,-121.9157726000,20.1410
1787575474.465,2026-08-24 17:44:34,2021-06-19 10:07:20.000,37.3527217900,-121.9157727400,19.9640,554840.470000,37.3527216000,-121.9157726000,20.1370
1787575474.565,2026-08-24 17:44:34,2021-06-19 10:07:20.100,37.3527217600,-121.9157725500,19.9840,554840.575000,37.3527216000,-121.9157726000,20.1340
1787575474.666,2026-08-24 17:44:34,2021-06-19 10:07:20.200,37.3527218000,-121.9157724600,20.1260,554840.675000,37.3527216000,-121.9157726000,20.1350
1787575474.767,2026-08-24 17:44:34,2021-06-19 10:07:20.300,37.3527217500,-121.9157724100,20.1760,554840.775000,37.3527216000,-121.9157726000,20.1390
1787575474.867,2026-08-24 17:44:34,2021-06-19 10:07:20.400,37.3527217100,-121.9157724300,20.0930,554840.880000,37.3527215000,-121.9157726000,20.1390
1787575474.968,2026-08-24 17:44:34,2021-06-19 10:07:20.500,37.3527219100,-121.9157724100,20.0840,554840.975000,37.3527215000,-121.9157726000,20.1380
1787575475.068,2026-08-24 17:44:35,2021-06-19 10:07:20.600,37.3527218300,-121.9157725300,20.2270,554841.080000,37.3527215000,-121.9157726000,20.1430
1787575475.169,2026-08-24 17:44:35,2021-06-19 10:07:20.700,37.3527221000,-121.9157723600,20.3060,554841.180000,37.3527215000,-121.9157726000,20.1460
1787575475.269,2026-08-24 17:44:35,2021-06-19 10:07:20.800,37.3527222700,-121.9157723400,20.2240,554841.275000,37.3527215000,-121.9157726000,20.1500
1787575475.370,2026-08-24 17:44:35,2021-06-19 10:07:20.900,37.3527220500,-121.9157722100,20.2180,554841.380000,37.3527215000,-121.9157725000,20.1510
1787575475.471,2026-08-24 17:44:35,2021-06-19 10:07:21.000,37.3527221500,-121.9157722300,20.2500,554841.480000,37.3527215000,-121.9157725000,20.1570
1787575475.571,2026-08-24 17:44:35,2021-06-19 10:07:21.100,37.3527221600,-121.9157721000,20.4150,554841.581000,37.3527216000,-121.9157725000,20.1640
1787575475.672,2026-08-24 17:44:35,2021-06-19 10:07:21.200,37.3527223000,-121.9157722000,20.3370,554841.681000,37.3527216000,-121.9157725000,20.1700
1787575475.773,2026-08-24 17:44:35,2021-06-19 10:07:21.300,37.3527218400,-121.9157723400,20.2480,554841.786000,37.3527215000,-121.9157725000,20.1700
1787575475.874,2026-08-24 17:44:35,2021-06-19 10:07:21.400,37.3527218700,-121.9157722900,20.1990,554841.886000,37.3527216000,-121.9157725000,20.1710
1787575475.974,2026-08-24 17:44:35,2021-06-19 10:07:21.500,37.3527220200,-121.9157722800,20.1830,554841.986000,37.3527216000,-121.9157725000,20.1720
1787575476.075,2026-08-24 17:44:36,2021-06-19 10:07:21.600,37.3527223200,-121.9157726700,20.1310,554842.086000,37.3527216000,-121.9157725000,20.1720
1787575476.176,2026-08-24 17:44:36,2021-06-19 10:07:21.700,37.3527221800,-121.9157726600,20.0420,554842.186000,37.3527216000,-121.9157725000,20.1710
1787575476.277,2026-08-24 17:44:36,2021-06-19 10:07:21.800,37.3527219400,-121.9157724700,20.0310,554842.286000,37.3527216000,-121.9157725000,20.1690
1787575476.378,2026-08-24 17:44:36,2021-06-19 10:07:21.900,37.3527220600,-121.9157723300,20.1220,554842.386000,37.3527216000,-121.9157724000,20.1700
1787575476.479,2026-08-24 17:44:36,2021-06-19 10:07:22.000,37.3527222300,-121.9157726400,20.1270,554842.491000,37.3527216000,-121.9157724000,20.1710
1787575476.580,2026-08-24 17:44:36,2021-06-19 10:07:22.100,37.3527223000,-121.9157726900,20.0630,554842.586000,37.3527216000,-121.9157724000,20.1680
1787575476.681,2026-08-24 17:44:36,2021-06-19 10:07:22.200,37.3527223900,-121.9157725200,20.0210,554842.691000,37.3527216000,-121.9157724000,20.1700
1787575476.782,2026-08-24 17:44:36,2021-06-19 10:07:22.300,37.3527222400,-121.9157724700,20.1000,554842.791000,37.3527216000,-121.9157724000,20.1690
1787575476.882,2026-08-24 17:44:36,2021-06-19 10:07:22.400,37.3527221100,-121.9157724800,20.2040,554842.891000,37.3527216000,-121.9157724000,20.1680
1787575476.983,2026-08-24 17:44:36,2021-06-19 10:07:22.500,37.3527223800,-121.9157727400,20.0570,554842.991000,37.3527217000,-121.9157723000,20.1650
1787575477.083,2026-08-24 17:44:37,2021-06-19 10:07:22.600,37.3527222700,-121.9157728400,20.0470,554843.091000,37.3527217000,-121.9157723000,20.1630
1787575477.183,2026-08-24 17:44:37,2021-06-19 10:07:22.700,37.3527221200,-121.9157727600,20.0360,554843.191000,37.3527217000,-121.9157723000,20.1610
1787575477.284,2026-08-24 17:44:37,2021-06-19 10:07:22.800,37.3527223100,-121.9157726000,20.1070,554843.296000,37.3527217000,-121.9157723000,20.1650
1787575477.384,2026-08-24 17:44:37,2021-06-19 10:07:22.900,37.3527222400,-121.9157725700,20.0450,554843.396000,37.3527218000,-121.9157723000,20.1650
1787575477.485,2026-08-24 17:44:37,2021-06-19 10:07:23.000,37.3527225200,-121.9157729300,19.8970,554843.496000,37.3527218000,-121.9157723000,20.1630
1787575477.586,2026-08-24 17:44:37,2021-06-19 10:07:23.100,37.3527224400,-121.9157726800,19.8820,554843.591000,37.3527218000,-121.9157723000,20.1570
1787575477.687,2026-08-24 17:44:37,2021-06-19 10:07:23.200,37.3527225200,-121.9157726300,19.8910,554843.696000,37.3527218000,-121.9157723000,20.1510
1787575477.788,2026-08-24 17:44:37,2021-06-19 10:07:23.300,37.3527221900,-121.9157726100,19.9760,554843.796000,37.3527218000,-121.9157723000,20.1480
1787575477.889,2026-08-24 17:44:37,2021-06-19 10:07:23.400,37.3527223800,-121.9157730500,19.8600,554843.896000,37.3527218000,-121.9157723000,20.1440
1787575477.989,2026-08-24 17:44:37,2021-06-19 10:07:23.500,37.3527224400,-121.9157729100,19.7790,554844.001000,37.3527217000,-121.9157723000,20.1410
1787575478.090,2026-08-24 17:44:38,2021-06-19 10:07:23.600,37.3527224500,-121.9157727700,19.8570,554844.101000,37.3527217000,-121.9157724000,20.1370
1787575478.191,2026-08-24 17:44:38,2021-06-19 10:07:23.700,37.3527221600,-121.9157726700,20.0090,554844.196000,37.3527217000,-121.9157724000,20.1370
1787575478.292,2026-08-24 17:44:38,2021-06-19 10:07:23.800,37.3527220900,-121.9157726300,19.9500,554844.301000,37.3527217000,-121.9157724000,20.1350
1787575478.392,2026-08-24 17:44:38,2021-06-19 10:07:23.900,37.3527221400,-121.9157727400,19.9050,554844.402000,37.3527216000,-121.9157724000,20.1340
1787575478.493,2026-08-24 17:44:38,2021-06-19 10:07:24.000,37.3527221700,-121.9157727900,19.8850,554844.502000,37.3527217000,-121.9157724000,20.1310
1787575478.594,2026-08-24 17:44:38,2021-06-19 10:07:24.100,37.3527221200,-121.9157724200,20.0190,554844.602000,37.3527217000,-121.9157724000,20.1310
1787575478.695,2026-08-24 17:44:38,2021-06-19 10:07:24.200,37.3527221000,-121.9157723500,19.9880,554844.702000,37.3527217000,-121.9157724000,20.1270
1787575478.795,2026-08-24 17:44:38,2021-06-19 10:07:24.300,37.3527219100,-121.9157726200,19.9330,554844.807000,37.3527216000,-121.9157724000,20.1270
1787575478.896,2026-08-24 17:44:38,2021-06-19 10:07:24.400,37.3527215600,-121.9157727600,19.8860,554844.907000,37.3527216000,-121.9157724000,20.1240
1787575479.007,2026-08-24 17:44:39,2021-06-19 10:07:24.600,37.3527215600,-121.9157724400,20.0280,554845.007000,37.3527215000,-121.9157724000,20.1210
1787575479.208,2026-08-24 17:44:39,2021-06-19 10:07:24.700,37.3527216500,-121.9157726800,19.9890,554845.217000,37.3527215000,-121.9157724000,20.1160
1787575479.309,2026-08-24 17:44:39,2021-06-19 10:07:24.800,37.3527217900,-121.9157725900,19.9720,554845.317000,37.3527215000,-121.9157724000,20.1130
1787575479.409,2026-08-24 17:44:39,2021-06-19 10:07:24.900,37.3527216400,-121.9157725100,19.9830,554845.417000,37.3527215000,-121.9157725000,20.1110
1787575479.510,2026-08-24 17:44:39,2021-06-19 10:07:25.000,37.3527219700,-121.9157724200,20.0450,554845.522000,37.3527215000,-121.9157724000,20.1070
1787575479.610,2026-08-24 17:44:39,2021-06-19 10:07:25.100,37.3527217000,-121.9157724600,20.0770,554845.622000,37.3527215000,-121.9157724000,20.1030
1787575479.711,2026-08-24 17:44:39,2021-06-19 10:07:25.200,37.3527218100,-121.9157726000,20.0320,554845.722000,37.3527215000,-121.9157724000,20.1000
1787575479.811,2026-08-24 17:44:39,2021-06-19 10:07:25.300,37.3527215000,-121.9157724600,20.1060,554845.822000,37.3527215000,-121.9157724000,20.0980
1787575479.912,2026-08-24 17:44:39,2021-06-19 10:07:25.400,37.3527215000,-121.9157724100,20.2160,554845.922000,37.3527216000,-121.9157724000,20.0990
1787575480.013,2026-08-24 17:44:40,2021-06-19 10:07:25.500,37.3527217700,-121.9157721600,20.2300,554846.027000,37.3527215000,-121.9157724000,20.1020
1787575480.114,2026-08-24 17:44:40,2021-06-19 10:07:25.600,37.3527218300,-121.9157724300,20.1500,554846.122000,37.3527216000,-121.9157724000,20.1040
1787575480.214,2026-08-24 17:44:40,2021-06-19 10:07:25.700,37.3527216600,-121.9157724700,20.1050,554846.227000,37.3527215000,-121.9157724000,20.1040
1787575480.315,2026-08-24 17:44:40,2021-06-19 10:07:25.800,37.3527214900,-121.9157723800,20.0640,554846.327000,37.3527215000,-121.9157723000,20.1030
1787575480.416,2026-08-24 17:44:40,2021-06-19 10:07:25.900,37.3527214200,-121.9157722200,20.1020,554846.432000,37.3527215000,-121.9157723000,20.0990
1787575480.517,2026-08-24 17:44:40,2021-06-19 10:07:26.000,37.3527215200,-121.9157724800,19.9370,554846.527000,37.3527215000,-121.9157723000,20.0950
1787575480.617,2026-08-24 17:44:40,2021-06-19 10:07:26.100,37.3527215000,-121.9157726300,19.9390,554846.632000,37.3527215000,-121.9157723000,20.0900
1787575480.717,2026-08-24 17:44:40,2021-06-19 10:07:26.200,37.3527215200,-121.9157725000,19.9260,554846.727000,37.3527215000,-121.9157723000,20.0880
1787575480.818,2026-08-24 17:44:40,2021-06-19 10:07:26.300,37.3527212500,-121.9157722500,20.0140,554846.832000,37.3527216000,-121.9157723000,20.0870
1787575480.918,2026-08-24 17:44:40,2021-06-19 10:07:26.500,37.3527214000,-121.9157724700,19.9800,554846.932000,37.3527216000,-121.9157723000,20.0860
1787575481.120,2026-08-24 17:44:41,2021-06-19 10:07:26.600,37.3527215000,-121.9157724300,19.9920,554847.132000,37.3527215000,-121.9157723000,20.0810
1787575481.222,2026-08-24 17:44:41,2021-06-19 10:07:26.800,37.3527211600,-121.9157721300,20.2010,554847.232000,37.3527215000,-121.9157723000,20.0800
1787575481.422,2026-08-24 17:44:41,2021-06-19 10:07:27.000,37.3527215600,-121.9157724700,19.9720,554847.438000,37.3527215000,-121.9157724000,20.0870
1787575481.532,2026-08-24 17:44:41,2021-06-19 10:07:27.100,37.3527213600,-121.9157725100,19.9540,554847.533000,37.3527214000,-121.9157724000,20.0840
1787575481.635,2026-08-24 17:44:41,2021-06-19 10:07:27.200,37.3527215500,-121.9157723700,19.9770,554847.648000,37.3527214000,-121.9157724000,20.0790
1787575481.735,2026-08-24 17:44:41,2021-06-19 10:07:27.300,37.3527215200,-121.9157720600,20.0450,554847.748000,37.3527213000,-121.9157724000,20.0780
1787575481.836,2026-08-24 17:44:41,2021-06-19 10:07:27.400,37.3527214600,-121.9157725500,19.9320,554847.848000,37.3527213000,-121.9157723000,20.0780
1787575481.936,2026-08-24 17:44:41,2021-06-19 10:07:27.500,37.3527217500,-121.9157725200,19.8340,554847.948000,37.3527212000,-121.9157724000,20.0720
1787575482.037,2026-08-24 17:44:42,2021-06-19 10:07:27.600,37.3527217200,-121.9157725500,19.8370,554848.048000,37.3527213000,-121.9157724000,20.0650
1787575482.138,2026-08-24 17:44:42,2021-06-19 10:07:27.700,37.3527215300,-121.9157725000,19.8890,554848.153000,37.3527213000,-121.9157724000,20.0610
1787575482.238,2026-08-24 17:44:42,2021-06-19 10:07:27.800,37.3527216200,-121.9157725800,19.8830,554848.248000,37.3527213000,-121.9157725000,20.0570
1787575482.339,2026-08-24 17:44:42,2021-06-19 10:07:27.900,37.3527214100,-121.9157726100,19.8030,554848.348000,37.3527212000,-121.9157725000,20.0590
1787575482.440,2026-08-24 17:44:42,2021-06-19 10:07:28.000,37.3527216100,-121.9157725200,19.7340,554848.448000,37.3527212000,-121.9157725000,20.0570
1787575482.540,2026-08-24 17:44:42,2021-06-19 10:07:28.100,37.3527214600,-121.9157725000,19.9100,554848.553000,37.3527212000,-121.9157725000,20.0530
1787575482.641,2026-08-24 17:44:42,2021-06-19 10:07:28.200,37.3527215400,-121.9157725400,19.9380,554848.653000,37.3527213000,-121.9157724000,20.0500
1787575482.742,2026-08-24 17:44:42,2021-06-19 10:07:28.300,37.3527215700,-121.9157725400,19.8800,554848.753000,37.3527214000,-121.9157724000,20.0500
1787575482.842,2026-08-24 17:44:42,2021-06-19 10:07:28.400,37.3527216400,-121.9157726900,19.8150,554848.853000,37.3527214000,-121.9157725000,20.0470
1787575482.943,2026-08-24 17:44:42,2021-06-19 10:07:28.500,37.3527214800,-121.9157727400,19.8320,554848.958000,37.3527214000,-121.9157725000,20.0490
1787575483.043,2026-08-24 17:44:43,2021-06-19 10:07:28.600,37.3527216200,-121.9157725300,19.9700,554849.053000,37.3527214000,-121.9157725000,20.0440
1787575483.144,2026-08-24 17:44:43,2021-06-19 10:07:28.700,37.3527215900,-121.9157727900,19.9240,554849.153000,37.3527214000,-121.9157724000,20.0390
1787575483.244,2026-08-24 17:44:43,2021-06-19 10:07:28.800,37.3527213800,-121.9157728000,19.9070,554849.253000,37.3527213000,-121.9157724000,20.0350
1787575483.345,2026-08-24 17:44:43,2021-06-19 10:07:28.900,37.3527211600,-121.9157726900,19.8920,554849.358000,37.3527213000,-121.9157725000,20.0350
1787575483.446,2026-08-24 17:44:43,2021-06-19 10:07:29.000,37.3527211000,-121.9157728200,19.9230,554849.458000,37.3527213000,-121.9157725000,20.0350
1787575483.546,2026-08-24 17:44:43,2021-06-19 10:07:29.100,37.3527208100,-121.9157728700,20.0170,554849.558000,37.3527213000,-121.9157725000,20.0360
1787575483.647,2026-08-24 17:44:43,2021-06-19 10:07:29.200,37.3527209900,-121.9157730700,19.9400,554849.658000,37.3527213000,-121.9157726000,20.0320
1787575483.748,2026-08-24 17:44:43,2021-06-19 10:07:29.300,37.3527209700,-121.9157726300,19.9650,554849.763000,37.3527212000,-121.9157725000,20.0330
1787575483.849,2026-08-24 17:44:43,2021-06-19 10:07:29.400,37.3527208300,-121.9157726500,20.0250,554849.858000,37.3527213000,-121.9157726000,20.0330
1787575483.950,2026-08-24 17:44:43,2021-06-19 10:07:29.500,37.3527208100,-121.9157725700,20.1040,554849.958000,37.3527213000,-121.9157726000,20.0290
1787575484.051,2026-08-24 17:44:44,2021-06-19 10:07:29.600,37.3527210000,-121.9157726500,20.0890,554850.058000,37.3527213000,-121.9157726000,20.0280
1787575484.151,2026-08-24 17:44:44,2021-06-19 10:07:29.700,37.3527211500,-121.9157727100,20.0330,554850.163000,37.3527212000,-121.9157726000,20.0290
1787575484.251,2026-08-24 17:44:44,2021-06-19 10:07:29.800,37.3527209400,-121.9157726000,20.0980,554850.264000,37.3527213000,-121.9157726000,20.0250
1787575484.352,2026-08-24 17:44:44,2021-06-19 10:07:29.900,37.3527210800,-121.9157725600,20.1820,554850.364000,37.3527213000,-121.9157726000,20.0230
1787575484.453,2026-08-24 17:44:44,2021-06-19 10:07:30.000,37.3527212800,-121.9157724400,20.1820,554850.469000,37.3527213000,-121.9157726000,20.0280
1787575484.553,2026-08-24 17:44:44,2021-06-19 10:07:30.100,37.3527212300,-121.9157727300,20.1340,554850.564000,37.3527213000,-121.9157726000,20.0310
1787575484.654,2026-08-24 17:44:44,2021-06-19 10:07:30.200,37.3527211000,-121.9157729300,20.0360,554850.669000,37.3527214000,-121.9157726000,20.0340
1787575484.754,2026-08-24 17:44:44,2021-06-19 10:07:30.300,37.3527210100,-121.9157727000,20.0730,554850.764000,37.3527213000,-121.9157727000,20.0330
1787575484.854,2026-08-24 17:44:44,2021-06-19 10:07:30.400,37.3527210600,-121.9157725700,20.0960,554850.864000,37.3527213000,-121.9157727000,20.0310
1787575484.955,2026-08-24 17:44:44,2021-06-19 10:07:30.500,37.3527210500,-121.9157730800,19.9490,554850.969000,37.3527214000,-121.9157726000,20.0340
1787575485.055,2026-08-24 17:44:45,2021-06-19 10:07:30.600,37.3527214100,-121.9157731500,19.8960,554851.069000,37.3527214000,-121.9157726000,20.0350
1787575485.156,2026-08-24 17:44:45,2021-06-19 10:07:30.700,37.3527212000,-121.9157731000,19.8990,554851.164000,37.3527213000,-121.9157727000,20.0340
1787575485.256,2026-08-24 17:44:45,2021-06-19 10:07:30.800,37.3527211800,-121.9157729500,19.9810,554851.269000,37.3527214000,-121.9157727000,20.0300
1787575485.357,2026-08-24 17:44:45,2021-06-19 10:07:30.900,37.3527211500,-121.9157729200,20.1020,554851.369000,37.3527214000,-121.9157727000,20.0280
1787575485.458,2026-08-24 17:44:45,2021-06-19 10:07:31.000,37.3527213700,-121.9157732800,19.9600,554851.469000,37.3527213000,-121.9157726000,20.0190
1787575485.559,2026-08-24 17:44:45,2021-06-19 10:07:31.100,37.3527211000,-121.9157731200,19.9820,554851.569000,37.3527213000,-121.9157727000,20.0180
1787575485.660,2026-08-24 17:44:45,2021-06-19 10:07:31.200,37.3527211200,-121.9157732200,19.9950,554851.674000,37.3527213000,-121.9157727000,20.0120
1787575485.761,2026-08-24 17:44:45,2021-06-19 10:07:31.300,37.3527209200,-121.9157728700,20.1170,554851.774000,37.3527213000,-121.9157726000,20.0150
1787575485.862,2026-08-24 17:44:45,2021-06-19 10:07:31.400,37.3527213400,-121.9157729800,20.0790,554851.874000,37.3527213000,-121.9157726000,20.0180
1787575485.963,2026-08-24 17:44:45,2021-06-19 10:07:31.500,37.3527214600,-121.9157731900,19.9500,554851.974000,37.3527213000,-121.9157726000,20.0110
1787575486.064,2026-08-24 17:44:46,2021-06-19 10:07:31.600,37.3527213800,-121.9157729400,19.9330,554852.079000,37.3527212000,-121.9157726000,20.0120
1787575486.165,2026-08-24 17:44:46,2021-06-19 10:07:31.700,37.3527213300,-121.9157727300,19.9710,554852.179000,37.3527212000,-121.9157726000,20.0160
1787575486.265,2026-08-24 17:44:46,2021-06-19 10:07:31.800,37.3527213000,-121.9157725300,20.1420,554852.274000,37.3527212000,-121.9157727000,20.0210
1787575486.366,2026-08-24 17:44:46,2021-06-19 10:07:31.900,37.3527213900,-121.9157728900,20.0000,554852.379000,37.3527213000,-121.9157727000,20.0220
1787575486.467,2026-08-24 17:44:46,2021-06-19 10:07:32.000,37.3527214900,-121.9157730000,19.8320,554852.484000,37.3527213000,-121.9157727000,20.0170
1787575486.568,2026-08-24 17:44:46,2021-06-19 10:07:32.100,37.3527214800,-121.9157728200,19.8490,554852.579000,37.3527213000,-121.9157727000,20.0170
1787575486.668,2026-08-24 17:44:46,2021-06-19 10:07:32.200,37.3527213800,-121.9157727500,19.8940,554852.679000,37.3527212000,-121.9157727000,20.0160
1787575486.769,2026-08-24 17:44:46,2021-06-19 10:07:32.300,37.3527213900,-121.9157726200,19.9700,554852.779000,37.3527211000,-121.9157727000,20.0190
1787575486.869,2026-08-24 17:44:46,2021-06-19 10:07:32.400,37.3527215300,-121.9157728300,19.8220,554852.884000,37.3527211000,-121.9157727000,20.0190
1787575486.970,2026-08-24 17:44:46,2021-06-19 10:07:32.500,37.3527215100,-121.9157730200,19.7440,554852.979000,37.3527211000,-121.9157727000,20.0150
1787575487.071,2026-08-24 17:44:47,2021-06-19 10:07:32.600,37.3527214000,-121.9157727500,19.8530,554853.084000,37.3527211000,-121.9157728000,20.0100
1787575487.171,2026-08-24 17:44:47,2021-06-19 10:07:32.700,37.3527217800,-121.9157727400,19.9450,554853.184000,37.3527211000,-121.9157728000,20.0100
1787575487.272,2026-08-24 17:44:47,2021-06-19 10:07:32.800,37.3527218700,-121.9157728200,19.9040,554853.284000,37.3527210000,-121.9157728000,20.0090
1787575487.372,2026-08-24 17:44:47,2021-06-19 10:07:32.900,37.3527218200,-121.9157729400,19.8140,554853.385000,37.3527211000,-121.9157728000,20.0090
1787575487.473,2026-08-24 17:44:47,2021-06-19 10:07:33.000,37.3527221400,-121.9157731200,19.6960,554853.485000,37.3527210000,-121.9157728000,20.0030
1787575487.574,2026-08-24 17:44:47,2021-06-19 10:07:33.100,37.3527222500,-121.9157727100,19.8210,554853.585000,37.3527210000,-121.9157728000,19.9970
1787575487.675,2026-08-24 17:44:47,2021-06-19 10:07:33.200,37.3527223200,-121.9157730200,19.9710,554853.690000,37.3527210000,-121.9157728000,19.9930
1787575487.775,2026-08-24 17:44:47,2021-06-19 10:07:33.300,37.3527219200,-121.9157728500,19.8870,554853.790000,37.3527210000,-121.9157728000,19.9990
1787575487.876,2026-08-24 17:44:47,2021-06-19 10:07:33.400,37.3527221700,-121.9157728500,19.7940,554853.890000,37.3527209000,-121.9157728000,19.9960
1787575487.976,2026-08-24 17:44:47,2021-06-19 10:07:33.500,37.3527222100,-121.9157729100,19.7350,554853.990000,37.3527209000,-121.9157728000,19.9920
1787575488.076,2026-08-24 17:44:48,2021-06-19 10:07:33.600,37.3527226700,-121.9157728500,19.8970,554854.090000,37.3527209000,-121.9157728000,19.9850
1787575488.177,2026-08-24 17:44:48,2021-06-19 10:07:33.700,37.3527228200,-121.9157729100,19.9250,554854.190000,37.3527209000,-121.9157728000,19.9790
1787575488.277,2026-08-24 17:44:48,2021-06-19 10:07:33.800,37.3527225900,-121.9157727800,19.8730,554854.290000,37.3527209000,-121.9157729000,19.9750
1787575488.378,2026-08-24 17:44:48,2021-06-19 10:07:33.900,37.3527225300,-121.9157728300,19.8970,554854.395000,37.3527210000,-121.9157728000,19.9730
1787575488.479,2026-08-24 17:44:48,2021-06-19 10:07:34.000,37.3527228500,-121.9157729900,19.9080,554854.490000,37.3527210000,-121.9157728000,19.9710
1787575488.579,2026-08-24 17:44:48,2021-06-19 10:07:34.100,37.3527231900,-121.9157728000,20.1550,554854.595000,37.3527210000,-121.9157728000,19.9690
1787575488.679,2026-08-24 17:44:48,2021-06-19 10:07:34.200,37.3527232000,-121.9157728700,20.0380,554854.695000,37.3527210000,-121.9157728000,19.9720
1787575488.780,2026-08-24 17:44:48,2021-06-19 10:07:34.300,37.3527228800,-121.9157728200,20.0390,554854.795000,37.3527210000,-121.9157728000,19.9750
1787575488.880,2026-08-24 17:44:48,2021-06-19 10:07:34.400,37.3527229700,-121.9157727200,20.0230,554854.895000,37.3527211000,-121.9157728000,19.9680
1787575488.980,2026-08-24 17:44:48,2021-06-19 10:07:34.500,37.3527231200,-121.9157729200,20.1300,554854.995000,37.3527211000,-121.9157727000,19.9630
1787575489.081,2026-08-24 17:44:49,2021-06-19 10:07:34.600,37.3527232200,-121.9157729200,20.2700,554855.095000,37.3527211000,-121.9157728000,19.9630
1787575489.181,2026-08-24 17:44:49,2021-06-19 10:07:34.700,37.3527229600,-121.9157728700,20.1610,554855.195000,37.3527211000,-121.9157728000,19.9600
1787575489.282,2026-08-24 17:44:49,2021-06-19 10:07:34.800,37.3527228100,-121.9157728000,20.0990,554855.295000,37.3527211000,-121.9157728000,19.9580
1787575489.383,2026-08-24 17:44:49,2021-06-19 10:07:34.900,37.3527227400,-121.9157727400,20.1090,554855.395000,37.3527211000,-121.9157728000,19.9610
1787575489.483,2026-08-24 17:44:49,2021-06-19 10:07:35.000,37.3527230600,-121.9157730500,20.1050,554855.500000,37.3527211000,-121.9157728000,19.9650
1787575489.584,2026-08-24 17:44:49,2021-06-19 10:07:35.100,37.3527231000,-121.9157727500,20.0400,554855.600000,37.3527211000,-121.9157728000,19.9670
1787575489.684,2026-08-24 17:44:49,2021-06-19 10:07:35.200,37.3527229500,-121.9157728300,19.8950,554855.695000,37.3527211000,-121.9157728000,19.9670
1787575489.785,2026-08-24 17:44:49,2021-06-19 10:07:35.300,37.3527225500,-121.9157728400,19.9120,554855.795000,37.3527211000,-121.9157728000,19.9680
1787575489.885,2026-08-24 17:44:49,2021-06-19 10:07:35.400,37.3527229400,-121.9157728600,19.9630,554855.900000,37.3527212000,-121.9157729000,19.9670
1787575489.986,2026-08-24 17:44:49,2021-06-19 10:07:35.500,37.3527229400,-121.9157727300,20.0750,554856.000000,37.3527212000,-121.9157729000,19.9710
1787575490.086,2026-08-24 17:44:50,2021-06-19 10:07:35.600,37.3527227200,-121.9157726900,20.0410,554856.100000,37.3527212000,-121.9157729000,19.9720
1787575490.187,2026-08-24 17:44:50,2021-06-19 10:07:35.700,37.3527225400,-121.9157727600,20.0120,554856.200000,37.3527212000,-121.9157729000,19.9710
1787575490.287,2026-08-24 17:44:50,2021-06-19 10:07:35.800,37.3527222900,-121.9157725800,20.0480,554856.300000,37.3527212000,-121.9157728000,19.9700
1787575490.388,2026-08-24 17:44:50,2021-06-19 10:07:35.900,37.3527223000,-121.9157724300,20.1890,554856.400000,37.3527212000,-121.9157728000,19.9730
1787575490.488,2026-08-24 17:44:50,2021-06-19 10:07:36.000,37.3527222500,-121.9157724800,20.2300,554856.505000,37.3527212000,-121.9157728000,19.9710
1787575490.589,2026-08-24 17:44:50,2021-06-19 10:07:36.100,37.3527220800,-121.9157722700,20.1470,554856.606000,37.3527213000,-121.9157727000,19.9760
1787575490.690,2026-08-24 17:44:50,2021-06-19 10:07:36.200,37.3527222200,-121.9157724100,20.0510,554856.701000,37.3527213000,-121.9157727000,19.9760
1787575490.791,2026-08-24 17:44:50,2021-06-19 10:07:36.300,37.3527219700,-121.9157724600,20.0930,554856.806000,37.3527213000,-121.9157727000,19.9780
1787575490.892,2026-08-24 17:44:50,2021-06-19 10:07:36.400,37.3527223000,-121.9157723400,20.1530,554856.906000,37.3527212000,-121.9157728000,19.9780
1787575490.992,2026-08-24 17:44:50,2021-06-19 10:07:36.500,37.3527224100,-121.9157723800,20.0580,554857.006000,37.3527212000,-121.9157728000,19.9760
1787575491.093,2026-08-24 17:44:51,2021-06-19 10:07:36.600,37.3527223200,-121.9157723800,20.0020,554857.106000,37.3527213000,-121.9157728000,19.9710
1787575491.194,2026-08-24 17:44:51,2021-06-19 10:07:36.700,37.3527221000,-121.9157725400,19.9240,554857.206000,37.3527212000,-121.9157728000,19.9710
1787575491.294,2026-08-24 17:44:51,2021-06-19 10:07:36.800,37.3527222100,-121.9157725200,19.9400,554857.311000,37.3527213000,-121.9157728000,19.9700
1787575491.395,2026-08-24 17:44:51,2021-06-19 10:07:36.900,37.3527221100,-121.9157722900,20.0100,554857.411000,37.3527212000,-121.9157728000,19.9750
1787575491.496,2026-08-24 17:44:51,2021-06-19 10:07:37.000,37.3527220700,-121.9157727000,19.9010,554857.511000,37.3527212000,-121.9157728000,19.9720
1787575491.596,2026-08-24 17:44:51,2021-06-19 10:07:37.100,37.3527221300,-121.9157724900,19.8630,554857.611000,37.3527213000,-121.9157727000,19.9720
1787575491.697,2026-08-24 17:44:51,2021-06-19 10:07:37.200,37.3527220600,-121.9157725700,19.8390,554857.711000,37.3527213000,-121.9157727000,19.9730
1787575491.797,2026-08-24 17:44:51,2021-06-19 10:07:37.300,37.3527217200,-121.9157726400,19.9600,554857.811000,37.3527213000,-121.9157727000,19.9720
1787575491.898,2026-08-24 17:44:51,2021-06-19 10:07:37.400,37.3527215500,-121.9157723900,20.1090,554857.911000,37.3527213000,-121.9157727000,19.9760
1787575491.998,2026-08-24 17:44:51,2021-06-19 10:07:37.500,37.3527214700,-121.9157725600,19.9280,554858.011000,37.3527213000,-121.9157727000,19.9780
1787575492.099,2026-08-24 17:44:52,2021-06-19 10:07:37.600,37.3527216200,-121.9157726500,19.8800,554858.111000,37.3527213000,-121.9157728000,19.9730
1787575492.200,2026-08-24 17:44:52,2021-06-19 10:07:37.700,37.3527217300,-121.9157728800,19.9400,554858.216000,37.3527213000,-121.9157728000,19.9720
1787575492.300,2026-08-24 17:44:52,2021-06-19 10:07:37.800,37.3527216900,-121.9157725800,19.9700,554858.316000,37.3527213000,-121.9157727000,19.9690
1787575492.400,2026-08-24 17:44:52,2021-06-19 10:07:37.900,37.3527218500,-121.9157722600,20.0480,554858.416000,37.3527213000,-121.9157727000,19.9630
1787575492.501,2026-08-24 17:44:52,2021-06-19 10:07:38.000,37.3527216400,-121.9157726600,19.9180,554858.516000,37.3527214000,-121.9157727000,19.9650
1787575492.602,2026-08-24 17:44:52,2021-06-19 10:07:38.100,37.3527217300,-121.9157727000,19.9250,554858.616000,37.3527214000,-121.9157726000,19.9610
1787575492.703,2026-08-24 17:44:52,2021-06-19 10:07:38.200,37.3527218500,-121.9157727000,19.9400,554858.721000,37.3527214000,-121.9157727000,19.9570
1787575492.804,2026-08-24 17:44:52,2021-06-19 10:07:38.300,37.3527214800,-121.9157725000,20.0330,554858.821000,37.3527214000,-121.9157727000,19.9560
1787575492.904,2026-08-24 17:44:52,2021-06-19 10:07:38.400,37.3527212500,-121.9157723700,20.0720,554858.921000,37.3527213000,-121.9157727000,19.9540
1787575493.005,2026-08-24 17:44:53,2021-06-19 10:07:38.500,37.3527214200,-121.9157723700,19.9980,554859.016000,37.3527213000,-121.9157727000,19.9530
1787575493.106,2026-08-24 17:44:53,2021-06-19 10:07:38.600,37.3527218000,-121.9157723700,20.0900,554859.121000,37.3527213000,-121.9157727000,19.9530
1787575493.207,2026-08-24 17:44:53,2021-06-19 10:07:38.700,37.3527215500,-121.9157723200,20.1740,554859.221000,37.3527213000,-121.9157727000,19.9480
1787575493.307,2026-08-24 17:44:53,2021-06-19 10:07:38.800,37.3527215900,-121.9157721700,20.2870,554859.321000,37.3527213000,-121.9157727000,19.9530
1787575493.409,2026-08-24 17:44:53,2021-06-19 10:07:38.900,37.3527215200,-121.9157719100,20.2390,554859.422000,37.3527213000,-121.9157727000,19.9560
1787575493.509,2026-08-24 17:44:53,2021-06-19 10:07:39.000,37.3527220300,-121.9157722900,20.1260,554859.527000,37.3527213000,-121.9157727000,19.9500
1787575493.609,2026-08-24 17:44:53,2021-06-19 10:07:39.100,37.3527219900,-121.9157723300,20.1850,554859.627000,37.3527213000,-121.9157727000,19.9620
1787575493.713,2026-08-24 17:44:53,2021-06-19 10:07:39.300,37.3527217400,-121.9157719400,20.4140,554859.732000,37.3527214000,-121.9157728000,19.9650
1787575493.915,2026-08-24 17:44:53,2021-06-19 10:07:39.400,37.3527214200,-121.9157723000,20.2860,554859.932000,37.3527213000,-121.9157728000,19.9670
1787575494.016,2026-08-24 17:44:54,2021-06-19 10:07:39.500,37.3527216600,-121.9157726100,20.1650,554860.032000,37.3527214000,-121.9157728000,19.9720
1787575494.116,2026-08-24 17:44:54,2021-06-19 10:07:39.600,37.3527217700,-121.9157726200,20.1490,554860.132000,37.3527214000,-121.9157728000,19.9680
1787575494.217,2026-08-24 17:44:54,2021-06-19 10:07:39.700,37.3527215500,-121.9157724900,20.1620,554860.232000,37.3527214000,-121.9157728000,19.9690
1787575494.317,2026-08-24 17:44:54,2021-06-19 10:07:39.800,37.3527212500,-121.9157724800,20.2190,554860.332000,37.3527213000,-121.9157728000,19.9690
1787575494.418,2026-08-24 17:44:54,2021-06-19 10:07:39.900,37.3527215400,-121.9157724900,20.1200,554860.432000,37.3527214000,-121.9157728000,19.9690
1787575494.519,2026-08-24 17:44:54,2021-06-19 10:07:40.000,37.3527214900,-121.9157727600,19.9920,554860.532000,37.3527213000,-121.9157728000,19.9730
1787575494.619,2026-08-24 17:44:54,2021-06-19 10:07:40.100,37.3527213500,-121.9157727200,20.0420,554860.632000,37.3527214000,-121.9157728000,19.9690
1787575494.720,2026-08-24 17:44:54,2021-06-19 10:07:40.200,37.3527214000,-121.9157725800,20.0880,554860.737000,37.3527214000,-121.9157728000,19.9680
1787575494.821,2026-08-24 17:44:54,2021-06-19 10:07:40.300,37.3527212900,-121.9157725200,20.1830,554860.837000,37.3527214000,-121.9157728000,19.9670
1787575494.922,2026-08-24 17:44:54,2021-06-19 10:07:40.500,37.3527216800,-121.9157729200,20.0060,554860.937000,37.3527214000,-121.9157728000,19.9680
1787575495.022,2026-08-24 17:44:55,2021-06-19 10:07:40.600,37.3527217100,-121.9157726900,20.0310,554861.037000,37.3527214000,-121.9157728000,19.9610
1787575495.123,2026-08-24 17:44:55,2021-06-19 10:07:40.700,37.3527219400,-121.9157725200,20.1230,554861.137000,37.3527215000,-121.9157728000,19.9610
1787575495.223,2026-08-24 17:44:55,2021-06-19 10:07:40.800,37.3527218800,-121.9157727800,20.1930,554861.237000,37.3527215000,-121.9157728000,19.9580
1787575495.324,2026-08-24 17:44:55,2021-06-19 10:07:40.900,37.3527217900,-121.9157727200,20.0750,554861.342000,37.3527215000,-121.9157728000,19.9570
1787575495.425,2026-08-24 17:44:55,2021-06-19 10:07:41.000,37.3527219100,-121.9157728600,19.8910,554861.442000,37.3527215000,-121.9157728000,19.9610
1787575495.526,2026-08-24 17:44:55,2021-06-19 10:07:41.100,37.3527216200,-121.9157729000,19.9370,554861.542000,37.3527215000,-121.9157728000,19.9590
1787575495.633,2026-08-24 17:44:55,2021-06-19 10:07:41.200,37.3527217900,-121.9157727000,20.0570,554861.652000,37.3527214000,-121.9157728000,19.9610
1787575495.734,2026-08-24 17:44:55,2021-06-19 10:07:41.300,37.3527218600,-121.9157726600,20.1130,554861.752000,37.3527215000,-121.9157727000,19.9650
1787575495.835,2026-08-24 17:44:55,2021-06-19 10:07:41.400,37.3527219100,-121.9157726100,19.9790,554861.852000,37.3527215000,-121.9157727000,19.9690
1787575495.935,2026-08-24 17:44:55,2021-06-19 10:07:41.500,37.3527217500,-121.9157728000,19.8640,554861.952000,37.3527215000,-121.9157727000,19.9740
1787575496.036,2026-08-24 17:44:56,2021-06-19 10:07:41.600,37.3527216200,-121.9157727400,19.8450,554862.052000,37.3527215000,-121.9157727000,19.9710
1787575496.137,2026-08-24 17:44:56,2021-06-19 10:07:41.700,37.3527216900,-121.9157727100,19.9360,554862.152000,37.3527215000,-121.9157727000,19.9730
1787575496.238,2026-08-24 17:44:56,2021-06-19 10:07:41.800,37.3527214000,-121.9157728100,19.9580,554862.253000,37.3527215000,-121.9157727000,19.9700
1787575496.338,2026-08-24 17:44:56,2021-06-19 10:07:41.900,37.3527212000,-121.9157726500,19.8810,554862.353000,37.3527215000,-121.9157727000,19.9640
1787575496.439,2026-08-24 17:44:56,2021-06-19 10:07:42.000,37.3527211800,-121.9157728200,19.7930,554862.453000,37.3527215000,-121.9157727000,19.9690
1787575496.540,2026-08-24 17:44:56,2021-06-19 10:07:42.100,37.3527212600,-121.9157728800,19.9310,554862.558000,37.3527215000,-121.9157727000,19.9770
1787575496.640,2026-08-24 17:44:56,2021-06-19 10:07:42.200,37.3527213600,-121.9157727600,20.1030,554862.658000,37.3527215000,-121.9157727000,19.9720
1787575496.741,2026-08-24 17:44:56,2021-06-19 10:07:42.300,37.3527211800,-121.9157726400,20.0170,554862.758000,37.3527215000,-121.9157727000,19.9750
1787575496.842,2026-08-24 17:44:56,2021-06-19 10:07:42.400,37.3527210700,-121.9157726400,19.9600,554862.858000,37.3527214000,-121.9157727000,19.9760
1787575496.943,2026-08-24 17:44:56,2021-06-19 10:07:42.500,37.3527212200,-121.9157728300,19.9000,554862.958000,37.3527215000,-121.9157727000,19.9850
1787575497.043,2026-08-24 17:44:57,2021-06-19 10:07:42.600,37.3527214000,-121.9157729700,20.0180,554863.063000,37.3527215000,-121.9157727000,19.9850
1787575497.144,2026-08-24 17:44:57,2021-06-19 10:07:42.700,37.3527214900,-121.9157725300,20.1740,554863.163000,37.3527214000,-121.9157727000,19.9820
1787575497.245,2026-08-24 17:44:57,2021-06-19 10:07:42.800,37.3527211400,-121.9157725800,20.0900,554863.263000,37.3527214000,-121.9157727000,19.9790
1787575497.345,2026-08-24 17:44:57,2021-06-19 10:07:42.900,37.3527209700,-121.9157724800,20.0520,554863.363000,37.3527214000,-121.9157727000,19.9810
1787575497.446,2026-08-24 17:44:57,2021-06-19 10:07:43.000,37.3527212200,-121.9157727300,19.9810,554863.463000,37.3527215000,-121.9157726000,19.9800
1787575497.546,2026-08-24 17:44:57,2021-06-19 10:07:43.100,37.3527210500,-121.9157728100,20.0900,554863.563000,37.3527215000,-121.9157727000,19.9770
1787575497.647,2026-08-24 17:44:57,2021-06-19 10:07:43.200,37.3527211100,-121.9157725800,20.2490,554863.663000,37.3527215000,-121.9157727000,19.9760
1787575497.748,2026-08-24 17:44:57,2021-06-19 10:07:43.300,37.3527208600,-121.9157725600,20.1390,554863.763000,37.3527215000,-121.9157727000,19.9800
1787575497.848,2026-08-24 17:44:57,2021-06-19 10:07:43.400,37.3527208000,-121.9157725700,20.0740,554863.863000,37.3527216000,-121.9157727000,19.9870
1787575497.949,2026-08-24 17:44:57,2021-06-19 10:07:43.500,37.3527212300,-121.9157728600,20.0970,554863.963000,37.3527216000,-121.9157727000,19.9890
1787575498.050,2026-08-24 17:44:58,2021-06-19 10:07:43.600,37.3527213100,-121.9157727700,20.1630,554864.068000,37.3527216000,-121.9157727000,19.9880
1787575498.151,2026-08-24 17:44:58,2021-06-19 10:07:43.700,37.3527213300,-121.9157723100,20.3400,554864.168000,37.3527215000,-121.9157728000,19.9870
1787575498.252,2026-08-24 17:44:58,2021-06-19 10:07:43.800,37.3527211400,-121.9157724300,20.2530,554864.268000,37.3527216000,-121.9157727000,19.9900
1787575498.352,2026-08-24 17:44:58,2021-06-19 10:07:43.900,37.3527211800,-121.9157726300,20.2340,554864.368000,37.3527216000,-121.9157727000,20.0000
1787575498.453,2026-08-24 17:44:58,2021-06-19 10:07:44.000,37.3527214800,-121.9157727700,20.1880,554864.468000,37.3527216000,-121.9157727000,20.0060
1787575498.554,2026-08-24 17:44:58,2021-06-19 10:07:44.100,37.3527213100,-121.9157726000,20.3320,554864.573000,37.3527216000,-121.9157727000,20.0050
1787575498.655,2026-08-24 17:44:58,2021-06-19 10:07:44.200,37.3527211300,-121.9157725500,20.4420,554864.673000,37.3527217000,-121.9157728000,20.0060
1787575498.755,2026-08-24 17:44:58,2021-06-19 10:07:44.300,37.3527208200,-121.9157724500,20.3540,554864.768000,37.3527217000,-121.9157728000,20.0060
1787575498.856,2026-08-24 17:44:58,2021-06-19 10:07:44.400,37.3527209100,-121.9157726000,20.2930,554864.873000,37.3527216000,-121.9157728000,20.0060
1787575498.957,2026-08-24 17:44:58,2021-06-19 10:07:44.500,37.3527208800,-121.9157726600,20.2040,554864.973000,37.3527216000,-121.9157728000,20.0060
1787575499.058,2026-08-24 17:44:59,2021-06-19 10:07:44.600,37.3527209200,-121.9157726900,20.2570,554865.073000,37.3527216000,-121.9157727000,20.0010
1787575499.159,2026-08-24 17:44:59,2021-06-19 10:07:44.700,37.3527208100,-121.9157724400,20.2610,554865.173000,37.3527216000,-121.9157727000,20.0010
1787575499.260,2026-08-24 17:44:59,2021-06-19 10:07:44.800,37.3527206300,-121.9157726500,20.1280,554865.273000,37.3527215000,-121.9157727000,20.0040
1787575499.360,2026-08-24 17:44:59,2021-06-19 10:07:44.900,37.3527206100,-121.9157729100,20.0710,554865.373000,37.3527215000,-121.9157727000,20.0060
1787575499.461,2026-08-24 17:44:59,2021-06-19 10:07:45.000,37.3527206800,-121.9157727900,19.9720,554865.478000,37.3527215000,-121.9157728000,19.9970
1787575499.562,2026-08-24 17:44:59,2021-06-19 10:07:45.100,37.3527204400,-121.9157727700,20.0590,554865.578000,37.3527215000,-121.9157727000,20.0020
1787575499.663,2026-08-24 17:44:59,2021-06-19 10:07:45.200,37.3527203800,-121.9157727600,20.2070,554865.679000,37.3527215000,-121.9157727000,20.0040
1787575499.764,2026-08-24 17:44:59,2021-06-19 10:07:45.300,37.3527203100,-121.9157729200,20.1380,554865.784000,37.3527216000,-121.9157727000,20.0020
1787575499.864,2026-08-24 17:44:59,2021-06-19 10:07:45.400,37.3527201300,-121.9157728900,20.0670,554865.879000,37.3527214000,-121.9157727000,20.0040
1787575499.965,2026-08-24 17:44:59,2021-06-19 10:07:45.500,37.3527201800,-121.9157729400,19.9880,554865.979000,37.3527214000,-121.9157727000,19.9960
1787575500.065,2026-08-24 17:45:00,2021-06-19 10:07:45.600,37.3527203600,-121.9157729200,20.1030,554866.084000,37.3527214000,-121.9157727000,19.9970
1787575500.166,2026-08-24 17:45:00,2021-06-19 10:07:45.700,37.3527205700,-121.9157727300,20.1880,554866.184000,37.3527214000,-121.9157727000,19.9950
1787575500.267,2026-08-24 17:45:00,2021-06-19 10:07:45.800,37.3527202800,-121.9157728500,20.0690,554866.284000,37.3527214000,-121.9157727000,19.9990
1787575500.368,2026-08-24 17:45:00,2021-06-19 10:07:45.900,37.3527201300,-121.9157729500,19.9480,554866.389000,37.3527214000,-121.9157727000,19.9970
1787575500.469,2026-08-24 17:45:00,2021-06-19 10:07:46.000,37.3527202000,-121.9157730100,19.8550,554866.484000,37.3527214000,-121.9157727000,19.9990
1787575500.570,2026-08-24 17:45:00,2021-06-19 10:07:46.100,37.3527202700,-121.9157729700,19.8940,554866.584000,37.3527214000,-121.9157726000,19.9990
1787575500.671,2026-08-24 17:45:00,2021-06-19 10:07:46.200,37.3527204100,-121.9157727200,20.0450,554866.689000,37.3527214000,-121.9157727000,20.0000
1787575500.771,2026-08-24 17:45:00,2021-06-19 10:07:46.300,37.3527203900,-121.9157729000,19.8920,554866.789000,37.3527214000,-121.9157727000,19.9980
1787575500.872,2026-08-24 17:45:00,2021-06-19 10:07:46.400,37.3527201900,-121.9157730700,19.7690,554866.889000,37.3527214000,-121.9157727000,19.9940
1787575500.972,2026-08-24 17:45:00,2021-06-19 10:07:46.500,37.3527204000,-121.9157731100,19.6630,554866.989000,37.3527214000,-121.9157727000,19.9850
1787575501.073,2026-08-24 17:45:01,2021-06-19 10:07:46.600,37.3527205300,-121.9157733200,19.7580,554867.089000,37.3527214000,-121.9157727000,19.9860
1787575501.174,2026-08-24 17:45:01,2021-06-19 10:07:46.700,37.3527207200,-121.9157731500,19.8540,554867.194000,37.3527214000,-121.9157727000,19.9790
1787575501.274,2026-08-24 17:45:01,2021-06-19 10:07:46.800,37.3527205000,-121.9157730200,19.7310,554867.294000,37.3527214000,-121.9157727000,19.9730
1787575501.375,2026-08-24 17:45:01,2021-06-19 10:07:46.900,37.3527203900,-121.9157731800,19.7390,554867.394000,37.3527214000,-121.9157727000,19.9750
1787575501.476,2026-08-24 17:45:01,2021-06-19 10:07:47.000,37.3527203800,-121.9157732700,19.6890,554867.494000,37.3527213000,-121.9157727000,19.9740
1787575501.577,2026-08-24 17:45:01,2021-06-19 10:07:47.100,37.3527207600,-121.9157733900,19.7620,554867.599000,37.3527214000,-121.9157727000,19.9680
1787575501.678,2026-08-24 17:45:01,2021-06-19 10:07:47.200,37.3527205900,-121.9157731200,19.9130,554867.694000,37.3527214000,-121.9157727000,19.9640
1787575501.779,2026-08-24 17:45:01,2021-06-19 10:07:47.300,37.3527204200,-121.9157733300,19.8030,554867.794000,37.3527213000,-121.9157727000,19.9670
1787575501.880,2026-08-24 17:45:01,2021-06-19 10:07:47.400,37.3527203800,-121.9157733700,19.7200,554867.899000,37.3527213000,-121.9157727000,19.9600
1787575501.981,2026-08-24 17:45:01,2021-06-19 10:07:47.500,37.3527209600,-121.9157734000,19.7010,554867.999000,37.3527214000,-121.9157726000,19.9560
1787575502.081,2026-08-24 17:45:02,2021-06-19 10:07:47.600,37.3527208900,-121.9157733900,19.8250,554868.099000,37.3527214000,-121.9157727000,19.9470
1787575502.182,2026-08-24 17:45:02,2021-06-19 10:07:47.700,37.3527210100,-121.9157731600,19.9390,554868.199000,37.3527214000,-121.9157727000,19.9470
1787575502.282,2026-08-24 17:45:02,2021-06-19 10:07:47.800,37.3527208100,-121.9157730800,19.8290,554868.304000,37.3527213000,-121.9157727000,19.9420
1787575502.383,2026-08-24 17:45:02,2021-06-19 10:07:47.900,37.3527207900,-121.9157731100,19.8060,554868.399000,37.3527214000,-121.9157727000,19.9420
1787575502.484,2026-08-24 17:45:02,2021-06-19 10:07:48.000,37.3527211100,-121.9157733000,19.8160,554868.504000,37.3527214000,-121.9157727000,19.9380
1787575502.585,2026-08-24 17:45:02,2021-06-19 10:07:48.100,37.3527208800,-121.9157731400,19.8730,554868.599000,37.3527214000,-121.9157727000,19.9340
1787575502.686,2026-08-24 17:45:02,2021-06-19 10:07:48.200,37.3527210900,-121.9157727800,20.0380,554868.704000,37.3527214000,-121.9157727000,19.9260
1787575502.787,2026-08-24 17:45:02,2021-06-19 10:07:48.300,37.3527207800,-121.9157729000,19.9680,554868.804000,37.3527214000,-121.9157727000,19.9290
1787575502.887,2026-08-24 17:45:02,2021-06-19 10:07:48.400,37.3527205300,-121.9157729700,19.9490,554868.904000,37.3527214000,-121.9157727000,19.9360
1787575502.989,2026-08-24 17:45:02,2021-06-19 10:07:48.500,37.3527210500,-121.9157728600,19.9310,554869.009000,37.3527214000,-121.9157727000,19.9360
1787575503.090,2026-08-24 17:45:03,2021-06-19 10:07:48.600,37.3527208500,-121.9157726300,20.0790,554869.109000,37.3527213000,-121.9157727000,19.9360
1787575503.191,2026-08-24 17:45:03,2021-06-19 10:07:48.700,37.3527209700,-121.9157725600,20.2660,554869.209000,37.3527214000,-121.9157728000,19.9390
1787575503.292,2026-08-24 17:45:03,2021-06-19 10:07:48.800,37.3527208800,-121.9157726100,20.1700,554869.309000,37.3527214000,-121.9157727000,19.9410
1787575503.392,2026-08-24 17:45:03,2021-06-19 10:07:48.900,37.3527208500,-121.9157728700,20.1500,554869.409000,37.3527214000,-121.9157727000,19.9370
1787575503.492,2026-08-24 17:45:03,2021-06-19 10:07:49.000,37.3527208700,-121.9157728200,20.1380,554869.509000,37.3527213000,-121.9157727000,19.9330
1787575503.593,2026-08-24 17:45:03,2021-06-19 10:07:49.100,37.3527212700,-121.9157726700,20.2600,554869.609000,37.3527214000,-121.9157727000,19.9370
1787575503.694,2026-08-24 17:45:03,2021-06-19 10:07:49.200,37.3527214400,-121.9157724200,20.4070,554869.709000,37.3527213000,-121.9157727000,19.9390
1787575503.794,2026-08-24 17:45:03,2021-06-19 10:07:49.300,37.3527211400,-121.9157725300,20.3000,554869.814000,37.3527214000,-121.9157727000,19.9470
1787575503.895,2026-08-24 17:45:03,2021-06-19 10:07:49.400,37.3527211000,-121.9157728800,20.2320,554869.914000,37.3527214000,-121.9157727000,19.9480
1787575503.996,2026-08-24 17:45:03,2021-06-19 10:07:49.500,37.3527213000,-121.9157727200,20.1120,554870.014000,37.3527214000,-121.9157727000,19.9530
1787575504.098,2026-08-24 17:45:04,2021-06-19 10:07:49.600,37.3527211300,-121.9157724900,20.1640,554870.114000,37.3527214000,-121.9157727000,19.9620
1787575504.199,2026-08-24 17:45:04,2021-06-19 10:07:49.700,37.3527211700,-121.9157725700,20.2330,554870.219000,37.3527214000,-121.9157727000,19.9640
1787575504.299,2026-08-24 17:45:04,2021-06-19 10:07:49.800,37.3527211900,-121.9157725600,20.1200,554870.319000,37.3527214000,-121.9157727000,19.9650
1787575504.400,2026-08-24 17:45:04,2021-06-19 10:07:49.900,37.3527212700,-121.9157727100,19.9810,554870.414000,37.3527215000,-121.9157727000,19.9740
1787575504.501,2026-08-24 17:45:04,2021-06-19 10:07:50.000,37.3527211300,-121.9157728300,19.9210,554870.519000,37.3527215000,-121.9157727000,19.9750
1787575504.601,2026-08-24 17:45:04,2021-06-19 10:07:50.100,37.3527210700,-121.9157726200,20.0060,554870.619000,37.3527215000,-121.9157727000,19.9720
1787575504.702,2026-08-24 17:45:04,2021-06-19 10:07:50.200,37.3527210700,-121.9157726100,20.1320,554870.724000,37.3527215000,-121.9157727000,19.9710
1787575504.803,2026-08-24 17:45:04,2021-06-19 10:07:50.300,37.3527211400,-121.9157725600,20.1520,554870.819000,37.3527215000,-121.9157727000,19.9680
1787575504.904,2026-08-24 17:45:04,2021-06-19 10:07:50.400,37.3527209500,-121.9157727300,20.0490,554870.924000,37.3527215000,-121.9157727000,19.9640
1787575505.004,2026-08-24 17:45:05,2021-06-19 10:07:50.500,37.3527213700,-121.9157726400,19.9780,554871.019000,37.3527215000,-121.9157726000,19.9610
1787575505.105,2026-08-24 17:45:05,2021-06-19 10:07:50.600,37.3527210800,-121.9157724900,20.0860,554871.124000,37.3527215000,-121.9157727000,19.9570
1787575505.206,2026-08-24 17:45:05,2021-06-19 10:07:50.700,37.3527213100,-121.9157725400,20.2240,554871.224000,37.3527216000,-121.9157727000,19.9580
1787575505.307,2026-08-24 17:45:05,2021-06-19 10:07:50.800,37.3527209400,-121.9157724800,20.2840,554871.324000,37.3527215000,-121.9157727000,19.9560
1787575505.407,2026-08-24 17:45:05,2021-06-19 10:07:50.900,37.3527207500,-121.9157726400,20.1170,554871.424000,37.3527215000,-121.9157727000,19.9620
1787575505.508,2026-08-24 17:45:05,2021-06-19 10:07:51.000,37.3527209300,-121.9157726100,20.0040,554871.524000,37.3527214000,-121.9157726000,19.9630
1787575505.609,2026-08-24 17:45:05,2021-06-19 10:07:51.100,37.3527209900,-121.9157728600,20.0590,554871.624000,37.3527214000,-121.9157726000,19.9640
1787575505.710,2026-08-24 17:45:05,2021-06-19 10:07:51.200,37.3527209400,-121.9157726900,20.1880,554871.729000,37.3527213000,-121.9157726000,19.9680
1787575505.811,2026-08-24 17:45:05,2021-06-19 10:07:51.300,37.3527209700,-121.9157723100,20.2660,554871.829000,37.3527213000,-121.9157726000,19.9710
1787575505.912,2026-08-24 17:45:05,2021-06-19 10:07:51.400,37.3527208900,-121.9157725700,20.1260,554871.929000,37.3527213000,-121.9157726000,19.9750
1787575506.013,2026-08-24 17:45:06,2021-06-19 10:07:51.500,37.3527211000,-121.9157727800,19.9690,554872.034000,37.3527212000,-121.9157726000,19.9680
1787575506.113,2026-08-24 17:45:06,2021-06-19 10:07:51.600,37.3527215700,-121.9157729100,19.9880,554872.129000,37.3527212000,-121.9157726000,19.9680
1787575506.213,2026-08-24 17:45:06,2021-06-19 10:07:51.700,37.3527216700,-121.9157727900,19.9670,554872.234000,37.3527213000,-121.9157726000,19.9720
1787575506.314,2026-08-24 17:45:06,2021-06-19 10:07:51.800,37.3527214700,-121.9157726300,20.1040,554872.329000,37.3527213000,-121.9157726000,19.9800
1787575506.415,2026-08-24 17:45:06,2021-06-19 10:07:51.900,37.3527214100,-121.9157726900,19.9480,554872.429000,37.3527213000,-121.9157726000,19.9850
1787575506.515,2026-08-24 17:45:06,2021-06-19 10:07:52.000,37.3527215600,-121.9157728200,19.8730,554872.535000,37.3527213000,-121.9157727000,19.9850
1787575506.615,2026-08-24 17:45:06,2021-06-19 10:07:52.100,37.3527219200,-121.9157731400,19.8830,554872.635000,37.3527213000,-121.9157727000,19.9830
1787575506.716,2026-08-24 17:45:06,2021-06-19 10:07:52.200,37.3527218700,-121.9157730600,19.9740,554872.735000,37.3527214000,-121.9157727000,19.9790
1787575506.816,2026-08-24 17:45:06,2021-06-19 10:07:52.300,37.3527217900,-121.9157727000,20.1130,554872.835000,37.3527214000,-121.9157727000,19.9790
1787575506.916,2026-08-24 17:45:06,2021-06-19 10:07:52.400,37.3527217200,-121.9157727400,20.0340,554872.940000,37.3527213000,-121.9157726000,19.9840
1787575507.017,2026-08-24 17:45:07,2021-06-19 10:07:52.500,37.3527219200,-121.9157729400,19.9490,554873.035000,37.3527213000,-121.9157726000,19.9830
1787575507.118,2026-08-24 17:45:07,2021-06-19 10:07:52.600,37.3527219000,-121.9157727600,19.9320,554873.140000,37.3527213000,-121.9157726000,19.9750
1787575507.218,2026-08-24 17:45:07,2021-06-19 10:07:52.700,37.3527220200,-121.9157726200,19.9890,554873.235000,37.3527213000,-121.9157726000,19.9780
1787575507.319,2026-08-24 17:45:07,2021-06-19 10:07:52.800,37.3527218300,-121.9157723400,20.1430,554873.335000,37.3527213000,-121.9157726000,19.9810
1787575507.419,2026-08-24 17:45:07,2021-06-19 10:07:52.900,37.3527220000,-121.9157725600,20.0930,554873.440000,37.3527213000,-121.9157726000,19.9740
1787575507.520,2026-08-24 17:45:07,2021-06-19 10:07:53.000,37.3527221000,-121.9157726200,19.9830,554873.535000,37.3527213000,-121.9157726000,19.9790
1787575507.621,2026-08-24 17:45:07,2021-06-19 10:07:53.100,37.3527220100,-121.9157726500,19.9810,554873.640000,37.3527213000,-121.9157726000,19.9850
1787575507.722,2026-08-24 17:45:07,2021-06-19 10:07:53.300,37.3527217500,-121.9157724400,20.1070,554873.740000,37.3527214000,-121.9157726000,19.9800
1787575507.823,2026-08-24 17:45:07,2021-06-19 10:07:53.400,37.3527217700,-121.9157724700,20.1770,554873.840000,37.3527213000,-121.9157726000,19.9810
1787575507.923,2026-08-24 17:45:07,2021-06-19 10:07:53.500,37.3527219900,-121.9157726500,20.0480,554873.940000,37.3527214000,-121.9157726000,19.9770
1787575508.023,2026-08-24 17:45:08,2021-06-19 10:07:53.600,37.3527220700,-121.9157726000,20.0920,554874.040000,37.3527214000,-121.9157726000,19.9710
1787575508.124,2026-08-24 17:45:08,2021-06-19 10:07:53.700,37.3527220500,-121.9157725200,20.0760,554874.145000,37.3527213000,-121.9157726000,19.9660
1787575508.233,2026-08-24 17:45:08,2021-06-19 10:07:53.800,37.3527221400,-121.9157723400,20.2470,554874.240000,37.3527214000,-121.9157726000,19.9720
1787575508.333,2026-08-24 17:45:08,2021-06-19 10:07:53.900,37.3527221300,-121.9157725700,20.3510,554874.355000,37.3527214000,-121.9157726000,19.9720
1787575508.434,2026-08-24 17:45:08,2021-06-19 10:07:54.000,37.3527221500,-121.9157725600,20.1900,554874.455000,37.3527214000,-121.9157726000,19.9770
1787575508.535,2026-08-24 17:45:08,2021-06-19 10:07:54.100,37.3527221200,-121.9157725000,20.1700,554874.555000,37.3527214000,-121.9157726000,19.9750
1787575508.636,2026-08-24 17:45:08,2021-06-19 10:07:54.200,37.3527218500,-121.9157726700,20.2040,554874.655000,37.3527214000,-121.9157726000,19.9760
1787575508.736,2026-08-24 17:45:08,2021-06-19 10:07:54.300,37.3527222000,-121.9157724300,20.3570,554874.755000,37.3527214000,-121.9157726000,19.9760
1787575508.837,2026-08-24 17:45:08,2021-06-19 10:07:54.400,37.3527224300,-121.9157723100,20.4570,554874.855000,37.3527214000,-121.9157726000,19.9760
1787575508.937,2026-08-24 17:45:08,2021-06-19 10:07:54.500,37.3527225600,-121.9157725000,20.2870,554874.960000,37.3527214000,-121.9157726000,19.9790
1787575509.038,2026-08-24 17:45:09,2021-06-19 10:07:54.600,37.3527222200,-121.9157725300,20.2350,554875.055000,37.3527214000,-121.9157726000,19.9810
1787575509.139,2026-08-24 17:45:09,2021-06-19 10:07:54.700,37.3527224200,-121.9157727900,20.1870,554875.155000,37.3527215000,-121.9157726000,19.9850
1787575509.240,2026-08-24 17:45:09,2021-06-19 10:07:54.800,37.3527224000,-121.9157726300,20.1740,554875.260000,37.3527215000,-121.9157726000,19.9880
1787575509.340,2026-08-24 17:45:09,2021-06-19 10:07:54.900,37.3527223200,-121.9157725400,20.2060,554875.360000,37.3527215000,-121.9157727000,19.9880
1787575509.441,2026-08-24 17:45:09,2021-06-19 10:07:55.000,37.3527222700,-121.9157724800,20.1000,554875.460000,37.3527215000,-121.9157726000,19.9870
1787575509.542,2026-08-24 17:45:09,2021-06-19 10:07:55.100,37.3527225100,-121.9157725900,19.9760,554875.560000,37.3527215000,-121.9157726000,19.9900
1787575509.643,2026-08-24 17:45:09,2021-06-19 10:07:55.200,37.3527226700,-121.9157728700,19.9720,554875.665000,37.3527216000,-121.9157726000,19.9900
1787575509.744,2026-08-24 17:45:09,2021-06-19 10:07:55.300,37.3527225600,-121.9157728100,20.0200,554875.760000,37.3527216000,-121.9157726000,19.9880
1787575509.845,2026-08-24 17:45:09,2021-06-19 10:07:55.400,37.3527223100,-121.9157724100,20.1000,554875.860000,37.3527216000,-121.9157726000,19.9800
1787575509.946,2026-08-24 17:45:09,2021-06-19 10:07:55.500,37.3527224100,-121.9157723500,20.1310,554875.965000,37.3527216000,-121.9157726000,19.9860
1787575510.046,2026-08-24 17:45:10,2021-06-19 10:07:55.600,37.3527224100,-121.9157726400,20.1000,554876.065000,37.3527216000,-121.9157726000,19.9930
1787575510.148,2026-08-24 17:45:10,2021-06-19 10:07:55.700,37.3527223900,-121.9157726500,20.0390,554876.165000,37.3527217000,-121.9157726000,19.9890
1787575510.248,2026-08-24 17:45:10,2021-06-19 10:07:55.800,37.3527221100,-121.9157725200,20.0380,554876.265000,37.3527216000,-121.9157726000,19.9890
1787575510.349,2026-08-24 17:45:10,2021-06-19 10:07:55.900,37.3527220800,-121.9157725700,20.1140,554876.370000,37.3527216000,-121.9157726000,19.9840
1787575510.450,2026-08-24 17:45:10,2021-06-19 10:07:56.000,37.3527221200,-121.9157727500,20.1940,554876.465000,37.3527216000,-121.9157726000,19.9840
1787575510.551,2026-08-24 17:45:10,2021-06-19 10:07:56.100,37.3527223700,-121.9157728600,20.0750,554876.565000,37.3527216000,-121.9157726000,19.9930
1787575510.651,2026-08-24 17:45:10,2021-06-19 10:07:56.200,37.3527222600,-121.9157730400,19.9390,554876.670000,37.3527216000,-121.9157726000,20.0000
1787575510.752,2026-08-24 17:45:10,2021-06-19 10:07:56.300,37.3527221200,-121.9157728900,19.9210,554876.770000,37.3527217000,-121.9157726000,19.9980
1787575510.852,2026-08-24 17:45:10,2021-06-19 10:07:56.400,37.3527219700,-121.9157726000,19.9560,554876.875000,37.3527217000,-121.9157727000,19.9910
1787575510.953,2026-08-24 17:45:10,2021-06-19 10:07:56.500,37.3527220100,-121.9157726400,20.0410,554876.970000,37.3527216000,-121.9157727000,19.9990
1787575511.054,2026-08-24 17:45:11,2021-06-19 10:07:56.600,37.3527218500,-121.9157726800,20.0380,554877.070000,37.3527216000,-121.9157727000,20.0020
1787575511.155,2026-08-24 17:45:11,2021-06-19 10:07:56.700,37.3527216900,-121.9157728200,19.8950,554877.175000,37.3527217000,-121.9157727000,19.9930
1787575511.256,2026-08-24 17:45:11,2021-06-19 10:07:56.800,37.3527213900,-121.9157726800,19.8080,554877.275000,37.3527217000,-121.9157727000,19.9930
1787575511.356,2026-08-24 17:45:11,2021-06-19 10:07:56.900,37.3527215400,-121.9157728200,19.7690,554877.375000,37.3527217000,-121.9157727000,19.9900
1787575511.457,2026-08-24 17:45:11,2021-06-19 10:07:57.000,37.3527214200,-121.9157730200,19.8480,554877.470000,37.3527217000,-121.9157727000,19.9890
1787575511.557,2026-08-24 17:45:11,2021-06-19 10:07:57.100,37.3527216000,-121.9157727400,19.9300,554877.575000,37.3527217000,-121.9157727000,19.9930
1787575511.658,2026-08-24 17:45:11,2021-06-19 10:07:57.200,37.3527213900,-121.9157728200,19.8060,554877.680000,37.3527217000,-121.9157727000,19.9870
1787575511.759,2026-08-24 17:45:11,2021-06-19 10:07:57.300,37.3527210600,-121.9157728700,19.7410,554877.775000,37.3527217000,-121.9157727000,19.9860
1787575511.860,2026-08-24 17:45:11,2021-06-19 10:07:57.400,37.3527211500,-121.9157729600,19.7950,554877.880000,37.3527217000,-121.9157727000,19.9860
1787575511.960,2026-08-24 17:45:11,2021-06-19 10:07:57.500,37.3527214100,-121.9157729600,19.8190,554877.975000,37.3527217000,-121.9157727000,19.9860
1787575512.060,2026-08-24 17:45:12,2021-06-19 10:07:57.600,37.3527212300,-121.9157726700,19.9980,554878.075000,37.3527217000,-121.9157727000,19.9820
1787575512.162,2026-08-24 17:45:12,2021-06-19 10:07:57.700,37.3527213000,-121.9157728300,19.9200,554878.180000,37.3527216000,-121.9157727000,19.9780
1787575512.262,2026-08-24 17:45:12,2021-06-19 10:07:57.800,37.3527209900,-121.9157725300,19.8860,554878.280000,37.3527215000,-121.9157727000,19.9720
1787575512.363,2026-08-24 17:45:12,2021-06-19 10:07:57.900,37.3527213700,-121.9157726900,19.8730,554878.380000,37.3527215000,-121.9157727000,19.9700
1787575512.463,2026-08-24 17:45:12,2021-06-19 10:07:58.000,37.3527214700,-121.9157726900,19.8890,554878.485000,37.3527215000,-121.9157727000,19.9710
1787575512.564,2026-08-24 17:45:12,2021-06-19 10:07:58.100,37.3527212600,-121.9157724800,20.0460,554878.585000,37.3527214000,-121.9157727000,19.9730
1787575512.664,2026-08-24 17:45:12,2021-06-19 10:07:58.200,37.3527211600,-121.9157722200,20.0810,554878.685000,37.3527214000,-121.9157727000,19.9740
1787575512.765,2026-08-24 17:45:12,2021-06-19 10:07:58.300,37.3527212200,-121.9157723400,20.0170,554878.780000,37.3527214000,-121.9157727000,19.9650
1787575512.866,2026-08-24 17:45:12,2021-06-19 10:07:58.400,37.3527210700,-121.9157726400,19.9640,554878.885000,37.3527213000,-121.9157727000,19.9660
1787575512.966,2026-08-24 17:45:12,2021-06-19 10:07:58.500,37.3527214200,-121.9157726200,19.8500,554878.985000,37.3527213000,-121.9157727000,19.9650
1787575513.067,2026-08-24 17:45:13,2021-06-19 10:07:58.600,37.3527214800,-121.9157722600,19.9530,554879.090000,37.3527213000,-121.9157726000,19.9630
1787575513.168,2026-08-24 17:45:13,2021-06-19 10:07:58.700,37.3527217000,-121.9157723100,20.1000,554879.185000,37.3527213000,-121.9157726000,19.9600
1787575513.269,2026-08-24 17:45:13,2021-06-19 10:07:58.800,37.3527218200,-121.9157724700,20.0330,554879.290000,37.3527213000,-121.9157726000,19.9550
1787575513.370,2026-08-24 17:45:13,2021-06-19 10:07:58.900,37.3527219000,-121.9157725100,19.9720,554879.385000,37.3527213000,-121.9157726000,19.9560
1787575513.471,2026-08-24 17:45:13,2021-06-19 10:07:59.000,37.3527218400,-121.9157724900,19.9200,554879.490000,37.3527214000,-121.9157725000,19.9540
1787575513.571,2026-08-24 17:45:13,2021-06-19 10:07:59.100,37.3527216600,-121.9157724900,20.0370,554879.590000,37.3527214000,-121.9157725000,19.9500
1787575513.671,2026-08-24 17:45:13,2021-06-19 10:07:59.200,37.3527217900,-121.9157724100,20.1900,554879.690000,37.3527214000,-121.9157726000,19.9510
1787575513.771,2026-08-24 17:45:13,2021-06-19 10:07:59.300,37.3527216700,-121.9157723200,20.1570,554879.790000,37.3527215000,-121.9157726000,19.9530
1787575513.872,2026-08-24 17:45:13,2021-06-19 10:07:59.400,37.3527214000,-121.9157725300,20.0580,554879.890000,37.3527214000,-121.9157725000,19.9550
1787575513.973,2026-08-24 17:45:13,2021-06-19 10:07:59.500,37.3527214000,-121.9157726400,19.9600,554879.995000,37.3527215000,-121.9157725000,19.9510
1787575514.074,2026-08-24 17:45:14,2021-06-19 10:07:59.600,37.3527212800,-121.9157724400,20.0760,554880.090000,37.3527214000,-121.9157726000,19.9460
1787575514.174,2026-08-24 17:45:14,2021-06-19 10:07:59.700,37.3527214400,-121.9157727000,20.2130,554880.195000,37.3527214000,-121.9157726000,19.9520
1787575514.274,2026-08-24 17:45:14,2021-06-19 10:07:59.800,37.3527211700,-121.9157724500,20.3280,554880.290000,37.3527214000,-121.9157726000,19.9600
1787575514.375,2026-08-24 17:45:14,2021-06-19 10:07:59.900,37.3527209800,-121.9157726000,20.1730,554880.394000,37.3527214000,-121.9157726000,19.9530
1787575514.476,2026-08-24 17:45:14,2021-06-19 10:08:00.000,37.3527212900,-121.9157727900,19.9830,554880.494000,37.3527213000,-121.9157726000,19.9480
1787575514.577,2026-08-24 17:45:14,2021-06-19 10:08:00.100,37.3527211700,-121.9157728800,20.0770,554880.594000,37.3527213000,-121.9157726000,19.9510
1787575514.678,2026-08-24 17:45:14,2021-06-19 10:08:00.200,37.3527211500,-121.9157727600,20.0980,554880.694000,37.3527214000,-121.9157727000,19.9490
1787575514.778,2026-08-24 17:45:14,2021-06-19 10:08:00.300,37.3527209800,-121.9157725400,20.1330,554880.798000,37.3527213000,-121.9157727000,19.9510
1787575514.878,2026-08-24 17:45:14,2021-06-19 10:08:00.400,37.3527208300,-121.9157726800,20.0570,554880.893000,37.3527213000,-121.9157727000,19.9490
1787575514.979,2026-08-24 17:45:14,2021-06-19 10:08:00.500,37.3527210100,-121.9157730200,19.8750,554880.998000,37.3527213000,-121.9157727000,19.9510
1787575515.080,2026-08-24 17:45:15,2021-06-19 10:08:00.600,37.3527213900,-121.9157729400,19.8930,554881.093000,37.3527212000,-121.9157728000,19.9530
1787575515.181,2026-08-24 17:45:15,2021-06-19 10:08:00.700,37.3527213400,-121.9157728800,19.8980,554881.198000,37.3527212000,-121.9157728000,19.9480
1787575515.281,2026-08-24 17:45:15,2021-06-19 10:08:00.800,37.3527213500,-121.9157727800,20.0040,554881.297000,37.3527212000,-121.9157728000,19.9520
1787575515.382,2026-08-24 17:45:15,2021-06-19 10:08:00.900,37.3527212600,-121.9157725100,20.1170,554881.397000,37.3527212000,-121.9157728000,19.9580
1787575515.482,2026-08-24 17:45:15,2021-06-19 10:08:01.000,37.3527217400,-121.9157730100,19.9110,554881.497000,37.3527212000,-121.9157728000,19.9630
1787575515.583,2026-08-24 17:45:15,2021-06-19 10:08:01.100,37.3527219900,-121.9157730400,19.9060,554881.602000,37.3527212000,-121.9157728000,19.9560
1787575515.683,2026-08-24 17:45:15,2021-06-19 10:08:01.200,37.3527216100,-121.9157729900,19.8650,554881.702000,37.3527212000,-121.9157727000,19.9570
1787575515.784,2026-08-24 17:45:15,2021-06-19 10:08:01.300,37.3527214300,-121.9157727000,19.9250,554881.801000,37.3527212000,-121.9157727000,19.9610
1787575515.884,2026-08-24 17:45:15,2021-06-19 10:08:01.400,37.3527211700,-121.9157725800,20.0970,554881.901000,37.3527211000,-121.9157727000,19.9610
1787575515.985,2026-08-24 17:45:15,2021-06-19 10:08:01.500,37.3527211800,-121.9157729800,20.0510,554882.001000,37.3527211000,-121.9157727000,19.9630
1787575516.086,2026-08-24 17:45:16,2021-06-19 10:08:01.600,37.3527212300,-121.9157729700,19.9310,554882.101000,37.3527211000,-121.9157727000,19.9620
1787575516.187,2026-08-24 17:45:16,2021-06-19 10:08:01.700,37.3527209900,-121.9157729900,19.8300,554882.201000,37.3527211000,-121.9157727000,19.9630
1787575516.287,2026-08-24 17:45:16,2021-06-19 10:08:01.800,37.3527208400,-121.9157728500,19.7990,554882.300000,37.3527212000,-121.9157727000,19.9540
1787575516.388,2026-08-24 17:45:16,2021-06-19 10:08:01.900,37.3527211700,-121.9157730100,19.8560,554882.405000,37.3527212000,-121.9157727000,19.9620
1787575516.489,2026-08-24 17:45:16,2021-06-19 10:08:02.000,37.3527214300,-121.9157729700,19.9500,554882.505000,37.3527212000,-121.9157727000,19.9690
1787575516.589,2026-08-24 17:45:16,2021-06-19 10:08:02.100,37.3527212000,-121.9157728500,19.8340,554882.600000,37.3527212000,-121.9157727000,19.9670
1787575516.689,2026-08-24 17:45:16,2021-06-19 10:08:02.200,37.3527208000,-121.9157729600,19.7380,554882.705000,37.3527212000,-121.9157727000,19.9600
1787575516.790,2026-08-24 17:45:16,2021-06-19 10:08:02.300,37.3527205700,-121.9157728000,19.7440,554882.799000,37.3527211000,-121.9157727000,19.9530
1787575516.890,2026-08-24 17:45:16,2021-06-19 10:08:02.400,37.3527207100,-121.9157729700,19.7250,554882.904000,37.3527211000,-121.9157727000,19.9500
1787575516.991,2026-08-24 17:45:16,2021-06-19 10:08:02.500,37.3527205300,-121.9157731600,19.7620,554883.004000,37.3527211000,-121.9157728000,19.9490
1787575517.092,2026-08-24 17:45:17,2021-06-19 10:08:02.600,37.3527206700,-121.9157727900,19.8330,554883.104000,37.3527210000,-121.9157728000,19.9390
1787575517.193,2026-08-24 17:45:17,2021-06-19 10:08:02.700,37.3527207400,-121.9157727500,19.7270,554883.208000,37.3527211000,-121.9157728000,19.9430
1787575517.293,2026-08-24 17:45:17,2021-06-19 10:08:02.800,37.3527209700,-121.9157728100,19.7640,554883.308000,37.3527210000,-121.9157728000,19.9370
1787575517.394,2026-08-24 17:45:17,2021-06-19 10:08:02.900,37.3527209800,-121.9157728800,19.8080,554883.408000,37.3527210000,-121.9157728000,19.9310
1787575517.495,2026-08-24 17:45:17,2021-06-19 10:08:03.000,37.3527210900,-121.9157729500,19.7940,554883.508000,37.3527210000,-121.9157727000,19.9290
1787575517.595,2026-08-24 17:45:17,2021-06-19 10:08:03.100,37.3527212400,-121.9157724800,19.9810,554883.603000,37.3527211000,-121.9157727000,19.9390
1787575517.695,2026-08-24 17:45:17,2021-06-19 10:08:03.200,37.3527211900,-121.9157726300,19.9550,554883.708000,37.3527211000,-121.9157728000,19.9360
1787575517.796,2026-08-24 17:45:17,2021-06-19 10:08:03.300,37.3527213500,-121.9157727900,19.9310,554883.807000,37.3527210000,-121.9157728000,19.9310
1787575517.896,2026-08-24 17:45:17,2021-06-19 10:08:03.400,37.3527214300,-121.9157725900,19.8840,554883.907000,37.3527210000,-121.9157728000,19.9270
1787575517.996,2026-08-24 17:45:17,2021-06-19 10:08:03.500,37.3527213600,-121.9157724800,19.8630,554884.007000,37.3527210000,-121.9157728000,19.9340
1787575518.097,2026-08-24 17:45:18,2021-06-19 10:08:03.600,37.3527214600,-121.9157724800,20.0070,554884.107000,37.3527209000,-121.9157728000,19.9340
1787575518.198,2026-08-24 17:45:18,2021-06-19 10:08:03.700,37.3527216100,-121.9157724100,20.1340,554884.212000,37.3527210000,-121.9157728000,19.9360
1787575518.299,2026-08-24 17:45:18,2021-06-19 10:08:03.800,37.3527215000,-121.9157723900,20.0580,554884.311000,37.3527210000,-121.9157728000,19.9370
1787575518.399,2026-08-24 17:45:18,2021-06-19 10:08:03.900,37.3527212700,-121.9157724900,19.9850,554884.411000,37.3527210000,-121.9157728000,19.9350
1787575518.500,2026-08-24 17:45:18,2021-06-19 10:08:04.000,37.3527215400,-121.9157727500,19.8030,554884.506000,37.3527210000,-121.9157729000,19.9270
1787575518.600,2026-08-24 17:45:18,2021-06-19 10:08:04.100,37.3527218300,-121.9157726700,19.8620,554884.611000,37.3527209000,-121.9157729000,19.9250
1787575518.700,2026-08-24 17:45:18,2021-06-19 10:08:04.200,37.3527220000,-121.9157727500,19.9890,554884.711000,37.3527209000,-121.9157730000,19.9190
1787575518.801,2026-08-24 17:45:18,2021-06-19 10:08:04.300,37.3527216400,-121.9157727100,20.0250,554884.810000,37.3527209000,-121.9157730000,19.9230
1787575518.902,2026-08-24 17:45:18,2021-06-19 10:08:04.400,37.3527217400,-121.9157726900,19.9150,554884.910000,37.3527209000,-121.9157729000,19.9160
1787575519.003,2026-08-24 17:45:19,2021-06-19 10:08:04.500,37.3527217700,-121.9157726900,19.8260,554885.010000,37.3527209000,-121.9157730000,19.9010
1787575519.103,2026-08-24 17:45:19,2021-06-19 10:08:04.600,37.3527218900,-121.9157729100,19.9460,554885.110000,37.3527210000,-121.9157730000,19.8980
1787575519.203,2026-08-24 17:45:19,2021-06-19 10:08:04.700,37.3527219000,-121.9157728800,20.0490,554885.215000,37.3527210000,-121.9157729000,19.8990
1787575519.304,2026-08-24 17:45:19,2021-06-19 10:08:04.800,37.3527218800,-121.9157725900,20.1900,554885.314000,37.3527210000,-121.9157729000,19.9090
1787575519.411,2026-08-24 17:45:19,2021-06-19 10:08:05.000,37.3527216500,-121.9157728600,20.0150,554885.419000,37.3527209000,-121.9157729000,19.9070
1787575519.612,2026-08-24 17:45:19,2021-06-19 10:08:05.100,37.3527218600,-121.9157727500,20.0860,554885.619000,37.3527210000,-121.9157729000,19.9120
1787575519.713,2026-08-24 17:45:19,2021-06-19 10:08:05.200,37.3527220900,-121.9157727000,20.1170,554885.719000,37.3527210000,-121.9157729000,19.9120
1787575519.813,2026-08-24 17:45:19,2021-06-19 10:08:05.300,37.3527219400,-121.9157726400,20.2740,554885.823000,37.3527210000,-121.9157728000,19.9200
1787575519.914,2026-08-24 17:45:19,2021-06-19 10:08:05.400,37.3527220800,-121.9157724100,20.3270,554885.923000,37.3527210000,-121.9157728000,19.9260
1787575520.015,2026-08-24 17:45:20,2021-06-19 10:08:05.500,37.3527223700,-121.9157726700,20.1730,554886.023000,37.3527210000,-121.9157729000,19.9270
1787575520.115,2026-08-24 17:45:20,2021-06-19 10:08:05.600,37.3527223500,-121.9157727200,20.1720,554886.123000,37.3527210000,-121.9157729000,19.9270
1787575520.216,2026-08-24 17:45:20,2021-06-19 10:08:05.700,37.3527222400,-121.9157727900,20.1000,554886.218000,37.3527211000,-121.9157729000,19.9290
1787575520.316,2026-08-24 17:45:20,2021-06-19 10:08:05.800,37.3527223200,-121.9157726700,20.0760,554886.323000,37.3527211000,-121.9157729000,19.9230
1787575520.417,2026-08-24 17:45:20,2021-06-19 10:08:05.900,37.3527222600,-121.9157725900,20.1390,554886.422000,37.3527211000,-121.9157729000,19.9220
1787575520.519,2026-08-24 17:45:20,2021-06-19 10:08:06.000,37.3527225800,-121.9157730900,20.0530,554886.527000,37.3527211000,-121.9157729000,19.9260
1787575520.619,2026-08-24 17:45:20,2021-06-19 10:08:06.100,37.3527224100,-121.9157730800,19.9650,554886.627000,37.3527212000,-121.9157729000,19.9220
1787575520.720,2026-08-24 17:45:20,2021-06-19 10:08:06.200,37.3527222500,-121.9157729900,19.8990,554886.722000,37.3527212000,-121.9157729000,19.9300
1787575520.821,2026-08-24 17:45:20,2021-06-19 10:08:06.300,37.3527220700,-121.9157729300,19.9210,554886.827000,37.3527212000,-121.9157729000,19.9270
1787575520.921,2026-08-24 17:45:20,2021-06-19 10:08:06.500,37.3527227800,-121.9157729900,20.0500,554886.926000,37.3527213000,-121.9157729000,19.9300
1787575521.032,2026-08-24 17:45:21,2021-06-19 10:08:06.600,37.3527228400,-121.9157729300,20.0390,554887.041000,37.3527213000,-121.9157729000,19.9300
1787575521.135,2026-08-24 17:45:21,2021-06-19 10:08:06.700,37.3527225800,-121.9157731400,19.9520,554887.141000,37.3527212000,-121.9157729000,19.9310
1787575521.237,2026-08-24 17:45:21,2021-06-19 10:08:06.800,37.3527225000,-121.9157730800,19.9420,554887.246000,37.3527212000,-121.9157729000,19.9310
1787575521.338,2026-08-24 17:45:21,2021-06-19 10:08:06.900,37.3527225700,-121.9157730700,20.0210,554887.346000,37.3527213000,-121.9157729000,19.9290
1787575521.438,2026-08-24 17:45:21,2021-06-19 10:08:07.000,37.3527228000,-121.9157731300,20.0530,554887.446000,37.3527213000,-121.9157729000,19.9300
1787575521.538,2026-08-24 17:45:21,2021-06-19 10:08:07.100,37.3527228300,-121.9157728500,20.2160,554887.545000,37.3527213000,-121.9157729000,19.9270
1787575521.639,2026-08-24 17:45:21,2021-06-19 10:08:07.200,37.3527227600,-121.9157728600,20.0680,554887.645000,37.3527213000,-121.9157729000,19.9340
1787575521.739,2026-08-24 17:45:21,2021-06-19 10:08:07.300,37.3527227200,-121.9157730600,20.0210,554887.740000,37.3527213000,-121.9157729000,19.9400
1787575521.840,2026-08-24 17:45:21,2021-06-19 10:08:07.400,37.3527225400,-121.9157732000,20.0070,554887.845000,37.3527213000,-121.9157729000,19.9380
1787575521.940,2026-08-24 17:45:21,2021-06-19 10:08:07.500,37.3527225700,-121.9157731200,19.9470,554887.945000,37.3527213000,-121.9157729000,19.9450
1787575522.041,2026-08-24 17:45:22,2021-06-19 10:08:07.600,37.3527225900,-121.9157727000,20.0740,554888.044000,37.3527213000,-121.9157729000,19.9440
1787575522.141,2026-08-24 17:45:22,2021-06-19 10:08:07.700,37.3527223300,-121.9157727500,20.1430,554888.144000,37.3527213000,-121.9157729000,19.9420
1787575522.241,2026-08-24 17:45:22,2021-06-19 10:08:07.800,37.3527223200,-121.9157730900,19.9480,554888.244000,37.3527213000,-121.9157729000,19.9420
1787575522.342,2026-08-24 17:45:22,2021-06-19 10:08:07.900,37.3527222900,-121.9157729400,19.8000,554888.344000,37.3527213000,-121.9157729000,19.9380
1787575522.443,2026-08-24 17:45:22,2021-06-19 10:08:08.000,37.3527224500,-121.9157730700,19.6700,554888.449000,37.3527213000,-121.9157729000,19.9340
1787575522.544,2026-08-24 17:45:22,2021-06-19 10:08:08.100,37.3527222600,-121.9157731400,19.6840,554888.544000,37.3527213000,-121.9157729000,19.9290
1787575522.644,2026-08-24 17:45:22,2021-06-19 10:08:08.200,37.3527223600,-121.9157732000,19.7320,554888.648000,37.3527213000,-121.9157729000,19.9250
1787575522.744,2026-08-24 17:45:22,2021-06-19 10:08:08.300,37.3527223700,-121.9157731100,19.7820,554888.748000,37.3527213000,-121.9157729000,19.9190
1787575522.845,2026-08-24 17:45:22,2021-06-19 10:08:08.400,37.3527222000,-121.9157731600,19.6420,554888.848000,37.3527213000,-121.9157730000,19.9060
1787575522.946,2026-08-24 17:45:22,2021-06-19 10:08:08.500,37.3527220600,-121.9157731300,19.5690,554888.948000,37.3527213000,-121.9157730000,19.9050
1787575523.047,2026-08-24 17:45:23,2021-06-19 10:08:08.600,37.3527225300,-121.9157729000,19.6100,554889.048000,37.3527213000,-121.9157730000,19.9030
1787575523.148,2026-08-24 17:45:23,2021-06-19 10:08:08.700,37.3527225500,-121.9157729800,19.6930,554889.148000,37.3527213000,-121.9157730000,19.8930
1787575523.249,2026-08-24 17:45:23,2021-06-19 10:08:08.800,37.3527223300,-121.9157730500,19.8410,554889.247000,37.3527214000,-121.9157730000,19.8960
1787575523.349,2026-08-24 17:45:23,2021-06-19 10:08:08.900,37.3527221500,-121.9157728300,19.8650,554889.347000,37.3527214000,-121.9157730000,19.8970
1787575523.450,2026-08-24 17:45:23,2021-06-19 10:08:09.000,37.3527222400,-121.9157730000,19.6690,554889.452000,37.3527214000,-121.9157730000,19.8990
1787575523.551,2026-08-24 17:45:23,2021-06-19 10:08:09.100,37.3527221000,-121.9157730600,19.7220,554889.552000,37.3527214000,-121.9157730000,19.9020
1787575523.652,2026-08-24 17:45:23,2021-06-19 10:08:09.200,37.3527221400,-121.9157730900,19.7490,554889.652000,37.3527214000,-121.9157730000,19.8970
1787575523.752,2026-08-24 17:45:23,2021-06-19 10:08:09.300,37.3527219300,-121.9157728700,19.8040,554889.757000,37.3527214000,-121.9157729000,19.8930
1787575523.853,2026-08-24 17:45:23,2021-06-19 10:08:09.400,37.3527219600,-121.9157726400,19.9450,554889.851000,37.3527214000,-121.9157729000,19.8900
1787575523.953,2026-08-24 17:45:23,2021-06-19 10:08:09.500,37.3527217700,-121.9157729600,19.8330,554889.951000,37.3527214000,-121.9157729000,19.8880
1787575524.054,2026-08-24 17:45:24,2021-06-19 10:08:09.600,37.3527218600,-121.9157731200,19.7940,554890.056000,37.3527214000,-121.9157729000,19.8890
1787575524.155,2026-08-24 17:45:24,2021-06-19 10:08:09.700,37.3527217600,-121.9157731000,19.7540,554890.156000,37.3527213000,-121.9157729000,19.8860
1787575524.255,2026-08-24 17:45:24,2021-06-19 10:08:09.800,37.3527216300,-121.9157730200,19.7650,554890.256000,37.3527213000,-121.9157728000,19.8830
1787575524.355,2026-08-24 17:45:24,2021-06-19 10:08:09.900,37.3527214700,-121.9157727400,19.8310,554890.356000,37.3527213000,-121.9157727000,19.8800
1787575524.456,2026-08-24 17:45:24,2021-06-19 10:08:10.000,37.3527221100,-121.9157727700,19.9050,554890.455000,37.3527213000,-121.9157728000,19.8780
1787575524.557,2026-08-24 17:45:24,2021-06-19 10:08:10.100,37.3527222200,-121.9157728100,19.8920,554890.555000,37.3527213000,-121.9157728000,19.8830
1787575524.657,2026-08-24 17:45:24,2021-06-19 10:08:10.200,37.3527222300,-121.9157730000,19.8650,554890.655000,37.3527214000,-121.9157727000,19.8810
1787575524.757,2026-08-24 17:45:24,2021-06-19 10:08:10.300,37.3527219600,-121.9157729300,19.9090,554890.755000,37.3527214000,-121.9157727000,19.8800
1787575524.858,2026-08-24 17:45:24,2021-06-19 10:08:10.400,37.3527219800,-121.9157728500,19.9760,554890.855000,37.3527214000,-121.9157728000,19.8790
1787575524.958,2026-08-24 17:45:24,2021-06-19 10:08:10.500,37.3527223000,-121.9157730800,20.0810,554890.955000,37.3527214000,-121.9157727000,19.8730
1787575525.059,2026-08-24 17:45:25,2021-06-19 10:08:10.600,37.3527221700,-121.9157729200,20.2830,554891.059000,37.3527215000,-121.9157728000,19.8770
1787575525.160,2026-08-24 17:45:25,2021-06-19 10:08:10.700,37.3527221100,-121.9157729700,20.1710,554891.159000,37.3527215000,-121.9157728000,19.8810
1787575525.260,2026-08-24 17:45:25,2021-06-19 10:08:10.800,37.3527219400,-121.9157729500,20.1040,554891.259000,37.3527215000,-121.9157728000,19.8830
1787575525.361,2026-08-24 17:45:25,2021-06-19 10:08:10.900,37.3527219500,-121.9157731100,20.1660,554891.359000,37.3527215000,-121.9157728000,19.8860
1787575525.462,2026-08-24 17:45:25,2021-06-19 10:08:11.000,37.3527221000,-121.9157731700,20.1700,554891.459000,37.3527216000,-121.9157728000,19.8820
1787575525.563,2026-08-24 17:45:25,2021-06-19 10:08:11.100,37.3527220100,-121.9157728700,20.3310,554891.564000,37.3527215000,-121.9157727000,19.8960
1787575525.664,2026-08-24 17:45:25,2021-06-19 10:08:11.200,37.3527218600,-121.9157726100,20.4340,554891.664000,37.3527215000,-121.9157727000,19.9020
1787575525.764,2026-08-24 17:45:25,2021-06-19 10:08:11.300,37.3527217900,-121.9157728000,20.3090,554891.763000,37.3527215000,-121.9157728000,19.9110
1787575525.864,2026-08-24 17:45:25,2021-06-19 10:08:11.400,37.3527219600,-121.9157729300,20.2570,554891.863000,37.3527215000,-121.9157728000,19.9040
1787575525.965,2026-08-24 17:45:25,2021-06-19 10:08:11.500,37.3527218900,-121.9157730100,20.1280,554891.963000,37.3527215000,-121.9157728000,19.9070
1787575526.066,2026-08-24 17:45:26,2021-06-19 10:08:11.600,37.3527216800,-121.9157728400,20.2210,554892.063000,37.3527215000,-121.9157728000,19.9050
1787575526.166,2026-08-24 17:45:26,2021-06-19 10:08:11.700,37.3527216800,-121.9157727000,20.2770,554892.163000,37.3527215000,-121.9157727000,19.9160
1787575526.267,2026-08-24 17:45:26,2021-06-19 10:08:11.800,37.3527217300,-121.9157727700,20.3200,554892.263000,37.3527216000,-121.9157727000,19.9190
1787575526.367,2026-08-24 17:45:26,2021-06-19 10:08:11.900,37.3527215900,-121.9157730100,20.2230,554892.362000,37.3527217000,-121.9157727000,19.9190
1787575526.468,2026-08-24 17:45:26,2021-06-19 10:08:12.000,37.3527216000,-121.9157731300,20.0770,554892.462000,37.3527217000,-121.9157727000,19.9190
1787575526.569,2026-08-24 17:45:26,2021-06-19 10:08:12.100,37.3527215500,-121.9157730700,20.0600,554892.562000,37.3527217000,-121.9157726000,19.9250
1787575526.670,2026-08-24 17:45:26,2021-06-19 10:08:12.200,37.3527214900,-121.9157730100,20.1150,554892.667000,37.3527217000,-121.9157726000,19.9250
1787575526.770,2026-08-24 17:45:26,2021-06-19 10:08:12.300,37.3527215100,-121.9157730900,20.2180,554892.762000,37.3527217000,-121.9157727000,19.9250
1787575526.871,2026-08-24 17:45:26,2021-06-19 10:08:12.400,37.3527214900,-121.9157728200,20.3310,554892.867000,37.3527217000,-121.9157727000,19.9300
1787575526.972,2026-08-24 17:45:26,2021-06-19 10:08:12.500,37.3527213900,-121.9157730200,20.1540,554892.971000,37.3527218000,-121.9157726000,19.9340
1787575527.072,2026-08-24 17:45:27,2021-06-19 10:08:12.600,37.3527211900,-121.9157731000,20.1190,554893.071000,37.3527218000,-121.9157727000,19.9330
1787575527.173,2026-08-24 17:45:27,2021-06-19 10:08:12.700,37.3527213100,-121.9157731300,20.1590,554893.171000,37.3527218000,-121.9157727000,19.9370
1787575527.275,2026-08-24 17:45:27,2021-06-19 10:08:12.800,37.3527214900,-121.9157729100,20.2310,554893.266000,37.3527218000,-121.9157727000,19.9310
1787575527.376,2026-08-24 17:45:27,2021-06-19 10:08:12.900,37.3527215100,-121.9157727800,20.3310,554893.371000,37.3527218000,-121.9157727000,19.9370
1787575527.476,2026-08-24 17:45:27,2021-06-19 10:08:13.000,37.3527216500,-121.9157728600,20.3710,554893.471000,37.3527217000,-121.9157727000,19.9420
1787575527.577,2026-08-24 17:45:27,2021-06-19 10:08:13.100,37.3527215900,-121.9157728500,20.2280,554893.576000,37.3527217000,-121.9157727000,19.9460
1787575527.678,2026-08-24 17:45:27,2021-06-19 10:08:13.200,37.3527216400,-121.9157729500,20.1110,554893.675000,37.3527218000,-121.9157727000,19.9500
1787575527.779,2026-08-24 17:45:27,2021-06-19 10:08:13.300,37.3527215100,-121.9157730300,20.1010,554893.775000,37.3527218000,-121.9157726000,19.9460
1787575527.880,2026-08-24 17:45:27,2021-06-19 10:08:13.400,37.3527214800,-121.9157728700,20.0870,554893.875000,37.3527218000,-121.9157726000,19.9440
1787575527.981,2026-08-24 17:45:27,2021-06-19 10:08:13.500,37.3527217800,-121.9157728600,20.0960,554893.975000,37.3527218000,-121.9157727000,19.9480
1787575528.081,2026-08-24 17:45:28,2021-06-19 10:08:13.600,37.3527219800,-121.9157727300,20.2510,554894.075000,37.3527218000,-121.9157726000,19.9490
1787575528.182,2026-08-24 17:45:28,2021-06-19 10:08:13.700,37.3527218700,-121.9157729600,20.1170,554894.180000,37.3527218000,-121.9157726000,19.9590
1787575528.283,2026-08-24 17:45:28,2021-06-19 10:08:13.800,37.3527215700,-121.9157729900,19.9920,554894.275000,37.3527217000,-121.9157726000,19.9700
1787575528.384,2026-08-24 17:45:28,2021-06-19 10:08:13.900,37.3527214900,-121.9157728500,19.9660,554894.379000,37.3527217000,-121.9157726000,19.9640
1787575528.484,2026-08-24 17:45:28,2021-06-19 10:08:14.000,37.3527213000,-121.9157730200,19.9180,554894.479000,37.3527216000,-121.9157726000,19.9600
1787575528.585,2026-08-24 17:45:28,2021-06-19 10:08:14.100,37.3527215200,-121.9157731300,19.9980,554894.574000,37.3527217000,-121.9157727000,19.9640
1787575528.686,2026-08-24 17:45:28,2021-06-19 10:08:14.200,37.3527215200,-121.9157727800,20.1030,554894.679000,37.3527217000,-121.9157727000,19.9630
1787575528.786,2026-08-24 17:45:28,2021-06-19 10:08:14.300,37.3527213900,-121.9157729500,19.9510,554894.779000,37.3527217000,-121.9157726000,19.9650
1787575528.887,2026-08-24 17:45:28,2021-06-19 10:08:14.400,37.3527212800,-121.9157730100,19.9070,554894.884000,37.3527217000,-121.9157727000,19.9710
1787575528.987,2026-08-24 17:45:28,2021-06-19 10:08:14.500,37.3527215300,-121.9157731900,19.8230,554894.979000,37.3527217000,-121.9157727000,19.9730
1787575529.088,2026-08-24 17:45:29,2021-06-19 10:08:14.600,37.3527215700,-121.9157732600,19.8680,554895.083000,37.3527217000,-121.9157726000,19.9680
1787575529.189,2026-08-24 17:45:29,2021-06-19 10:08:14.700,37.3527216300,-121.9157731300,19.9250,554895.183000,37.3527217000,-121.9157727000,19.9670
1787575529.290,2026-08-24 17:45:29,2021-06-19 10:08:14.800,37.3527215000,-121.9157728700,20.1100,554895.283000,37.3527217000,-121.9157727000,19.9640
1787575529.391,2026-08-24 17:45:29,2021-06-19 10:08:14.900,37.3527215000,-121.9157728700,19.9970,554895.383000,37.3527217000,-121.9157727000,19.9570
1787575529.491,2026-08-24 17:45:29,2021-06-19 10:08:15.000,37.3527218100,-121.9157732300,19.8800,554895.483000,37.3527217000,-121.9157727000,19.9550
1787575529.592,2026-08-24 17:45:29,2021-06-19 10:08:15.100,37.3527217500,-121.9157733100,19.8780,554895.583000,37.3527217000,-121.9157727000,19.9500
1787575529.692,2026-08-24 17:45:29,2021-06-19 10:08:15.200,37.3527216900,-121.9157729700,19.8920,554895.682000,37.3527217000,-121.9157728000,19.9520
1787575529.793,2026-08-24 17:45:29,2021-06-19 10:08:15.300,37.3527218000,-121.9157729100,19.9420,554895.787000,37.3527217000,-121.9157728000,19.9540
1787575529.893,2026-08-24 17:45:29,2021-06-19 10:08:15.400,37.3527217400,-121.9157728500,20.1510,554895.882000,37.3527217000,-121.9157728000,19.9620
1787575529.994,2026-08-24 17:45:29,2021-06-19 10:08:15.500,37.3527220600,-121.9157731200,20.0090,554895.987000,37.3527217000,-121.9157728000,19.9610
1787575530.095,2026-08-24 17:45:30,2021-06-19 10:08:15.600,37.3527221100,-121.9157732400,19.9160,554896.087000,37.3527217000,-121.9157729000,19.9560
1787575530.196,2026-08-24 17:45:30,2021-06-19 10:08:15.700,37.3527218900,-121.9157731100,19.8760,554896.187000,37.3527216000,-121.9157728000,19.9540
1787575530.297,2026-08-24 17:45:30,2021-06-19 10:08:15.800,37.3527217100,-121.9157730700,19.9330,554896.287000,37.3527216000,-121.9157728000,19.9530
1787575530.397,2026-08-24 17:45:30,2021-06-19 10:08:15.900,37.3527220100,-121.9157730100,19.9550,554896.392000,37.3527217000,-121.9157728000,19.9510
1787575530.498,2026-08-24 17:45:30,2021-06-19 10:08:16.000,37.3527221000,-121.9157728800,20.0220,554896.486000,37.3527218000,-121.9157728000,19.9430
1787575530.598,2026-08-24 17:45:30,2021-06-19 10:08:16.100,37.3527219000,-121.9157730000,20.0480,554896.591000,37.3527218000,-121.9157729000,19.9440
1787575530.699,2026-08-24 17:45:30,2021-06-19 10:08:16.200,37.3527217700,-121.9157729100,20.0010,554896.691000,37.3527218000,-121.9157729000,19.9380
1787575530.799,2026-08-24 17:45:30,2021-06-19 10:08:16.300,37.3527217500,-121.9157729700,20.0110,554896.786000,37.3527217000,-121.9157729000,19.9400
1787575530.900,2026-08-24 17:45:30,2021-06-19 10:08:16.400,37.3527218200,-121.9157728500,20.0690,554896.886000,37.3527217000,-121.9157729000,19.9330
1787575531.001,2026-08-24 17:45:31,2021-06-19 10:08:16.500,37.3527218800,-121.9157728800,20.0590,554896.991000,37.3527217000,-121.9157729000,19.9370
1787575531.101,2026-08-24 17:45:31,2021-06-19 10:08:16.600,37.3527221100,-121.9157727400,20.1760,554897.091000,37.3527217000,-121.9157728000,19.9460
1787575531.202,2026-08-24 17:45:31,2021-06-19 10:08:16.700,37.3527220900,-121.9157727100,20.1660,554897.195000,37.3527217000,-121.9157728000,19.9450
1787575531.303,2026-08-24 17:45:31,2021-06-19 10:08:16.800,37.3527219200,-121.9157728600,20.1130,554897.290000,37.3527218000,-121.9157729000,19.9390
1787575531.404,2026-08-24 17:45:31,2021-06-19 10:08:16.900,37.3527219200,-121.9157728500,20.0640,554897.395000,37.3527218000,-121.9157728000,19.9400
1787575531.504,2026-08-24 17:45:31,2021-06-19 10:08:17.000,37.3527220200,-121.9157728800,19.9910,554897.495000,37.3527218000,-121.9157728000,19.9320
1787575531.605,2026-08-24 17:45:31,2021-06-19 10:08:17.100,37.3527220900,-121.9157729200,20.0760,554897.595000,37.3527219000,-121.9157728000,19.9350
1787575531.706,2026-08-24 17:45:31,2021-06-19 10:08:17.200,37.3527221900,-121.9157727800,20.2940,554897.695000,37.3527219000,-121.9157728000,19.9410
1787575531.807,2026-08-24 17:45:31,2021-06-19 10:08:17.300,37.3527222600,-121.9157726500,20.3410,554897.795000,37.3527219000,-121.9157727000,19.9380
1787575531.907,2026-08-24 17:45:31,2021-06-19 10:08:17.400,37.3527222700,-121.9157724800,20.1960,554897.894000,37.3527218000,-121.9157727000,19.9370
1787575532.008,2026-08-24 17:45:32,2021-06-19 10:08:17.500,37.3527221100,-121.9157727600,20.0580,554897.994000,37.3527219000,-121.9157727000,19.9350
1787575532.108,2026-08-24 17:45:32,2021-06-19 10:08:17.600,37.3527220000,-121.9157728300,20.0520,554898.099000,37.3527219000,-121.9157727000,19.9350
1787575532.209,2026-08-24 17:45:32,2021-06-19 10:08:17.700,37.3527220800,-121.9157728100,20.0690,554898.199000,37.3527219000,-121.9157727000,19.9330
1787575532.309,2026-08-24 17:45:32,2021-06-19 10:08:17.800,37.3527217000,-121.9157726000,20.1450,554898.299000,37.3527219000,-121.9157727000,19.9340
1787575532.409,2026-08-24 17:45:32,2021-06-19 10:08:17.900,37.3527215000,-121.9157726300,20.2200,554898.394000,37.3527219000,-121.9157727000,19.9370
1787575532.510,2026-08-24 17:45:32,2021-06-19 10:08:18.100,37.3527216000,-121.9157728800,19.8910,554898.499000,37.3527218000,-121.9157727000,19.9410
1787575532.711,2026-08-24 17:45:32,2021-06-19 10:08:18.200,37.3527215900,-121.9157729500,19.9080,554898.698000,37.3527217000,-121.9157727000,19.9460
1787575532.812,2026-08-24 17:45:32,2021-06-19 10:08:18.300,37.3527213900,-121.9157729400,19.8710,554898.798000,37.3527217000,-121.9157727000,19.9520
1787575532.913,2026-08-24 17:45:32,2021-06-19 10:08:18.400,37.3527213600,-121.9157727600,19.9500,554898.898000,37.3527216000,-121.9157728000,19.9420
1787575533.014,2026-08-24 17:45:33,2021-06-19 10:08:18.500,37.3527214500,-121.9157726900,20.0190,554899.003000,37.3527216000,-121.9157728000,19.9420
1787575533.114,2026-08-24 17:45:33,2021-06-19 10:08:18.600,37.3527213300,-121.9157728900,20.0670,554899.098000,37.3527215000,-121.9157729000,19.9400
1787575533.215,2026-08-24 17:45:33,2021-06-19 10:08:18.700,37.3527216700,-121.9157727800,19.9440,554899.203000,37.3527215000,-121.9157729000,19.9450
1787575533.315,2026-08-24 17:45:33,2021-06-19 10:08:18.800,37.3527213200,-121.9157727100,19.8670,554899.303000,37.3527214000,-121.9157729000,19.9370
1787575533.416,2026-08-24 17:45:33,2021-06-19 10:08:18.900,37.3527214400,-121.9157728900,19.8610,554899.403000,37.3527215000,-121.9157728000,19.9420
1787575533.517,2026-08-24 17:45:33,2021-06-19 10:08:19.000,37.3527216800,-121.9157730500,19.8810,554899.502000,37.3527215000,-121.9157729000,19.9380
1787575533.618,2026-08-24 17:45:33,2021-06-19 10:08:19.100,37.3527219000,-121.9157730100,20.0530,554899.607000,37.3527214000,-121.9157729000,19.9390
1787575533.719,2026-08-24 17:45:33,2021-06-19 10:08:19.200,37.3527218300,-121.9157728900,20.0800,554899.702000,37.3527214000,-121.9157729000,19.9360
1787575533.820,2026-08-24 17:45:33,2021-06-19 10:08:19.300,37.3527214600,-121.9157730700,19.9340,554899.807000,37.3527214000,-121.9157729000,19.9350
1787575533.921,2026-08-24 17:45:33,2021-06-19 10:08:19.400,37.3527213100,-121.9157729800,19.8540,554899.907000,37.3527215000,-121.9157729000,19.9320
1787575534.023,2026-08-24 17:45:34,2021-06-19 10:08:19.600,37.3527214700,-121.9157732400,19.8510,554900.007000,37.3527215000,-121.9157729000,19.9250
1787575534.123,2026-08-24 17:45:34,2021-06-19 10:08:19.700,37.3527213300,-121.9157730800,19.9430,554900.107000,37.3527214000,-121.9157729000,19.9280
1787575534.224,2026-08-24 17:45:34,2021-06-19 10:08:19.800,37.3527209600,-121.9157727500,20.0710,554900.207000,37.3527214000,-121.9157730000,19.9210
1787575534.324,2026-08-24 17:45:34,2021-06-19 10:08:19.900,37.3527209600,-121.9157731500,19.8960,554900.311000,37.3527214000,-121.9157729000,19.9230
1787575534.434,2026-08-24 17:45:34,2021-06-19 10:08:20.000,37.3527211700,-121.9157735900,19.7560,554900.421000,37.3527215000,-121.9157729000,19.9270
1787575534.539,2026-08-24 17:45:34,2021-06-19 10:08:20.100,37.3527212700,-121.9157737100,19.6680,554900.526000,37.3527215000,-121.9157729000,19.9190
1787575534.640,2026-08-24 17:45:34,2021-06-19 10:08:20.200,37.3527214600,-121.9157734500,19.6560,554900.626000,37.3527215000,-121.9157729000,19.9210
1787575534.740,2026-08-24 17:45:34,2021-06-19 10:08:20.300,37.3527213100,-121.9157733600,19.6800,554900.726000,37.3527215000,-121.9157730000,19.9100
1787575534.841,2026-08-24 17:45:34,2021-06-19 10:08:20.400,37.3527214600,-121.9157734300,19.7440,554900.826000,37.3527215000,-121.9157730000,19.9140
1787575534.942,2026-08-24 17:45:34,2021-06-19 10:08:20.500,37.3527215400,-121.9157733700,19.7210,554900.926000,37.3527214000,-121.9157730000,19.9060
1787575535.043,2026-08-24 17:45:35,2021-06-19 10:08:20.600,37.3527211900,-121.9157733400,19.6420,554901.030000,37.3527214000,-121.9157730000,19.9060
1787575535.144,2026-08-24 17:45:35,2021-06-19 10:08:20.700,37.3527210600,-121.9157733700,19.6010,554901.125000,37.3527214000,-121.9157730000,19.9000
1787575535.245,2026-08-24 17:45:35,2021-06-19 10:08:20.800,37.3527210400,-121.9157735300,19.5970,554901.225000,37.3527214000,-121.9157730000,19.8990
1787575535.345,2026-08-24 17:45:35,2021-06-19 10:08:20.900,37.3527212700,-121.9157737200,19.6410,554901.330000,37.3527214000,-121.9157730000,19.8910
1787575535.446,2026-08-24 17:45:35,2021-06-19 10:08:21.000,37.3527213900,-121.9157735700,19.7170,554901.430000,37.3527214000,-121.9157730000,19.8910
1787575535.546,2026-08-24 17:45:35,2021-06-19 10:08:21.100,37.3527215200,-121.9157733400,19.8620,554901.530000,37.3527214000,-121.9157730000,19.8860
1787575535.646,2026-08-24 17:45:35,2021-06-19 10:08:21.200,37.3527213500,-121.9157733000,19.7010,554901.630000,37.3527213000,-121.9157730000,19.8810
1787575535.747,2026-08-24 17:45:35,2021-06-19 10:08:21.300,37.3527213300,-121.9157734500,19.7200,554901.730000,37.3527213000,-121.9157730000,19.8900
1787575535.848,2026-08-24 17:45:35,2021-06-19 10:08:21.400,37.3527213100,-121.9157737200,19.6720,554901.830000,37.3527213000,-121.9157730000,19.8800
1787575535.948,2026-08-24 17:45:35,2021-06-19 10:08:21.500,37.3527214500,-121.9157734700,19.6730,554901.929000,37.3527214000,-121.9157731000,19.8850
1787575536.048,2026-08-24 17:45:36,2021-06-19 10:08:21.600,37.3527217500,-121.9157733300,19.7810,554902.034000,37.3527213000,-121.9157731000,19.8800
1787575536.150,2026-08-24 17:45:36,2021-06-19 10:08:21.700,37.3527219000,-121.9157731400,19.9560,554902.129000,37.3527214000,-121.9157731000,19.8810
1787575536.250,2026-08-24 17:45:36,2021-06-19 10:08:21.800,37.3527219500,-121.9157733900,19.8990,554902.234000,37.3527214000,-121.9157730000,19.8780
1787575536.351,2026-08-24 17:45:36,2021-06-19 10:08:21.900,37.3527219900,-121.9157732800,19.7940,554902.334000,37.3527214000,-121.9157730000,19.8800
1787575536.452,2026-08-24 17:45:36,2021-06-19 10:08:22.000,37.3527220400,-121.9157734600,19.6540,554902.434000,37.3527214000,-121.9157730000,19.8770
1787575536.553,2026-08-24 17:45:36,2021-06-19 10:08:22.100,37.3527220000,-121.9157734200,19.6790,554902.539000,37.3527214000,-121.9157730000,19.8760
1787575536.654,2026-08-24 17:45:36,2021-06-19 10:08:22.200,37.3527226700,-121.9157733000,19.7300,554902.634000,37.3527214000,-121.9157730000,19.8750
1787575536.754,2026-08-24 17:45:36,2021-06-19 10:08:22.300,37.3527225300,-121.9157731400,19.8720,554902.738000,37.3527215000,-121.9157730000,19.8820
1787575536.855,2026-08-24 17:45:36,2021-06-19 10:08:22.400,37.3527225000,-121.9157730700,19.9370,554902.838000,37.3527215000,-121.9157730000,19.8750
1787575536.955,2026-08-24 17:45:36,2021-06-19 10:08:22.500,37.3527224200,-121.9157729500,19.7760,554902.933000,37.3527215000,-121.9157730000,19.8760
1787575537.056,2026-08-24 17:45:37,2021-06-19 10:08:22.600,37.3527224800,-121.9157728500,19.8110,554903.038000,37.3527215000,-121.9157730000,19.8770
1787575537.157,2026-08-24 17:45:37,2021-06-19 10:08:22.700,37.3527225700,-121.9157728400,19.8700,554903.138000,37.3527215000,-121.9157730000,19.8770
1787575537.258,2026-08-24 17:45:37,2021-06-19 10:08:22.800,37.3527223100,-121.9157727900,19.9980,554903.238000,37.3527215000,-121.9157730000,19.8770
1787575537.359,2026-08-24 17:45:37,2021-06-19 10:08:22.900,37.3527221200,-121.9157727000,20.0280,554903.338000,37.3527215000,-121.9157729000,19.8760
1787575537.460,2026-08-24 17:45:37,2021-06-19 10:08:23.000,37.3527225700,-121.9157723400,20.1570,554903.443000,37.3527215000,-121.9157729000,19.8750
1787575537.561,2026-08-24 17:45:37,2021-06-19 10:08:23.100,37.3527226200,-121.9157726100,20.1370,554903.538000,37.3527215000,-121.9157729000,19.8750
1787575537.661,2026-08-24 17:45:37,2021-06-19 10:08:23.200,37.3527226800,-121.9157726100,20.1110,554903.642000,37.3527215000,-121.9157729000,19.8780
1787575537.762,2026-08-24 17:45:37,2021-06-19 10:08:23.300,37.3527223200,-121.9157725100,20.0540,554903.737000,37.3527215000,-121.9157729000,19.8770
1787575537.863,2026-08-24 17:45:37,2021-06-19 10:08:23.400,37.3527221800,-121.9157725300,20.0870,554903.842000,37.3527214000,-121.9157729000,19.8830
1787575537.964,2026-08-24 17:45:37,2021-06-19 10:08:23.500,37.3527220600,-121.9157725000,20.1600,554903.942000,37.3527214000,-121.9157729000,19.8800
1787575538.065,2026-08-24 17:45:38,2021-06-19 10:08:23.600,37.3527224400,-121.9157724400,20.3810,554904.047000,37.3527214000,-121.9157729000,19.8850
1787575538.168,2026-08-24 17:45:38,2021-06-19 10:08:23.700,37.3527223600,-121.9157721100,20.3860,554904.147000,37.3527215000,-121.9157728000,19.8890
1787575538.268,2026-08-24 17:45:38,2021-06-19 10:08:23.800,37.3527221600,-121.9157723000,20.2700,554904.247000,37.3527214000,-121.9157729000,19.8970
1787575538.369,2026-08-24 17:45:38,2021-06-19 10:08:23.900,37.3527221300,-121.9157723600,20.1860,554904.347000,37.3527215000,-121.9157729000,19.8930
1787575538.470,2026-08-24 17:45:38,2021-06-19 10:08:24.000,37.3527226900,-121.9157725000,20.0710,554904.447000,37.3527215000,-121.9157728000,19.8950
1787575538.571,2026-08-24 17:45:38,2021-06-19 10:08:24.100,37.3527226700,-121.9157725800,20.0580,554904.551000,37.3527215000,-121.9157728000,19.8870
1787575538.671,2026-08-24 17:45:38,2021-06-19 10:08:24.200,37.3527224700,-121.9157727000,20.0920,554904.651000,37.3527215000,-121.9157729000,19.8940
1787575538.772,2026-08-24 17:45:38,2021-06-19 10:08:24.300,37.3527220100,-121.9157725400,20.1320,554904.751000,37.3527215000,-121.9157728000,19.8980
1787575538.872,2026-08-24 17:45:38,2021-06-19 10:08:24.400,37.3527218600,-121.9157725700,20.0030,554904.851000,37.3527215000,-121.9157728000,19.8970
1787575538.972,2026-08-24 17:45:38,2021-06-19 10:08:24.500,37.3527220400,-121.9157728500,19.8840,554904.951000,37.3527214000,-121.9157728000,19.9070
1787575539.073,2026-08-24 17:45:39,2021-06-19 10:08:24.600,37.3527218400,-121.9157729000,19.8310,554905.051000,37.3527214000,-121.9157728000,19.9010
1787575539.173,2026-08-24 17:45:39,2021-06-19 10:08:24.700,37.3527220000,-121.9157727400,19.8190,554905.156000,37.3527215000,-121.9157728000,19.9010
1787575539.274,2026-08-24 17:45:39,2021-06-19 10:08:24.800,37.3527220300,-121.9157726000,19.8350,554905.256000,37.3527215000,-121.9157728000,19.8940
1787575539.374,2026-08-24 17:45:39,2021-06-19 10:08:24.900,37.3527218400,-121.9157726900,19.9580,554905.356000,37.3527216000,-121.9157728000,19.8900
1787575539.475,2026-08-24 17:45:39,2021-06-19 10:08:25.000,37.3527222000,-121.9157725300,20.0710,554905.455000,37.3527216000,-121.9157728000,19.8860
1787575539.576,2026-08-24 17:45:39,2021-06-19 10:08:25.100,37.3527218900,-121.9157725100,19.9710,554905.555000,37.3527217000,-121.9157728000,19.8870
1787575539.677,2026-08-24 17:45:39,2021-06-19 10:08:25.200,37.3527216400,-121.9157725500,19.9140,554905.655000,37.3527216000,-121.9157728000,19.8910
1787575539.778,2026-08-24 17:45:39,2021-06-19 10:08:25.300,37.3527213400,-121.9157724300,19.9350,554905.760000,37.3527216000,-121.9157728000,19.8890
1787575539.879,2026-08-24 17:45:39,2021-06-19 10:08:25.400,37.3527215400,-121.9157724700,19.9440,554905.855000,37.3527216000,-121.9157728000,19.8920
1787575539.980,2026-08-24 17:45:39,2021-06-19 10:08:25.500,37.3527217200,-121.9157722900,19.9920,554905.960000,37.3527215000,-121.9157728000,19.8890
1787575540.080,2026-08-24 17:45:40,2021-06-19 10:08:25.600,37.3527217200,-121.9157722400,20.1880,554906.060000,37.3527216000,-121.9157728000,19.8930
1787575540.181,2026-08-24 17:45:40,2021-06-19 10:08:25.700,37.3527215000,-121.9157720800,20.1870,554906.160000,37.3527215000,-121.9157728000,19.8890
1787575540.282,2026-08-24 17:45:40,2021-06-19 10:08:25.800,37.3527213800,-121.9157722200,20.0850,554906.260000,37.3527216000,-121.9157728000,19.8910
1787575540.382,2026-08-24 17:45:40,2021-06-19 10:08:25.900,37.3527209000,-121.9157724100,20.0390,554906.359000,37.3527216000,-121.9157728000,19.8900
1787575540.483,2026-08-24 17:45:40,2021-06-19 10:08:26.000,37.3527209900,-121.9157724800,19.9030,554906.459000,37.3527216000,-121.9157728000,19.8860
1787575540.583,2026-08-24 17:45:40,2021-06-19 10:08:26.100,37.3527210600,-121.9157724400,19.9350,554906.564000,37.3527217000,-121.9157728000,19.8870
1787575540.684,2026-08-24 17:45:40,2021-06-19 10:08:26.200,37.3527210500,-121.9157724000,20.0000,554906.659000,37.3527217000,-121.9157728000,19.8880
1787575540.785,2026-08-24 17:45:40,2021-06-19 10:08:26.300,37.3527208200,-121.9157723300,20.2340,554906.764000,37.3527217000,-121.9157728000,19.8800
1787575540.885,2026-08-24 17:45:40,2021-06-19 10:08:26.400,37.3527207600,-121.9157725600,20.0700,554906.859000,37.3527217000,-121.9157728000,19.8850
1787575540.986,2026-08-24 17:45:40,2021-06-19 10:08:26.500,37.3527205200,-121.9157725300,19.9290,554906.964000,37.3527217000,-121.9157728000,19.8780
1787575541.087,2026-08-24 17:45:41,2021-06-19 10:08:26.600,37.3527205100,-121.9157727100,19.8600,554907.069000,37.3527216000,-121.9157728000,19.8710
1787575541.188,2026-08-24 17:45:41,2021-06-19 10:08:26.700,37.3527204400,-121.9157729700,19.8090,554907.164000,37.3527216000,-121.9157728000,19.8690
1787575541.288,2026-08-24 17:45:41,2021-06-19 10:08:26.800,37.3527203600,-121.9157728200,19.8140,554907.264000,37.3527215000,-121.9157728000,19.8670
1787575541.388,2026-08-24 17:45:41,2021-06-19 10:08:26.900,37.3527204300,-121.9157727400,19.8190,554907.363000,37.3527215000,-121.9157728000,19.8620
1787575541.489,2026-08-24 17:45:41,2021-06-19 10:08:27.000,37.3527202800,-121.9157727700,19.8720,554907.463000,37.3527214000,-121.9157727000,19.8690
1787575541.589,2026-08-24 17:45:41,2021-06-19 10:08:27.100,37.3527201400,-121.9157727500,19.8510,554907.568000,37.3527214000,-121.9157727000,19.8660
1787575541.690,2026-08-24 17:45:41,2021-06-19 10:08:27.200,37.3527204300,-121.9157729000,19.7720,554907.668000,37.3527214000,-121.9157727000,19.8690
1787575541.791,2026-08-24 17:45:41,2021-06-19 10:08:27.300,37.3527200600,-121.9157728500,19.7190,554907.768000,37.3527214000,-121.9157727000,19.8650
1787575541.892,2026-08-24 17:45:41,2021-06-19 10:08:27.400,37.3527201800,-121.9157730500,19.7080,554907.868000,37.3527213000,-121.9157727000,19.8660
1787575541.993,2026-08-24 17:45:41,2021-06-19 10:08:27.500,37.3527203400,-121.9157729400,19.6780,554907.973000,37.3527214000,-121.9157727000,19.8660
1787575542.093,2026-08-24 17:45:42,2021-06-19 10:08:27.600,37.3527207200,-121.9157728500,19.8360,554908.068000,37.3527213000,-121.9157727000,19.8660
1787575542.194,2026-08-24 17:45:42,2021-06-19 10:08:27.700,37.3527206600,-121.9157729400,19.9930,554908.168000,37.3527213000,-121.9157727000,19.8630
1787575542.294,2026-08-24 17:45:42,2021-06-19 10:08:27.800,37.3527204600,-121.9157729200,19.8160,554908.267000,37.3527213000,-121.9157727000,19.8570
1787575542.395,2026-08-24 17:45:42,2021-06-19 10:08:27.900,37.3527202700,-121.9157730400,19.7280,554908.372000,37.3527212000,-121.9157728000,19.8500
1787575542.495,2026-08-24 17:45:42,2021-06-19 10:08:28.000,37.3527205000,-121.9157730600,19.6570,554908.472000,37.3527212000,-121.9157727000,19.8480
1787575542.596,2026-08-24 17:45:42,2021-06-19 10:08:28.100,37.3527204200,-121.9157732100,19.7670,554908.572000,37.3527212000,-121.9157727000,19.8500
1787575542.697,2026-08-24 17:45:42,2021-06-19 10:08:28.200,37.3527205800,-121.9157729000,19.8380,554908.677000,37.3527212000,-121.9157727000,19.8500
1787575542.798,2026-08-24 17:45:42,2021-06-19 10:08:28.300,37.3527204000,-121.9157723700,19.9980,554908.777000,37.3527212000,-121.9157727000,19.8520
1787575542.899,2026-08-24 17:45:42,2021-06-19 10:08:28.400,37.3527201600,-121.9157723800,20.0620,554908.877000,37.3527212000,-121.9157727000,19.8600
1787575542.999,2026-08-24 17:45:42,2021-06-19 10:08:28.500,37.3527204400,-121.9157726200,19.8820,554908.972000,37.3527212000,-121.9157727000,19.8560
1787575543.100,2026-08-24 17:45:43,2021-06-19 10:08:28.600,37.3527205100,-121.9157727400,19.8490,554909.077000,37.3527212000,-121.9157727000,19.8590
1787575543.201,2026-08-24 17:45:43,2021-06-19 10:08:28.700,37.3527203600,-121.9157727000,19.8300,554909.177000,37.3527211000,-121.9157727000,19.8480
1787575543.302,2026-08-24 17:45:43,2021-06-19 10:08:28.800,37.3527201000,-121.9157727500,19.8160,554909.281000,37.3527212000,-121.9157727000,19.8430
1787575543.402,2026-08-24 17:45:43,2021-06-19 10:08:28.900,37.3527201300,-121.9157726900,19.8780,554909.376000,37.3527211000,-121.9157727000,19.8400
1787575543.503,2026-08-24 17:45:43,2021-06-19 10:08:29.000,37.3527204600,-121.9157726700,19.9900,554909.476000,37.3527212000,-121.9157727000,19.8370
1787575543.604,2026-08-24 17:45:43,2021-06-19 10:08:29.100,37.3527207900,-121.9157727900,20.0360,554909.576000,37.3527212000,-121.9157727000,19.8460
1787575543.704,2026-08-24 17:45:43,2021-06-19 10:08:29.200,37.3527207300,-121.9157727600,19.9180,554909.676000,37.3527211000,-121.9157727000,19.8450
1787575543.805,2026-08-24 17:45:43,2021-06-19 10:08:29.300,37.3527205500,-121.9157723700,19.9390,554909.781000,37.3527211000,-121.9157726000,19.8420
1787575543.906,2026-08-24 17:45:43,2021-06-19 10:08:29.400,37.3527203900,-121.9157724800,19.9640,554909.881000,37.3527211000,-121.9157726000,19.8390
1787575544.007,2026-08-24 17:45:44,2021-06-19 10:08:29.500,37.3527204100,-121.9157726200,20.0290,554909.981000,37.3527212000,-121.9157726000,19.8430
1787575544.107,2026-08-24 17:45:44,2021-06-19 10:08:29.600,37.3527205500,-121.9157723300,20.1720,554910.081000,37.3527211000,-121.9157726000,19.8470
1787575544.208,2026-08-24 17:45:44,2021-06-19 10:08:29.700,37.3527207900,-121.9157722000,20.3240,554910.181000,37.3527212000,-121.9157726000,19.8530
1787575544.309,2026-08-24 17:45:44,2021-06-19 10:08:29.800,37.3527202600,-121.9157723400,20.2350,554910.285000,37.3527211000,-121.9157726000,19.8620
1787575544.410,2026-08-24 17:45:44,2021-06-19 10:08:29.900,37.3527208200,-121.9157726200,20.1780,554910.385000,37.3527211000,-121.9157726000,19.8630
1787575544.511,2026-08-24 17:45:44,2021-06-19 10:08:30.000,37.3527209400,-121.9157727200,20.0760,554910.485000,37.3527210000,-121.9157726000,19.8700
1787575544.611,2026-08-24 17:45:44,2021-06-19 10:08:30.100,37.3527208500,-121.9157726300,20.1100,554910.585000,37.3527211000,-121.9157726000,19.8660
1787575544.712,2026-08-24 17:45:44,2021-06-19 10:08:30.200,37.3527208400,-121.9157726700,20.1880,554910.685000,37.3527211000,-121.9157726000,19.8680
1787575544.813,2026-08-24 17:45:44,2021-06-19 10:08:30.300,37.3527209800,-121.9157723500,20.3800,554910.790000,37.3527212000,-121.9157726000,19.8690
1787575544.914,2026-08-24 17:45:44,2021-06-19 10:08:30.400,37.3527210200,-121.9157722700,20.4860,554910.890000,37.3527212000,-121.9157726000,19.8750
1787575545.015,2026-08-24 17:45:45,2021-06-19 10:08:30.500,37.3527211100,-121.9157724500,20.3160,554910.990000,37.3527212000,-121.9157726000,19.8790
1787575545.116,2026-08-24 17:45:45,2021-06-19 10:08:30.600,37.3527209000,-121.9157724100,20.2460,554911.090000,37.3527211000,-121.9157726000,19.8770
1787575545.216,2026-08-24 17:45:45,2021-06-19 10:08:30.700,37.3527207200,-121.9157724700,20.0980,554911.195000,37.3527211000,-121.9157726000,19.8780
1787575545.317,2026-08-24 17:45:45,2021-06-19 10:08:30.800,37.3527207100,-121.9157724800,20.1190,554911.290000,37.3527211000,-121.9157726000,19.8760
1787575545.417,2026-08-24 17:45:45,2021-06-19 10:08:30.900,37.3527205600,-121.9157727700,20.0970,554911.395000,37.3527211000,-121.9157726000,19.8840
1787575545.518,2026-08-24 17:45:45,2021-06-19 10:08:31.000,37.3527207300,-121.9157726300,20.0440,554911.489000,37.3527212000,-121.9157726000,19.8880
1787575545.618,2026-08-24 17:45:45,2021-06-19 10:08:31.100,37.3527209700,-121.9157724700,20.1790,554911.589000,37.3527212000,-121.9157725000,19.8890
1787575545.719,2026-08-24 17:45:45,2021-06-19 10:08:31.200,37.3527206000,-121.9157727700,19.9800,554911.689000,37.3527212000,-121.9157725000,19.8900
1787575545.820,2026-08-24 17:45:45,2021-06-19 10:08:31.300,37.3527206500,-121.9157727900,19.9590,554911.794000,37.3527212000,-121.9157725000,19.8900
1787575545.920,2026-08-24 17:45:45,2021-06-19 10:08:31.400,37.3527205200,-121.9157727900,19.8650,554911.889000,37.3527212000,-121.9157725000,19.8910
1787575546.023,2026-08-24 17:45:46,2021-06-19 10:08:31.600,37.3527204000,-121.9157727300,19.8710,554911.994000,37.3527212000,-121.9157726000,19.8910
1787575546.123,2026-08-24 17:45:46,2021-06-19 10:08:31.700,37.3527206500,-121.9157727100,19.9590,554912.099000,37.3527212000,-121.9157726000,19.8910
1787575546.223,2026-08-24 17:45:46,2021-06-19 10:08:31.800,37.3527208700,-121.9157723900,20.1840,554912.199000,37.3527212000,-121.9157726000,19.8880
1787575546.322,2026-08-24 17:45:46,2021-06-19 10:08:31.900,37.3527206700,-121.9157726400,20.1140,554912.294000,37.3527212000,-121.9157726000,19.8840
1787575546.432,2026-08-24 17:45:46,2021-06-19 10:08:32.000,37.3527204800,-121.9157726900,19.9660,554912.394000,37.3527213000,-121.9157726000,19.8780
1787575546.535,2026-08-24 17:45:46,2021-06-19 10:08:32.100,37.3527205200,-121.9157726500,19.8990,554912.509000,37.3527214000,-121.9157726000,19.8860
1787575546.636,2026-08-24 17:45:46,2021-06-19 10:08:32.200,37.3527207700,-121.9157728300,19.9670,554912.608000,37.3527214000,-121.9157726000,19.8890
1787575546.737,2026-08-24 17:45:46,2021-06-19 10:08:32.300,37.3527204700,-121.9157727900,20.0070,554912.708000,37.3527214000,-121.9157726000,19.8930
1787575546.837,2026-08-24 17:45:46,2021-06-19 10:08:32.400,37.3527205300,-121.9157725700,20.0830,554912.808000,37.3527214000,-121.9157726000,19.8950
1787575546.938,2026-08-24 17:45:46,2021-06-19 10:08:32.500,37.3527209400,-121.9157725400,20.0950,554912.908000,37.3527215000,-121.9157725000,19.8960
1787575547.039,2026-08-24 17:45:47,2021-06-19 10:08:32.600,37.3527210500,-121.9157727400,20.0860,554913.013000,37.3527215000,-121.9157725000,19.8980
1787575547.139,2026-08-24 17:45:47,2021-06-19 10:08:32.700,37.3527212500,-121.9157729100,19.9680,554913.113000,37.3527215000,-121.9157725000,19.8950
1787575547.240,2026-08-24 17:45:47,2021-06-19 10:08:32.800,37.3527208900,-121.9157726200,19.8810,554913.213000,37.3527215000,-121.9157725000,19.9070
1787575547.342,2026-08-24 17:45:47,2021-06-19 10:08:32.900,37.3527207400,-121.9157727600,19.8400,554913.313000,37.3527215000,-121.9157725000,19.9130
1787575547.443,2026-08-24 17:45:47,2021-06-19 10:08:33.000,37.3527206900,-121.9157732000,19.7940,554913.413000,37.3527215000,-121.9157725000,19.9050
1787575547.543,2026-08-24 17:45:47,2021-06-19 10:08:33.100,37.3527210300,-121.9157732100,19.8610,554913.518000,37.3527215000,-121.9157726000,19.8970
1787575547.644,2026-08-24 17:45:47,2021-06-19 10:08:33.200,37.3527211200,-121.9157730800,20.0130,554913.613000,37.3527215000,-121.9157726000,19.8950
1787575547.745,2026-08-24 17:45:47,2021-06-19 10:08:33.300,37.3527209000,-121.9157730500,19.9260,554913.717000,37.3527215000,-121.9157725000,19.8930
1787575547.846,2026-08-24 17:45:47,2021-06-19 10:08:33.400,37.3527209100,-121.9157729700,19.8030,554913.817000,37.3527214000,-121.9157725000,19.8970
1787575547.947,2026-08-24 17:45:47,2021-06-19 10:08:33.500,37.3527213700,-121.9157730500,19.6890,554913.917000,37.3527214000,-121.9157724000,19.8940
1787575548.047,2026-08-24 17:45:48,2021-06-19 10:08:33.600,37.3527213500,-121.9157732000,19.6570,554914.017000,37.3527214000,-121.9157725000,19.8910
1787575548.148,2026-08-24 17:45:48,2021-06-19 10:08:33.700,37.3527212500,-121.9157733200,19.6520,554914.117000,37.3527214000,-121.9157725000,19.8940
1787575548.248,2026-08-24 17:45:48,2021-06-19 10:08:33.800,37.3527210500,-121.9157729600,19.7540,554914.222000,37.3527214000,-121.9157725000,19.8820
1787575548.349,2026-08-24 17:45:48,2021-06-19 10:08:33.900,37.3527212200,-121.9157729500,19.8040,554914.317000,37.3527214000,-121.9157725000,19.8840
1787575548.450,2026-08-24 17:45:48,2021-06-19 10:08:34.000,37.3527214500,-121.9157731600,19.7980,554914.422000,37.3527214000,-121.9157726000,19.8910
1787575548.551,2026-08-24 17:45:48,2021-06-19 10:08:34.100,37.3527214800,-121.9157732100,19.7350,554914.522000,37.3527214000,-121.9157726000,19.8870
1787575548.651,2026-08-24 17:45:48,2021-06-19 10:08:34.200,37.3527215300,-121.9157732100,19.6300,554914.622000,37.3527214000,-121.9157725000,19.8890
1787575548.752,2026-08-24 17:45:48,2021-06-19 10:08:34.300,37.3527215300,-121.9157729300,19.6470,554914.727000,37.3527214000,-121.9157725000,19.8850
1787575548.856,2026-08-24 17:45:48,2021-06-19 10:08:34.400,37.3527214600,-121.9157731600,19.7190,554914.821000,37.3527213000,-121.9157725000,19.8870
1787575548.957,2026-08-24 17:45:48,2021-06-19 10:08:34.500,37.3527219500,-121.9157733100,19.7780,554914.926000,37.3527214000,-121.9157725000,19.8880
1787575549.057,2026-08-24 17:45:49,2021-06-19 10:08:34.600,37.3527220500,-121.9157730600,19.9160,554915.026000,37.3527215000,-121.9157724000,19.8870
1787575549.158,2026-08-24 17:45:49,2021-06-19 10:08:34.700,37.3527220900,-121.9157729900,19.9610,554915.126000,37.3527215000,-121.9157724000,19.8970
1787575549.259,2026-08-24 17:45:49,2021-06-19 10:08:34.800,37.3527215200,-121.9157729500,19.9230,554915.231000,37.3527216000,-121.9157724000,19.8920
1787575549.359,2026-08-24 17:45:49,2021-06-19 10:08:34.900,37.3527218500,-121.9157731100,19.8610,554915.326000,37.3527216000,-121.9157724000,19.8910
1787575549.460,2026-08-24 17:45:49,2021-06-19 10:08:35.000,37.3527219400,-121.9157731900,19.7420,554915.426000,37.3527217000,-121.9157724000,19.9070
1787575549.561,2026-08-24 17:45:49,2021-06-19 10:08:35.100,37.3527219200,-121.9157731700,19.7980,554915.531000,37.3527217000,-121.9157724000,19.9080
1787575549.662,2026-08-24 17:45:49,2021-06-19 10:08:35.200,37.3527219000,-121.9157731900,19.8270,554915.631000,37.3527217000,-121.9157724000,19.9030
1787575549.763,2026-08-24 17:45:49,2021-06-19 10:08:35.300,37.3527218600,-121.9157728400,19.9950,554915.731000,37.3527217000,-121.9157724000,19.9020
1787575549.864,2026-08-24 17:45:49,2021-06-19 10:08:35.400,37.3527220700,-121.9157729500,20.1170,554915.836000,37.3527217000,-121.9157724000,19.9060
1787575549.964,2026-08-24 17:45:49,2021-06-19 10:08:35.500,37.3527221300,-121.9157731100,19.9540,554915.936000,37.3527217000,-121.9157725000,19.9040
1787575550.064,2026-08-24 17:45:50,2021-06-19 10:08:35.600,37.3527222100,-121.9157729400,19.8590,554916.035000,37.3527218000,-121.9157724000,19.9030
1787575550.165,2026-08-24 17:45:50,2021-06-19 10:08:35.700,37.3527222900,-121.9157728900,19.7920,554916.135000,37.3527218000,-121.9157724000,19.9010
1787575550.266,2026-08-24 17:45:50,2021-06-19 10:08:35.800,37.3527222500,-121.9157729500,19.8840,554916.235000,37.3527218000,-121.9157724000,19.9000
1787575550.367,2026-08-24 17:45:50,2021-06-19 10:08:35.900,37.3527221900,-121.9157728800,19.9160,554916.340000,37.3527218000,-121.9157724000,19.8940
1787575550.468,2026-08-24 17:45:50,2021-06-19 10:08:36.000,37.3527225000,-121.9157727300,19.9480,554916.435000,37.3527219000,-121.9157724000,19.8930
1787575550.568,2026-08-24 17:45:50,2021-06-19 10:08:36.100,37.3527224700,-121.9157724700,20.1330,554916.540000,37.3527218000,-121.9157724000,19.8910
1787575550.669,2026-08-24 17:45:50,2021-06-19 10:08:36.200,37.3527223200,-121.9157727600,20.0720,554916.635000,37.3527218000,-121.9157724000,19.8940
1787575550.769,2026-08-24 17:45:50,2021-06-19 10:08:36.300,37.3527224400,-121.9157727600,20.0520,554916.740000,37.3527218000,-121.9157724000,19.8960
1787575550.870,2026-08-24 17:45:50,2021-06-19 10:08:36.400,37.3527224800,-121.9157726900,20.0230,554916.840000,37.3527218000,-121.9157724000,19.9000
1787575550.971,2026-08-24 17:45:50,2021-06-19 10:08:36.500,37.3527224700,-121.9157727500,20.0420,554916.940000,37.3527218000,-121.9157724000,19.9070
1787575551.072,2026-08-24 17:45:51,2021-06-19 10:08:36.600,37.3527223800,-121.9157725000,20.1480,554917.045000,37.3527218000,-121.9157724000,19.9110
1787575551.172,2026-08-24 17:45:51,2021-06-19 10:08:36.700,37.3527225400,-121.9157725600,20.2490,554917.140000,37.3527218000,-121.9157723000,19.9100
1787575551.272,2026-08-24 17:45:51,2021-06-19 10:08:36.800,37.3527227000,-121.9157722400,20.4600,554917.239000,37.3527218000,-121.9157723000,19.9190
1787575551.373,2026-08-24 17:45:51,2021-06-19 10:08:36.900,37.3527224700,-121.9157722800,20.3990,554917.344000,37.3527219000,-121.9157723000,19.9240
1787575551.473,2026-08-24 17:45:51,2021-06-19 10:08:37.000,37.3527223200,-121.9157723300,20.2280,554917.439000,37.3527219000,-121.9157722000,19.9270
1787575551.574,2026-08-24 17:45:51,2021-06-19 10:08:37.100,37.3527224300,-121.9157723200,20.2360,554917.539000,37.3527219000,-121.9157723000,19.9290
1787575551.674,2026-08-24 17:45:51,2021-06-19 10:08:37.200,37.3527227300,-121.9157726300,20.2750,554917.639000,37.3527220000,-121.9157722000,19.9320
1787575551.775,2026-08-24 17:45:51,2021-06-19 10:08:37.300,37.3527224800,-121.9157723700,20.3710,554917.744000,37.3527220000,-121.9157723000,19.9350
1787575551.876,2026-08-24 17:45:51,2021-06-19 10:08:37.400,37.3527229300,-121.9157721900,20.4540,554917.844000,37.3527220000,-121.9157723000,19.9390
1787575551.977,2026-08-24 17:45:51,2021-06-19 10:08:37.500,37.3527230600,-121.9157720800,20.5660,554917.944000,37.3527220000,-121.9157723000,19.9430
1787575552.078,2026-08-24 17:45:52,2021-06-19 10:08:37.600,37.3527232600,-121.9157723300,20.6440,554918.044000,37.3527221000,-121.9157723000,19.9540
1787575552.178,2026-08-24 17:45:52,2021-06-19 10:08:37.700,37.3527232400,-121.9157724600,20.5050,554918.149000,37.3527221000,-121.9157723000,19.9620
1787575552.279,2026-08-24 17:45:52,2021-06-19 10:08:37.800,37.3527229500,-121.9157722300,20.4510,554918.249000,37.3527221000,-121.9157722000,19.9590
1787575552.380,2026-08-24 17:45:52,2021-06-19 10:08:37.900,37.3527229400,-121.9157723600,20.3650,554918.349000,37.3527221000,-121.9157723000,19.9620
1787575552.481,2026-08-24 17:45:52,2021-06-19 10:08:38.000,37.3527231400,-121.9157725100,20.2690,554918.448000,37.3527222000,-121.9157723000,19.9650
1787575552.582,2026-08-24 17:45:52,2021-06-19 10:08:38.100,37.3527231800,-121.9157723800,20.3270,554918.548000,37.3527222000,-121.9157722000,19.9700
1787575552.682,2026-08-24 17:45:52,2021-06-19 10:08:38.200,37.3527230500,-121.9157723800,20.3700,554918.648000,37.3527223000,-121.9157722000,19.9750
1787575552.783,2026-08-24 17:45:52,2021-06-19 10:08:38.300,37.3527227000,-121.9157723200,20.4800,554918.753000,37.3527223000,-121.9157722000,19.9780
1787575552.883,2026-08-24 17:45:52,2021-06-19 10:08:38.400,37.3527225900,-121.9157724300,20.2660,554918.848000,37.3527223000,-121.9157722000,19.9780
1787575552.984,2026-08-24 17:45:52,2021-06-19 10:08:38.500,37.3527225400,-121.9157726700,20.0960,554918.948000,37.3527223000,-121.9157723000,19.9790
1787575553.084,2026-08-24 17:45:53,2021-06-19 10:08:38.600,37.3527224800,-121.9157726300,20.0980,554919.053000,37.3527222000,-121.9157723000,19.9810
1787575553.185,2026-08-24 17:45:53,2021-06-19 10:08:38.700,37.3527223500,-121.9157726900,20.0320,554919.148000,37.3527223000,-121.9157723000,19.9820
1787575553.285,2026-08-24 17:45:53,2021-06-19 10:08:38.800,37.3527223100,-121.9157724100,20.0510,554919.253000,37.3527222000,-121.9157723000,19.9830
1787575553.385,2026-08-24 17:45:53,2021-06-19 10:08:38.900,37.3527222400,-121.9157721700,20.1130,554919.353000,37.3527222000,-121.9157723000,19.9770
1787575553.486,2026-08-24 17:45:53,2021-06-19 10:08:39.000,37.3527225000,-121.9157724900,20.2250,554919.453000,37.3527222000,-121.9157723000,19.9830
1787575553.587,2026-08-24 17:45:53,2021-06-19 10:08:39.100,37.3527226900,-121.9157722500,20.3090,554919.553000,37.3527222000,-121.9157723000,19.9820
1787575553.687,2026-08-24 17:45:53,2021-06-19 10:08:39.200,37.3527226800,-121.9157723800,20.1260,554919.653000,37.3527221000,-121.9157724000,19.9760
1787575553.788,2026-08-24 17:45:53,2021-06-19 10:08:39.300,37.3527225800,-121.9157723200,20.0920,554919.752000,37.3527220000,-121.9157724000,19.9790
1787575553.889,2026-08-24 17:45:53,2021-06-19 10:08:39.400,37.3527226400,-121.9157726400,20.0690,554919.857000,37.3527220000,-121.9157724000,19.9820
1787575553.990,2026-08-24 17:45:53,2021-06-19 10:08:39.500,37.3527227000,-121.9157726900,20.0280,554919.957000,37.3527221000,-121.9157724000,19.9880
1787575554.090,2026-08-24 17:45:54,2021-06-19 10:08:39.600,37.3527227800,-121.9157723600,20.1160,554920.057000,37.3527220000,-121.9157724000,19.9860
1787575554.190,2026-08-24 17:45:54,2021-06-19 10:08:39.700,37.3527224700,-121.9157723500,20.2480,554920.157000,37.3527220000,-121.9157724000,19.9880
1787575554.291,2026-08-24 17:45:54,2021-06-19 10:08:39.800,37.3527225900,-121.9157720300,20.4020,554920.257000,37.3527221000,-121.9157724000,19.9900
1787575554.392,2026-08-24 17:45:54,2021-06-19 10:08:39.900,37.3527227900,-121.9157722300,20.2710,554920.357000,37.3527221000,-121.9157724000,19.9930
1787575554.493,2026-08-24 17:45:54,2021-06-19 10:08:40.000,37.3527228700,-121.9157725100,20.0790,554920.462000,37.3527221000,-121.9157724000,19.9940
1787575554.593,2026-08-24 17:45:54,2021-06-19 10:08:40.100,37.3527227700,-121.9157725000,20.0550,554920.562000,37.3527221000,-121.9157724000,19.9920
1787575554.693,2026-08-24 17:45:54,2021-06-19 10:08:40.200,37.3527227900,-121.9157725200,19.9200,554920.662000,37.3527221000,-121.9157724000,19.9860
1787575554.794,2026-08-24 17:45:54,2021-06-19 10:08:40.300,37.3527226800,-121.9157724700,19.9380,554920.762000,37.3527221000,-121.9157724000,19.9800
1787575554.896,2026-08-24 17:45:54,2021-06-19 10:08:40.400,37.3527226600,-121.9157727200,20.0080,554920.857000,37.3527222000,-121.9157724000,19.9730
1787575554.996,2026-08-24 17:45:54,2021-06-19 10:08:40.500,37.3527227300,-121.9157727100,20.0390,554920.962000,37.3527222000,-121.9157724000,19.9750
1787575555.097,2026-08-24 17:45:55,2021-06-19 10:08:40.600,37.3527228100,-121.9157724700,20.1090,554921.061000,37.3527223000,-121.9157724000,19.9780
1787575555.198,2026-08-24 17:45:55,2021-06-19 10:08:40.700,37.3527224500,-121.9157727100,19.9590,554921.166000,37.3527223000,-121.9157723000,19.9790
1787575555.299,2026-08-24 17:45:55,2021-06-19 10:08:40.800,37.3527222800,-121.9157729700,19.9070,554921.261000,37.3527223000,-121.9157724000,19.9830
1787575555.399,2026-08-24 17:45:55,2021-06-19 10:08:40.900,37.3527223000,-121.9157730000,19.7940,554921.366000,37.3527223000,-121.9157724000,19.9790
1787575555.500,2026-08-24 17:45:55,2021-06-19 10:08:41.000,37.3527224400,-121.9157732100,19.6840,554921.466000,37.3527223000,-121.9157724000,19.9760
1787575555.601,2026-08-24 17:45:55,2021-06-19 10:08:41.100,37.3527220000,-121.9157731600,19.7220,554921.566000,37.3527223000,-121.9157724000,19.9700
1787575555.702,2026-08-24 17:45:55,2021-06-19 10:08:41.200,37.3527219900,-121.9157733400,19.7790,554921.666000,37.3527222000,-121.9157724000,19.9710
1787575555.802,2026-08-24 17:45:55,2021-06-19 10:08:41.300,37.3527218900,-121.9157731000,19.8730,554921.766000,37.3527222000,-121.9157724000,19.9680
1787575555.903,2026-08-24 17:45:55,2021-06-19 10:08:41.400,37.3527219800,-121.9157729800,19.8650,554921.866000,37.3527222000,-121.9157724000,19.9690
1787575556.003,2026-08-24 17:45:56,2021-06-19 10:08:41.500,37.3527219100,-121.9157732500,19.7180,554921.966000,37.3527223000,-121.9157724000,19.9680
1787575556.104,2026-08-24 17:45:56,2021-06-19 10:08:41.600,37.3527220400,-121.9157732300,19.6710,554922.066000,37.3527222000,-121.9157724000,19.9670
1787575556.205,2026-08-24 17:45:56,2021-06-19 10:08:41.700,37.3527223800,-121.9157735300,19.6280,554922.171000,37.3527222000,-121.9157724000,19.9670
1787575556.305,2026-08-24 17:45:56,2021-06-19 10:08:41.800,37.3527221300,-121.9157734600,19.6970,554922.271000,37.3527222000,-121.9157724000,19.9680
1787575556.406,2026-08-24 17:45:56,2021-06-19 10:08:41.900,37.3527220200,-121.9157733700,19.7530,554922.371000,37.3527222000,-121.9157725000,19.9640
1787575556.513,2026-08-24 17:45:56,2021-06-19 10:08:42.100,37.3527223400,-121.9157728500,20.0110,554922.480000,37.3527222000,-121.9157725000,19.9560
1787575556.714,2026-08-24 17:45:56,2021-06-19 10:08:42.200,37.3527222600,-121.9157731400,19.9720,554922.680000,37.3527221000,-121.9157724000,19.9550
1787575556.815,2026-08-24 17:45:56,2021-06-19 10:08:42.300,37.3527220800,-121.9157730700,19.8390,554922.780000,37.3527221000,-121.9157725000,19.9560
1787575556.922,2026-08-24 17:45:56,2021-06-19 10:08:42.500,37.3527222400,-121.9157732000,19.6850,554922.890000,37.3527221000,-121.9157725000,19.9600
1787575557.023,2026-08-24 17:45:57,2021-06-19 10:08:42.600,37.3527222700,-121.9157731300,19.8020,554922.985000,37.3527221000,-121.9157725000,19.9540
1787575557.124,2026-08-24 17:45:57,2021-06-19 10:08:42.700,37.3527222100,-121.9157731400,19.8720,554923.085000,37.3527221000,-121.9157725000,19.9470
1787575557.224,2026-08-24 17:45:57,2021-06-19 10:08:42.800,37.3527220400,-121.9157728400,19.9980,554923.190000,37.3527220000,-121.9157725000,19.9540
1787575557.333,2026-08-24 17:45:57,2021-06-19 10:08:42.900,37.3527220200,-121.9157728200,20.1310,554923.300000,37.3527220000,-121.9157726000,19.9530
1787575557.435,2026-08-24 17:45:57,2021-06-19 10:08:43.000,37.3527219900,-121.9157728900,19.9290,554923.400000,37.3527219000,-121.9157726000,19.9490
1787575557.536,2026-08-24 17:45:57,2021-06-19 10:08:43.100,37.3527223300,-121.9157729000,19.8530,554923.500000,37.3527219000,-121.9157726000,19.9540
1787575557.637,2026-08-24 17:45:57,2021-06-19 10:08:43.200,37.3527221300,-121.9157730500,19.7920,554923.600000,37.3527219000,-121.9157725000,19.9550
1787575557.737,2026-08-24 17:45:57,2021-06-19 10:08:43.300,37.3527218600,-121.9157730800,19.8250,554923.700000,37.3527219000,-121.9157725000,19.9480
1787575557.838,2026-08-24 17:45:57,2021-06-19 10:08:43.400,37.3527217000,-121.9157730300,19.7990,554923.800000,37.3527219000,-121.9157725000,19.9500
1787575557.939,2026-08-24 17:45:57,2021-06-19 10:08:43.500,37.3527219000,-121.9157731300,19.7840,554923.899000,37.3527219000,-121.9157726000,19.9490
1787575558.040,2026-08-24 17:45:58,2021-06-19 10:08:43.600,37.3527217300,-121.9157729600,20.0160,554924.004000,37.3527220000,-121.9157726000,19.9480
1787575558.141,2026-08-24 17:45:58,2021-06-19 10:08:43.700,37.3527219100,-121.9157728400,20.0770,554924.104000,37.3527220000,-121.9157725000,19.9500
1787575558.242,2026-08-24 17:45:58,2021-06-19 10:08:43.800,37.3527217700,-121.9157727200,20.0110,554924.209000,37.3527220000,-121.9157725000,19.9520
1787575558.342,2026-08-24 17:45:58,2021-06-19 10:08:43.900,37.3527216500,-121.9157728600,19.9100,554924.304000,37.3527220000,-121.9157725000,19.9550
1787575558.443,2026-08-24 17:45:58,2021-06-19 10:08:44.000,37.3527218300,-121.9157732100,19.8900,554924.409000,37.3527220000,-121.9157725000,19.9530
1787575558.544,2026-08-24 17:45:58,2021-06-19 10:08:44.100,37.3527219600,-121.9157729600,19.9460,554924.509000,37.3527220000,-121.9157726000,19.9550
1787575558.644,2026-08-24 17:45:58,2021-06-19 10:08:44.200,37.3527219400,-121.9157726400,20.0000,554924.609000,37.3527220000,-121.9157726000,19.9500
1787575558.745,2026-08-24 17:45:58,2021-06-19 10:08:44.300,37.3527219000,-121.9157723900,20.1580,554924.709000,37.3527220000,-121.9157725000,19.9500
1787575558.845,2026-08-24 17:45:58,2021-06-19 10:08:44.400,37.3527219000,-121.9157723700,20.3380,554924.809000,37.3527220000,-121.9157725000,19.9550
1787575558.947,2026-08-24 17:45:58,2021-06-19 10:08:44.500,37.3527223400,-121.9157724500,20.2550,554924.909000,37.3527221000,-121.9157725000,19.9690
1787575559.047,2026-08-24 17:45:59,2021-06-19 10:08:44.600,37.3527220100,-121.9157722400,20.1960,554925.014000,37.3527220000,-121.9157725000,19.9720
1787575559.148,2026-08-24 17:45:59,2021-06-19 10:08:44.700,37.3527218500,-121.9157725000,20.1540,554925.109000,37.3527220000,-121.9157725000,19.9700
1787575559.249,2026-08-24 17:45:59,2021-06-19 10:08:44.800,37.3527216800,-121.9157722700,20.1750,554925.209000,37.3527220000,-121.9157725000,19.9700
1787575559.350,2026-08-24 17:45:59,2021-06-19 10:08:44.900,37.3527217800,-121.9157724500,20.2030,554925.314000,37.3527221000,-121.9157725000,19.9740
1787575559.450,2026-08-24 17:45:59,2021-06-19 10:08:45.000,37.3527215100,-121.9157725200,20.2650,554925.413000,37.3527220000,-121.9157725000,19.9680
1787575559.551,2026-08-24 17:45:59,2021-06-19 10:08:45.100,37.3527216800,-121.9157721100,20.4230,554925.513000,37.3527220000,-121.9157726000,19.9680
1787575559.652,2026-08-24 17:45:59,2021-06-19 10:08:45.200,37.3527215400,-121.9157718000,20.5740,554925.613000,37.3527220000,-121.9157726000,19.9750
1787575559.753,2026-08-24 17:45:59,2021-06-19 10:08:45.300,37.3527216200,-121.9157718300,20.4790,554925.713000,37.3527220000,-121.9157726000,19.9790
1787575559.853,2026-08-24 17:45:59,2021-06-19 10:08:45.400,37.3527212800,-121.9157720900,20.4360,554925.813000,37.3527219000,-121.9157726000,19.9790
1787575559.954,2026-08-24 17:45:59,2021-06-19 10:08:45.500,37.3527212200,-121.9157723000,20.1970,554925.918000,37.3527218000,-121.9157724000,19.9960
1787575560.055,2026-08-24 17:46:00,2021-06-19 10:08:45.600,37.3527212000,-121.9157720400,20.1520,554926.018000,37.3527218000,-121.9157724000,19.9950
1787575560.156,2026-08-24 17:46:00,2021-06-19 10:08:45.700,37.3527213200,-121.9157720400,20.1240,554926.118000,37.3527218000,-121.9157724000,20.0080
1787575560.256,2026-08-24 17:46:00,2021-06-19 10:08:45.800,37.3527212900,-121.9157721300,20.2020,554926.218000,37.3527218000,-121.9157724000,20.0070
1787575560.357,2026-08-24 17:46:00,2021-06-19 10:08:45.900,37.3527213900,-121.9157721300,20.2320,554926.318000,37.3527218000,-121.9157723000,20.0120
1787575560.457,2026-08-24 17:46:00,2021-06-19 10:08:46.000,37.3527213000,-121.9157722100,20.2190,554926.418000,37.3527218000,-121.9157723000,20.0150
1787575560.558,2026-08-24 17:46:00,2021-06-19 10:08:46.100,37.3527211800,-121.9157723800,20.1290,554926.518000,37.3527218000,-121.9157724000,20.0230
1787575560.659,2026-08-24 17:46:00,2021-06-19 10:08:46.200,37.3527211100,-121.9157724600,19.9850,554926.618000,37.3527218000,-121.9157724000,20.0240
1787575560.759,2026-08-24 17:46:00,2021-06-19 10:08:46.300,37.3527210800,-121.9157726000,19.8980,554926.718000,37.3527219000,-121.9157724000,20.0210
1787575560.860,2026-08-24 17:46:00,2021-06-19 10:08:46.400,37.3527208300,-121.9157726500,19.8610,554926.818000,37.3527219000,-121.9157724000,20.0160
1787575560.961,2026-08-24 17:46:00,2021-06-19 10:08:46.500,37.3527208500,-121.9157728500,19.7740,554926.923000,37.3527218000,-121.9157723000,20.0090
1787575561.061,2026-08-24 17:46:01,2021-06-19 10:08:46.600,37.3527208900,-121.9157725300,19.8360,554927.022000,37.3527218000,-121.9157723000,20.0070
1787575561.162,2026-08-24 17:46:01,2021-06-19 10:08:46.700,37.3527210000,-121.9157726300,19.9190,554927.122000,37.3527218000,-121.9157723000,20.0080
1787575561.262,2026-08-24 17:46:01,2021-06-19 10:08:46.800,37.3527209000,-121.9157726000,20.0460,554927.222000,37.3527217000,-121.9157723000,20.0070
1787575561.363,2026-08-24 17:46:01,2021-06-19 10:08:46.900,37.3527207700,-121.9157724600,20.1000,554927.327000,37.3527217000,-121.9157723000,20.0060
1787575561.464,2026-08-24 17:46:01,2021-06-19 10:08:47.000,37.3527208000,-121.9157726600,19.9370,554927.427000,37.3527216000,-121.9157723000,20.0070
1787575561.565,2026-08-24 17:46:01,2021-06-19 10:08:47.100,37.3527207900,-121.9157727700,19.9110,554927.527000,37.3527216000,-121.9157723000,20.0140
1787575561.665,2026-08-24 17:46:01,2021-06-19 10:08:47.200,37.3527206800,-121.9157730400,19.8980,554927.627000,37.3527216000,-121.9157723000,20.0170
1787575561.766,2026-08-24 17:46:01,2021-06-19 10:08:47.300,37.3527206100,-121.9157729100,19.8960,554927.727000,37.3527215000,-121.9157723000,20.0130
1787575561.867,2026-08-24 17:46:01,2021-06-19 10:08:47.400,37.3527205300,-121.9157728500,19.9120,554927.827000,37.3527215000,-121.9157723000,20.0120
1787575561.968,2026-08-24 17:46:01,2021-06-19 10:08:47.500,37.3527205200,-121.9157729500,19.9230,554927.927000,37.3527215000,-121.9157723000,20.0100
1787575562.069,2026-08-24 17:46:02,2021-06-19 10:08:47.600,37.3527209000,-121.9157728300,20.1500,554928.027000,37.3527215000,-121.9157723000,20.0090
1787575562.170,2026-08-24 17:46:02,2021-06-19 10:08:47.700,37.3527210700,-121.9157727200,20.2210,554928.132000,37.3527215000,-121.9157723000,20.0090
1787575562.270,2026-08-24 17:46:02,2021-06-19 10:08:47.800,37.3527207300,-121.9157727800,20.0880,554928.232000,37.3527215000,-121.9157724000,20.0080
1787575562.370,2026-08-24 17:46:02,2021-06-19 10:08:47.900,37.3527204600,-121.9157729700,19.9890,554928.327000,37.3527215000,-121.9157723000,20.0020
1787575562.471,2026-08-24 17:46:02,2021-06-19 10:08:48.000,37.3527205800,-121.9157731600,19.8070,554928.432000,37.3527215000,-121.9157723000,19.9940
1787575562.571,2026-08-24 17:46:02,2021-06-19 10:08:48.100,37.3527207700,-121.9157731300,19.8200,554928.531000,37.3527214000,-121.9157723000,19.9930
1787575562.672,2026-08-24 17:46:02,2021-06-19 10:08:48.200,37.3527205600,-121.9157732600,19.8070,554928.631000,37.3527214000,-121.9157723000,19.9960
1787575562.773,2026-08-24 17:46:02,2021-06-19 10:08:48.300,37.3527204100,-121.9157730100,19.8790,554928.731000,37.3527214000,-121.9157723000,19.9940
1787575562.874,2026-08-24 17:46:02,2021-06-19 10:08:48.400,37.3527207400,-121.9157729600,19.9630,554928.836000,37.3527214000,-121.9157723000,19.9970
1787575562.975,2026-08-24 17:46:02,2021-06-19 10:08:48.500,37.3527210200,-121.9157730900,20.0710,554928.931000,37.3527213000,-121.9157724000,19.9900
1787575563.076,2026-08-24 17:46:03,2021-06-19 10:08:48.600,37.3527212500,-121.9157734500,19.9320,554929.036000,37.3527213000,-121.9157724000,19.9920
1787575563.177,2026-08-24 17:46:03,2021-06-19 10:08:48.700,37.3527210000,-121.9157734900,19.7350,554929.141000,37.3527213000,-121.9157724000,19.9900
1787575563.278,2026-08-24 17:46:03,2021-06-19 10:08:48.800,37.3527207300,-121.9157733900,19.6440,554929.241000,37.3527213000,-121.9157724000,19.9840
1787575563.379,2026-08-24 17:46:03,2021-06-19 10:08:48.900,37.3527207800,-121.9157734500,19.6360,554929.341000,37.3527213000,-121.9157724000,19.9820
1787575563.480,2026-08-24 17:46:03,2021-06-19 10:08:49.000,37.3527212900,-121.9157738100,19.5710,554929.441000,37.3527213000,-121.9157724000,19.9800
1787575563.580,2026-08-24 17:46:03,2021-06-19 10:08:49.100,37.3527211400,-121.9157735600,19.6030,554929.541000,37.3527213000,-121.9157724000,19.9750
1787575563.681,2026-08-24 17:46:03,2021-06-19 10:08:49.200,37.3527211800,-121.9157736400,19.5760,554929.641000,37.3527213000,-121.9157724000,19.9690
1787575563.781,2026-08-24 17:46:03,2021-06-19 10:08:49.300,37.3527207900,-121.9157733800,19.7350,554929.741000,37.3527213000,-121.9157724000,19.9630
1787575563.882,2026-08-24 17:46:03,2021-06-19 10:08:49.400,37.3527212000,-121.9157735400,19.7320,554929.841000,37.3527213000,-121.9157724000,19.9560
1787575563.982,2026-08-24 17:46:03,2021-06-19 10:08:49.500,37.3527214900,-121.9157738600,19.5250,554929.941000,37.3527212000,-121.9157725000,19.9520
1787575564.083,2026-08-24 17:46:04,2021-06-19 10:08:49.600,37.3527212700,-121.9157737400,19.4770,554930.041000,37.3527213000,-121.9157725000,19.9430
1787575564.184,2026-08-24 17:46:04,2021-06-19 10:08:49.700,37.3527209400,-121.9157738300,19.4360,554930.145000,37.3527213000,-121.9157725000,19.9370
1787575564.284,2026-08-24 17:46:04,2021-06-19 10:08:49.800,37.3527211000,-121.9157736400,19.4650,554930.245000,37.3527213000,-121.9157725000,19.9250
1787575564.385,2026-08-24 17:46:04,2021-06-19 10:08:49.900,37.3527213800,-121.9157736300,19.5350,554930.345000,37.3527213000,-121.9157725000,19.9170
1787575564.485,2026-08-24 17:46:04,2021-06-19 10:08:50.000,37.3527213200,-121.9157737800,19.5500,554930.445000,37.3527213000,-121.9157725000,19.9080
1787575564.586,2026-08-24 17:46:04,2021-06-19 10:08:50.100,37.3527211500,-121.9157732800,19.7520,554930.545000,37.3527212000,-121.9157725000,19.9120
1787575564.687,2026-08-24 17:46:04,2021-06-19 10:08:50.200,37.3527211200,-121.9157731200,19.8510,554930.645000,37.3527212000,-121.9157726000,19.9060
1787575564.788,2026-08-24 17:46:04,2021-06-19 10:08:50.300,37.3527210000,-121.9157732800,19.7220,554930.745000,37.3527212000,-121.9157725000,19.9040
1787575564.888,2026-08-24 17:46:04,2021-06-19 10:08:50.400,37.3527209200,-121.9157736200,19.6850,554930.850000,37.3527212000,-121.9157725000,19.9040
1787575564.989,2026-08-24 17:46:04,2021-06-19 10:08:50.500,37.3527208900,-121.9157736000,19.5630,554930.945000,37.3527211000,-121.9157725000,19.8990
1787575565.089,2026-08-24 17:46:05,2021-06-19 10:08:50.600,37.3527210600,-121.9157734800,19.5930,554931.045000,37.3527211000,-121.9157726000,19.8970
1787575565.190,2026-08-24 17:46:05,2021-06-19 10:08:50.700,37.3527208400,-121.9157735400,19.6210,554931.145000,37.3527210000,-121.9157726000,19.8930
1787575565.290,2026-08-24 17:46:05,2021-06-19 10:08:50.800,37.3527208500,-121.9157734600,19.7430,554931.250000,37.3527210000,-121.9157726000,19.8980
1787575565.391,2026-08-24 17:46:05,2021-06-19 10:08:50.900,37.3527208800,-121.9157733100,19.8300,554931.350000,37.3527210000,-121.9157727000,19.8930
1787575565.492,2026-08-24 17:46:05,2021-06-19 10:08:51.000,37.3527207100,-121.9157732400,19.9150,554931.450000,37.3527210000,-121.9157726000,19.8920
1787575565.593,2026-08-24 17:46:05,2021-06-19 10:08:51.100,37.3527206000,-121.9157732300,19.8930,554931.550000,37.3527210000,-121.9157727000,19.9010
1787575565.693,2026-08-24 17:46:05,2021-06-19 10:08:51.200,37.3527209100,-121.9157734100,19.7550,554931.655000,37.3527209000,-121.9157727000,19.8980
1787575565.794,2026-08-24 17:46:05,2021-06-19 10:08:51.300,37.3527207700,-121.9157735800,19.7310,554931.755000,37.3527208000,-121.9157727000,19.8950
1787575565.895,2026-08-24 17:46:05,2021-06-19 10:08:51.400,37.3527208900,-121.9157735600,19.6840,554931.854000,37.3527209000,-121.9157727000,19.8890
1787575565.995,2026-08-24 17:46:05,2021-06-19 10:08:51.500,37.3527207200,-121.9157736100,19.6170,554931.954000,37.3527209000,-121.9157727000,19.8810
1787575566.096,2026-08-24 17:46:06,2021-06-19 10:08:51.600,37.3527206800,-121.9157731400,19.6810,554932.054000,37.3527210000,-121.9157727000,19.8820
1787575566.197,2026-08-24 17:46:06,2021-06-19 10:08:51.700,37.3527209700,-121.9157731000,19.8460,554932.154000,37.3527209000,-121.9157726000,19.8680
1787575566.298,2026-08-24 17:46:06,2021-06-19 10:08:51.800,37.3527207600,-121.9157731000,20.0530,554932.259000,37.3527209000,-121.9157726000,19.8670
1787575566.399,2026-08-24 17:46:06,2021-06-19 10:08:51.900,37.3527206900,-121.9157727300,20.0890,554932.354000,37.3527209000,-121.9157726000,19.8680
1787575566.499,2026-08-24 17:46:06,2021-06-19 10:08:52.000,37.3527209800,-121.9157728300,19.9160,554932.459000,37.3527209000,-121.9157725000,19.8660
1787575566.600,2026-08-24 17:46:06,2021-06-19 10:08:52.100,37.3527207800,-121.9157727200,19.9200,554932.559000,37.3527209000,-121.9157725000,19.8680
1787575566.701,2026-08-24 17:46:06,2021-06-19 10:08:52.200,37.3527210900,-121.9157731200,19.9620,554932.659000,37.3527208000,-121.9157725000,19.8660
1787575566.801,2026-08-24 17:46:06,2021-06-19 10:08:52.300,37.3527209800,-121.9157728400,20.0030,554932.764000,37.3527208000,-121.9157724000,19.8690
1787575566.902,2026-08-24 17:46:06,2021-06-19 10:08:52.400,37.3527209100,-121.9157725900,20.0650,554932.864000,37.3527207000,-121.9157725000,19.8630
1787575567.003,2026-08-24 17:46:07,2021-06-19 10:08:52.500,37.3527209900,-121.9157726600,20.0920,554932.964000,37.3527207000,-121.9157724000,19.8630
1787575567.104,2026-08-24 17:46:07,2021-06-19 10:08:52.600,37.3527213300,-121.9157725400,20.2550,554933.064000,37.3527208000,-121.9157724000,19.8650
1787575567.204,2026-08-24 17:46:07,2021-06-19 10:08:52.700,37.3527214600,-121.9157724700,20.3680,554933.159000,37.3527208000,-121.9157724000,19.8670
1787575567.304,2026-08-24 17:46:07,2021-06-19 10:08:52.800,37.3527213500,-121.9157725800,20.2480,554933.264000,37.3527208000,-121.9157724000,19.8700
1787575567.405,2026-08-24 17:46:07,2021-06-19 10:08:52.900,37.3527210700,-121.9157725900,20.1900,554933.364000,37.3527207000,-121.9157724000,19.8730
1787575567.507,2026-08-24 17:46:07,2021-06-19 10:08:53.000,37.3527211700,-121.9157727900,20.0780,554933.464000,37.3527207000,-121.9157724000,19.8740
1787575567.608,2026-08-24 17:46:07,2021-06-19 10:08:53.100,37.3527215900,-121.9157727900,20.1290,554933.564000,37.3527208000,-121.9157724000,19.8750
1787575567.708,2026-08-24 17:46:07,2021-06-19 10:08:53.200,37.3527216100,-121.9157728500,20.1540,554933.663000,37.3527208000,-121.9157724000,19.8760
1787575567.808,2026-08-24 17:46:07,2021-06-19 10:08:53.300,37.3527211800,-121.9157726500,20.2450,554933.763000,37.3527208000,-121.9157724000,19.8740
1787575567.909,2026-08-24 17:46:07,2021-06-19 10:08:53.400,37.3527211100,-121.9157724500,20.3450,554933.868000,37.3527208000,-121.9157724000,19.8730
1787575568.010,2026-08-24 17:46:08,2021-06-19 10:08:53.500,37.3527213600,-121.9157725900,20.4640,554933.968000,37.3527208000,-121.9157724000,19.8890
1787575568.110,2026-08-24 17:46:08,2021-06-19 10:08:53.600,37.3527216700,-121.9157726100,20.5540,554934.068000,37.3527208000,-121.9157724000,19.9020
1787575568.212,2026-08-24 17:46:08,2021-06-19 10:08:53.700,37.3527217500,-121.9157727500,20.4420,554934.168000,37.3527208000,-121.9157724000,19.9090
1787575568.313,2026-08-24 17:46:08,2021-06-19 10:08:53.800,37.3527214800,-121.9157726600,20.3560,554934.268000,37.3527208000,-121.9157724000,19.9080
1787575568.414,2026-08-24 17:46:08,2021-06-19 10:08:53.900,37.3527214400,-121.9157726600,20.2900,554934.373000,37.3527208000,-121.9157724000,19.9180
1787575568.514,2026-08-24 17:46:08,2021-06-19 10:08:54.000,37.3527220100,-121.9157730300,20.1940,554934.473000,37.3527208000,-121.9157724000,19.9190
1787575568.615,2026-08-24 17:46:08,2021-06-19 10:08:54.100,37.3527219900,-121.9157728500,20.1800,554934.573000,37.3527209000,-121.9157725000,19.9270
1787575568.716,2026-08-24 17:46:08,2021-06-19 10:08:54.300,37.3527215000,-121.9157729000,20.1530,554934.673000,37.3527209000,-121.9157725000,19.9220
1787575568.918,2026-08-24 17:46:08,2021-06-19 10:08:54.400,37.3527213800,-121.9157726000,20.2670,554934.873000,37.3527209000,-121.9157724000,19.9220
1787575569.019,2026-08-24 17:46:09,2021-06-19 10:08:54.500,37.3527218300,-121.9157729800,20.1780,554934.978000,37.3527209000,-121.9157724000,19.9260
1787575569.120,2026-08-24 17:46:09,2021-06-19 10:08:54.700,37.3527211700,-121.9157731800,19.9950,554935.078000,37.3527210000,-121.9157724000,19.9270
1787575569.322,2026-08-24 17:46:09,2021-06-19 10:08:54.900,37.3527211300,-121.9157731200,20.0450,554935.278000,37.3527210000,-121.9157724000,19.9370
1787575569.422,2026-08-24 17:46:09,2021-06-19 10:08:55.000,37.3527216600,-121.9157733100,20.0380,554935.378000,37.3527210000,-121.9157724000,19.9350
1787575569.522,2026-08-24 17:46:09,2021-06-19 10:08:55.100,37.3527219200,-121.9157730700,20.0790,554935.477000,37.3527209000,-121.9157724000,19.9350
1787575569.623,2026-08-24 17:46:09,2021-06-19 10:08:55.200,37.3527220800,-121.9157728600,20.0420,554935.577000,37.3527209000,-121.9157724000,19.9380
1787575569.723,2026-08-24 17:46:09,2021-06-19 10:08:55.300,37.3527219600,-121.9157727100,20.1760,554935.677000,37.3527209000,-121.9157725000,19.9380
1787575569.834,2026-08-24 17:46:09,2021-06-19 10:08:55.400,37.3527218400,-121.9157728800,20.1850,554935.792000,37.3527209000,-121.9157725000,19.9350
1787575569.935,2026-08-24 17:46:09,2021-06-19 10:08:55.500,37.3527221100,-121.9157731100,19.9640,554935.892000,37.3527209000,-121.9157725000,19.9430
1787575570.036,2026-08-24 17:46:10,2021-06-19 10:08:55.600,37.3527221900,-121.9157729500,19.9210,554935.992000,37.3527209000,-121.9157725000,19.9430
1787575570.138,2026-08-24 17:46:10,2021-06-19 10:08:55.700,37.3527219500,-121.9157729400,19.8870,554936.097000,37.3527209000,-121.9157724000,19.9430
1787575570.239,2026-08-24 17:46:10,2021-06-19 10:08:55.800,37.3527219100,-121.9157729300,19.9470,554936.192000,37.3527209000,-121.9157724000,19.9300
1787575570.340,2026-08-24 17:46:10,2021-06-19 10:08:55.900,37.3527220200,-121.9157728100,20.0140,554936.297000,37.3527210000,-121.9157724000,19.9320
1787575570.441,2026-08-24 17:46:10,2021-06-19 10:08:56.000,37.3527219100,-121.9157728500,20.0370,554936.397000,37.3527210000,-121.9157724000,19.9320
1787575570.541,2026-08-24 17:46:10,2021-06-19 10:08:56.100,37.3527221200,-121.9157727000,20.2310,554936.497000,37.3527210000,-121.9157724000,19.9340
1787575570.641,2026-08-24 17:46:10,2021-06-19 10:08:56.200,37.3527220100,-121.9157724800,20.4080,554936.597000,37.3527210000,-121.9157724000,19.9320
1787575570.742,2026-08-24 17:46:10,2021-06-19 10:08:56.300,37.3527219800,-121.9157725300,20.2920,554936.697000,37.3527210000,-121.9157724000,19.9300
1787575570.842,2026-08-24 17:46:10,2021-06-19 10:08:56.400,37.3527219200,-121.9157725800,20.2020,554936.797000,37.3527211000,-121.9157724000,19.9450
1787575570.943,2026-08-24 17:46:10,2021-06-19 10:08:56.500,37.3527218100,-121.9157726500,20.0660,554936.902000,37.3527210000,-121.9157725000,19.9430
1787575571.044,2026-08-24 17:46:11,2021-06-19 10:08:56.600,37.3527219700,-121.9157723700,20.0310,554937.002000,37.3527210000,-121.9157725000,19.9490
1787575571.145,2026-08-24 17:46:11,2021-06-19 10:08:56.700,37.3527221200,-121.9157725500,19.9670,554937.102000,37.3527210000,-121.9157724000,19.9490
1787575571.245,2026-08-24 17:46:11,2021-06-19 10:08:56.800,37.3527217000,-121.9157724600,20.0190,554937.202000,37.3527210000,-121.9157725000,19.9420
1787575571.346,2026-08-24 17:46:11,2021-06-19 10:08:56.900,37.3527219200,-121.9157722300,20.0120,554937.302000,37.3527210000,-121.9157724000,19.9430
1787575571.446,2026-08-24 17:46:11,2021-06-19 10:08:57.000,37.3527220700,-121.9157721700,20.0380,554937.402000,37.3527210000,-121.9157725000,19.9420
1787575571.546,2026-08-24 17:46:11,2021-06-19 10:08:57.100,37.3527223500,-121.9157719300,20.2390,554937.501000,37.3527209000,-121.9157725000,19.9440
1787575571.646,2026-08-24 17:46:11,2021-06-19 10:08:57.200,37.3527223300,-121.9157722800,20.1570,554937.601000,37.3527209000,-121.9157725000,19.9440
1787575571.747,2026-08-24 17:46:11,2021-06-19 10:08:57.300,37.3527220800,-121.9157723400,19.9640,554937.701000,37.3527210000,-121.9157724000,19.9420
1787575571.848,2026-08-24 17:46:11,2021-06-19 10:08:57.400,37.3527217100,-121.9157722800,19.8160,554937.806000,37.3527210000,-121.9157725000,19.9430
1787575571.949,2026-08-24 17:46:11,2021-06-19 10:08:57.500,37.3527216100,-121.9157726200,19.6820,554937.901000,37.3527210000,-121.9157725000,19.9440
1787575572.049,2026-08-24 17:46:12,2021-06-19 10:08:57.600,37.3527217800,-121.9157725200,19.6820,554938.006000,37.3527211000,-121.9157725000,19.9350
1787575572.150,2026-08-24 17:46:12,2021-06-19 10:08:57.700,37.3527220200,-121.9157725600,19.6700,554938.106000,37.3527211000,-121.9157725000,19.9270
1787575572.251,2026-08-24 17:46:12,2021-06-19 10:08:57.800,37.3527218500,-121.9157723600,19.6980,554938.206000,37.3527211000,-121.9157724000,19.9280
1787575572.352,2026-08-24 17:46:12,2021-06-19 10:08:57.900,37.3527216200,-121.9157723000,19.7530,554938.306000,37.3527211000,-121.9157724000,19.9230
1787575572.452,2026-08-24 17:46:12,2021-06-19 10:08:58.000,37.3527216800,-121.9157722800,19.7480,554938.411000,37.3527211000,-121.9157724000,19.9230
1787575572.553,2026-08-24 17:46:12,2021-06-19 10:08:58.100,37.3527218600,-121.9157722400,19.8690,554938.511000,37.3527211000,-121.9157724000,19.9290
1787575572.654,2026-08-24 17:46:12,2021-06-19 10:08:58.200,37.3527216200,-121.9157725700,19.7050,554938.611000,37.3527210000,-121.9157725000,19.9190
1787575572.754,2026-08-24 17:46:12,2021-06-19 10:08:58.300,37.3527212900,-121.9157727400,19.5920,554938.711000,37.3527210000,-121.9157724000,19.9230
1787575572.854,2026-08-24 17:46:12,2021-06-19 10:08:58.400,37.3527213000,-121.9157725800,19.5040,554938.806000,37.3527210000,-121.9157724000,19.9220
1787575572.955,2026-08-24 17:46:12,2021-06-19 10:08:58.500,37.3527213700,-121.9157730600,19.3900,554938.911000,37.3527210000,-121.9157725000,19.9120
1787575573.055,2026-08-24 17:46:13,2021-06-19 10:08:58.600,37.3527216600,-121.9157731900,19.5030,554939.011000,37.3527209000,-121.9157725000,19.9090
1787575573.156,2026-08-24 17:46:13,2021-06-19 10:08:58.700,37.3527216700,-121.9157731100,19.5430,554939.106000,37.3527209000,-121.9157725000,19.9080
1787575573.257,2026-08-24 17:46:13,2021-06-19 10:08:58.800,37.3527218100,-121.9157728600,19.6470,554939.211000,37.3527210000,-121.9157724000,19.9070
1787575573.358,2026-08-24 17:46:13,2021-06-19 10:08:58.900,37.3527219100,-121.9157727100,19.8190,554939.311000,37.3527209000,-121.9157725000,19.8990
1787575573.459,2026-08-24 17:46:13,2021-06-19 10:08:59.000,37.3527220300,-121.9157729800,19.8980,554939.410000,37.3527209000,-121.9157724000,19.9000
1787575573.559,2026-08-24 17:46:13,2021-06-19 10:08:59.100,37.3527219700,-121.9157729700,19.8190,554939.510000,37.3527209000,-121.9157724000,19.9000
1787575573.660,2026-08-24 17:46:13,2021-06-19 10:08:59.200,37.3527219600,-121.9157729900,19.7300,554939.615000,37.3527209000,-121.9157724000,19.8860
1787575573.761,2026-08-24 17:46:13,2021-06-19 10:08:59.300,37.3527212600,-121.9157728900,19.7020,554939.715000,37.3527208000,-121.9157724000,19.8790
1787575573.861,2026-08-24 17:46:13,2021-06-19 10:08:59.400,37.3527216900,-121.9157727900,19.6440,554939.815000,37.3527208000,-121.9157724000,19.8750
1787575573.962,2026-08-24 17:46:13,2021-06-19 10:08:59.500,37.3527221100,-121.9157728600,19.5740,554939.915000,37.3527208000,-121.9157724000,19.8660
1787575574.063,2026-08-24 17:46:14,2021-06-19 10:08:59.600,37.3527220700,-121.9157727800,19.6650,554940.015000,37.3527209000,-121.9157724000,19.8640
1787575574.163,2026-08-24 17:46:14,2021-06-19 10:08:59.700,37.3527220300,-121.9157727300,19.7640,554940.120000,37.3527209000,-121.9157725000,19.8670
1787575574.264,2026-08-24 17:46:14,2021-06-19 10:08:59.800,37.3527218500,-121.9157724300,19.9100,554940.220000,37.3527210000,-121.9157724000,19.8600
1787575574.365,2026-08-24 17:46:14,2021-06-19 10:08:59.900,37.3527219600,-121.9157721700,20.1210,554940.320000,37.3527211000,-121.9157725000,19.8540
1787575574.465,2026-08-24 17:46:14,2021-06-19 10:09:00.000,37.3527221800,-121.9157725600,19.9480,554940.420000,37.3527211000,-121.9157725000,19.8550
1787575574.565,2026-08-24 17:46:14,2021-06-19 10:09:00.100,37.3527220400,-121.9157725000,19.8800,554940.515000,37.3527211000,-121.9157725000,19.8540
1787575574.666,2026-08-24 17:46:14,2021-06-19 10:09:00.200,37.3527221800,-121.9157725500,19.8320,554940.620000,37.3527212000,-121.9157725000,19.8460
1787575574.766,2026-08-24 17:46:14,2021-06-19 10:09:00.300,37.3527220900,-121.9157724700,19.8660,554940.720000,37.3527212000,-121.9157725000,19.8440
1787575574.866,2026-08-24 17:46:14,2021-06-19 10:09:00.400,37.3527223000,-121.9157726500,19.9380,554940.815000,37.3527212000,-121.9157725000,19.8440
1787575574.967,2026-08-24 17:46:14,2021-06-19 10:09:00.500,37.3527225000,-121.9157726300,19.9190,554940.920000,37.3527211000,-121.9157725000,19.8370
1787575575.067,2026-08-24 17:46:15,2021-06-19 10:09:00.600,37.3527225400,-121.9157724600,19.9870,554941.020000,37.3527211000,-121.9157725000,19.8290
1787575575.168,2026-08-24 17:46:15,2021-06-19 10:09:00.700,37.3527223100,-121.9157724400,20.0780,554941.125000,37.3527211000,-121.9157725000,19.8260
1787575575.268,2026-08-24 17:46:15,2021-06-19 10:09:00.800,37.3527225300,-121.9157723300,20.2470,554941.220000,37.3527212000,-121.9157725000,19.8340
1787575575.368,2026-08-24 17:46:15,2021-06-19 10:09:00.900,37.3527225500,-121.9157722800,20.2010,554941.320000,37.3527211000,-121.9157724000,19.8460
1787575575.470,2026-08-24 17:46:15,2021-06-19 10:09:01.000,37.3527225800,-121.9157725500,20.0280,554941.425000,37.3527210000,-121.9157724000,19.8520
1787575575.570,2026-08-24 17:46:15,2021-06-19 10:09:01.100,37.3527225100,-121.9157726600,20.0240,554941.519000,37.3527211000,-121.9157724000,19.8510
1787575575.671,2026-08-24 17:46:15,2021-06-19 10:09:01.200,37.3527224500,-121.9157726300,19.9610,554941.624000,37.3527211000,-121.9157725000,19.8550
1787575575.772,2026-08-24 17:46:15,2021-06-19 10:09:01.300,37.3527224100,-121.9157727500,19.9630,554941.724000,37.3527210000,-121.9157725000,19.8640
1787575575.873,2026-08-24 17:46:15,2021-06-19 10:09:01.400,37.3527223900,-121.9157725500,19.9990,554941.824000,37.3527211000,-121.9157724000,19.8640
1787575575.973,2026-08-24 17:46:15,2021-06-19 10:09:01.500,37.3527223000,-121.9157726500,20.0130,554941.929000,37.3527212000,-121.9157724000,19.8610
1787575576.074,2026-08-24 17:46:16,2021-06-19 10:09:01.600,37.3527225700,-121.9157723600,20.1380,554942.029000,37.3527211000,-121.9157724000,19.8540
1787575576.174,2026-08-24 17:46:16,2021-06-19 10:09:01.700,37.3527227400,-121.9157722400,20.2610,554942.124000,37.3527210000,-121.9157724000,19.8550
1787575576.275,2026-08-24 17:46:16,2021-06-19 10:09:01.800,37.3527226800,-121.9157725300,20.2930,554942.229000,37.3527211000,-121.9157723000,19.8650
1787575576.376,2026-08-24 17:46:16,2021-06-19 10:09:01.900,37.3527226000,-121.9157723400,20.2200,554942.329000,37.3527211000,-121.9157724000,19.8700
1787575576.476,2026-08-24 17:46:16,2021-06-19 10:09:02.000,37.3527228700,-121.9157724600,20.1160,554942.429000,37.3527210000,-121.9157724000,19.8720
1787575576.577,2026-08-24 17:46:16,2021-06-19 10:09:02.100,37.3527230900,-121.9157723300,20.1510,554942.534000,37.3527210000,-121.9157724000,19.8780
1787575576.677,2026-08-24 17:46:16,2021-06-19 10:09:02.200,37.3527232500,-121.9157726500,20.1740,554942.634000,37.3527211000,-121.9157724000,19.8740
1787575576.778,2026-08-24 17:46:16,2021-06-19 10:09:02.300,37.3527232700,-121.9157725000,20.1920,554942.734000,37.3527211000,-121.9157724000,19.8710
1787575576.878,2026-08-24 17:46:16,2021-06-19 10:09:02.400,37.3527232300,-121.9157722100,20.2410,554942.834000,37.3527212000,-121.9157724000,19.8790
1787575576.979,2026-08-24 17:46:16,2021-06-19 10:09:02.500,37.3527230700,-121.9157723000,20.3020,554942.934000,37.3527211000,-121.9157724000,19.8860
1787575577.080,2026-08-24 17:46:17,2021-06-19 10:09:02.600,37.3527232100,-121.9157720600,20.5370,554943.034000,37.3527211000,-121.9157724000,19.8940
1787575577.181,2026-08-24 17:46:17,2021-06-19 10:09:02.700,37.3527234200,-121.9157719800,20.6370,554943.129000,37.3527211000,-121.9157724000,19.9060
1787575577.281,2026-08-24 17:46:17,2021-06-19 10:09:02.800,37.3527230300,-121.9157720700,20.4970,554943.234000,37.3527211000,-121.9157724000,19.9100
1787575577.382,2026-08-24 17:46:17,2021-06-19 10:09:02.900,37.3527226300,-121.9157722700,20.4170,554943.339000,37.3527211000,-121.9157724000,19.9110
1787575577.483,2026-08-24 17:46:17,2021-06-19 10:09:03.000,37.3527227400,-121.9157724600,20.2400,554943.434000,37.3527212000,-121.9157724000,19.9140
1787575577.583,2026-08-24 17:46:17,2021-06-19 10:09:03.100,37.3527228000,-121.9157724800,20.2420,554943.534000,37.3527211000,-121.9157724000,19.9230
1787575577.684,2026-08-24 17:46:17,2021-06-19 10:09:03.200,37.3527229100,-121.9157726500,20.2090,554943.633000,37.3527212000,-121.9157723000,19.9350
1787575577.785,2026-08-24 17:46:17,2021-06-19 10:09:03.300,37.3527225300,-121.9157727200,20.1580,554943.738000,37.3527212000,-121.9157723000,19.9390
1787575577.885,2026-08-24 17:46:17,2021-06-19 10:09:03.400,37.3527224200,-121.9157726100,20.1500,554943.833000,37.3527212000,-121.9157724000,19.9420
1787575577.987,2026-08-24 17:46:17,2021-06-19 10:09:03.500,37.3527224100,-121.9157727100,20.1020,554943.938000,37.3527211000,-121.9157724000,19.9440
1787575578.087,2026-08-24 17:46:18,2021-06-19 10:09:03.600,37.3527225100,-121.9157727900,20.2600,554944.038000,37.3527212000,-121.9157724000,19.9420
1787575578.187,2026-08-24 17:46:18,2021-06-19 10:09:03.700,37.3527224300,-121.9157727800,20.2520,554944.138000,37.3527212000,-121.9157724000,19.9440
1787575578.288,2026-08-24 17:46:18,2021-06-19 10:09:03.800,37.3527221200,-121.9157727900,20.0650,554944.238000,37.3527212000,-121.9157724000,19.9400
1787575578.389,2026-08-24 17:46:18,2021-06-19 10:09:03.900,37.3527219300,-121.9157727900,19.9200,554944.343000,37.3527212000,-121.9157724000,19.9300
1787575578.490,2026-08-24 17:46:18,2021-06-19 10:09:04.000,37.3527219500,-121.9157732000,19.7590,554944.443000,37.3527212000,-121.9157724000,19.9320
1787575578.591,2026-08-24 17:46:18,2021-06-19 10:09:04.100,37.3527221700,-121.9157731600,19.7550,554944.538000,37.3527212000,-121.9157724000,19.9330
1787575578.691,2026-08-24 17:46:18,2021-06-19 10:09:04.200,37.3527219500,-121.9157731000,19.6770,554944.643000,37.3527212000,-121.9157724000,19.9290
1787575578.792,2026-08-24 17:46:18,2021-06-19 10:09:04.300,37.3527217000,-121.9157731200,19.6650,554944.743000,37.3527212000,-121.9157724000,19.9200
1787575578.892,2026-08-24 17:46:18,2021-06-19 10:09:04.400,37.3527216500,-121.9157728700,19.7180,554944.848000,37.3527212000,-121.9157724000,19.9140
1787575578.998,2026-08-24 17:46:18,2021-06-19 10:09:04.600,37.3527221300,-121.9157729700,19.8970,554944.953000,37.3527213000,-121.9157724000,19.9110
1787575579.199,2026-08-24 17:46:19,2021-06-19 10:09:04.700,37.3527220400,-121.9157727800,20.0440,554945.148000,37.3527213000,-121.9157724000,19.9180
1787575579.299,2026-08-24 17:46:19,2021-06-19 10:09:04.800,37.3527216300,-121.9157728200,19.9010,554945.248000,37.3527213000,-121.9157724000,19.9200
1787575579.400,2026-08-24 17:46:19,2021-06-19 10:09:04.900,37.3527216000,-121.9157727800,19.8310,554945.353000,37.3527213000,-121.9157724000,19.9090
1787575579.500,2026-08-24 17:46:19,2021-06-19 10:09:05.000,37.3527215900,-121.9157731300,19.7130,554945.453000,37.3527213000,-121.9157724000,19.8950
1787575579.601,2026-08-24 17:46:19,2021-06-19 10:09:05.100,37.3527214700,-121.9157729900,19.7030,554945.553000,37.3527213000,-121.9157725000,19.8920
1787575579.701,2026-08-24 17:46:19,2021-06-19 10:09:05.200,37.3527214000,-121.9157730000,19.6490,554945.653000,37.3527214000,-121.9157725000,19.8960
1787575579.803,2026-08-24 17:46:19,2021-06-19 10:09:05.400,37.3527210800,-121.9157731500,19.7770,554945.753000,37.3527213000,-121.9157725000,19.8920
1787575580.004,2026-08-24 17:46:20,2021-06-19 10:09:05.500,37.3527211500,-121.9157730600,19.8510,554945.952000,37.3527213000,-121.9157725000,19.8830
1787575580.104,2026-08-24 17:46:20,2021-06-19 10:09:05.600,37.3527212300,-121.9157725900,20.0350,554946.057000,37.3527214000,-121.9157725000,19.8880
1787575580.204,2026-08-24 17:46:20,2021-06-19 10:09:05.700,37.3527212500,-121.9157725600,20.1580,554946.157000,37.3527214000,-121.9157725000,19.8900
1787575580.305,2026-08-24 17:46:20,2021-06-19 10:09:05.800,37.3527208600,-121.9157727100,20.0570,554946.257000,37.3527214000,-121.9157725000,19.8950
1787575580.405,2026-08-24 17:46:20,2021-06-19 10:09:05.900,37.3527210700,-121.9157727500,19.9540,554946.357000,37.3527214000,-121.9157725000,19.9000
1787575580.506,2026-08-24 17:46:20,2021-06-19 10:09:06.000,37.3527212700,-121.9157730000,19.7640,554946.457000,37.3527214000,-121.9157725000,19.8900
1787575580.606,2026-08-24 17:46:20,2021-06-19 10:09:06.100,37.3527211800,-121.9157731000,19.7240,554946.557000,37.3527214000,-121.9157725000,19.8890
1787575580.707,2026-08-24 17:46:20,2021-06-19 10:09:06.200,37.3527210300,-121.9157731700,19.6470,554946.657000,37.3527214000,-121.9157725000,19.8850
1787575580.807,2026-08-24 17:46:20,2021-06-19 10:09:06.300,37.3527211300,-121.9157732200,19.5910,554946.757000,37.3527215000,-121.9157725000,19.8830
1787575580.908,2026-08-24 17:46:20,2021-06-19 10:09:06.400,37.3527209600,-121.9157731100,19.6160,554946.862000,37.3527214000,-121.9157725000,19.8720
1787575581.009,2026-08-24 17:46:21,2021-06-19 10:09:06.500,37.3527209500,-121.9157732100,19.5970,554946.962000,37.3527215000,-121.9157725000,19.8540
1787575581.110,2026-08-24 17:46:21,2021-06-19 10:09:06.600,37.3527208500,-121.9157729200,19.7250,554947.062000,37.3527215000,-121.9157725000,19.8470
1787575581.211,2026-08-24 17:46:21,2021-06-19 10:09:06.700,37.3527208800,-121.9157727000,19.8240,554947.162000,37.3527214000,-121.9157725000,19.8420
1787575581.312,2026-08-24 17:46:21,2021-06-19 10:09:06.800,37.3527207300,-121.9157729000,19.8030,554947.262000,37.3527214000,-121.9157725000,19.8430
1787575581.412,2026-08-24 17:46:21,2021-06-19 10:09:06.900,37.3527207700,-121.9157729300,19.6270,554947.362000,37.3527214000,-121.9157725000,19.8430
1787575581.513,2026-08-24 17:46:21,2021-06-19 10:09:07.000,37.3527208600,-121.9157732100,19.3990,554947.462000,37.3527213000,-121.9157725000,19.8390
1787575581.613,2026-08-24 17:46:21,2021-06-19 10:09:07.100,37.3527208400,-121.9157733300,19.3700,554947.562000,37.3527213000,-121.9157725000,19.8350
1787575581.714,2026-08-24 17:46:21,2021-06-19 10:09:07.200,37.3527208100,-121.9157736500,19.3820,554947.662000,37.3527214000,-121.9157724000,19.8350
1787575581.814,2026-08-24 17:46:21,2021-06-19 10:09:07.300,37.3527208300,-121.9157735300,19.3990,554947.767000,37.3527214000,-121.9157724000,19.8320
1787575581.915,2026-08-24 17:46:21,2021-06-19 10:09:07.400,37.3527207400,-121.9157733000,19.3450,554947.867000,37.3527214000,-121.9157724000,19.8340
1787575582.023,2026-08-24 17:46:22,2021-06-19 10:09:07.600,37.3527210600,-121.9157732100,19.4440,554947.977000,37.3527215000,-121.9157725000,19.8210
1787575582.123,2026-08-24 17:46:22,2021-06-19 10:09:07.700,37.3527212800,-121.9157732600,19.5570,554948.077000,37.3527214000,-121.9157725000,19.8170
1787575582.223,2026-08-24 17:46:22,2021-06-19 10:09:07.800,37.3527210300,-121.9157731300,19.6050,554948.177000,37.3527214000,-121.9157726000,19.8090
1787575582.334,2026-08-24 17:46:22,2021-06-19 10:09:07.900,37.3527210500,-121.9157731300,19.5310,554948.286000,37.3527214000,-121.9157726000,19.8100
1787575582.437,2026-08-24 17:46:22,2021-06-19 10:09:08.000,37.3527211900,-121.9157732900,19.3770,554948.391000,37.3527214000,-121.9157726000,19.8050
1787575582.537,2026-08-24 17:46:22,2021-06-19 10:09:08.100,37.3527213500,-121.9157730500,19.4030,554948.486000,37.3527215000,-121.9157726000,19.8050
1787575582.638,2026-08-24 17:46:22,2021-06-19 10:09:08.200,37.3527214700,-121.9157732500,19.4330,554948.586000,37.3527214000,-121.9157726000,19.7930
1787575582.739,2026-08-24 17:46:22,2021-06-19 10:09:08.300,37.3527210900,-121.9157731500,19.5130,554948.686000,37.3527215000,-121.9157726000,19.7940
1787575582.839,2026-08-24 17:46:22,2021-06-19 10:09:08.400,37.3527213800,-121.9157728800,19.5770,554948.791000,37.3527215000,-121.9157726000,19.7920
1787575582.940,2026-08-24 17:46:22,2021-06-19 10:09:08.500,37.3527215600,-121.9157727500,19.6520,554948.891000,37.3527215000,-121.9157726000,19.7850
1787575583.041,2026-08-24 17:46:23,2021-06-19 10:09:08.600,37.3527216400,-121.9157728200,19.8390,554948.991000,37.3527215000,-121.9157726000,19.7780
1787575583.142,2026-08-24 17:46:23,2021-06-19 10:09:08.700,37.3527215400,-121.9157727100,19.9930,554949.091000,37.3527215000,-121.9157726000,19.7800
1787575583.242,2026-08-24 17:46:23,2021-06-19 10:09:08.800,37.3527213100,-121.9157725000,20.0730,554949.196000,37.3527215000,-121.9157726000,19.7820
1787575583.343,2026-08-24 17:46:23,2021-06-19 10:09:08.900,37.3527211500,-121.9157725000,19.9420,554949.291000,37.3527214000,-121.9157726000,19.7880
1787575583.444,2026-08-24 17:46:23,2021-06-19 10:09:09.000,37.3527212500,-121.9157729100,19.8000,554949.391000,37.3527214000,-121.9157726000,19.7880
1787575583.545,2026-08-24 17:46:23,2021-06-19 10:09:09.100,37.3527214700,-121.9157729600,19.8120,554949.496000,37.3527214000,-121.9157726000,19.7850
1787575583.645,2026-08-24 17:46:23,2021-06-19 10:09:09.200,37.3527215600,-121.9157729900,19.7380,554949.596000,37.3527214000,-121.9157726000,19.7890
1787575583.746,2026-08-24 17:46:23,2021-06-19 10:09:09.300,37.3527213600,-121.9157730400,19.7340,554949.696000,37.3527215000,-121.9157726000,19.7860
1787575583.847,2026-08-24 17:46:23,2021-06-19 10:09:09.400,37.3527212500,-121.9157730100,19.7770,554949.796000,37.3527214000,-121.9157726000,19.7820
1787575583.947,2026-08-24 17:46:23,2021-06-19 10:09:09.500,37.3527215600,-121.9157731700,19.8160,554949.896000,37.3527214000,-121.9157726000,19.7890
1787575584.048,2026-08-24 17:46:24,2021-06-19 10:09:09.600,37.3527216700,-121.9157728900,19.9730,554949.996000,37.3527213000,-121.9157726000,19.7880
1787575584.149,2026-08-24 17:46:24,2021-06-19 10:09:09.700,37.3527215900,-121.9157727300,20.1230,554950.096000,37.3527214000,-121.9157726000,19.7870
1787575584.249,2026-08-24 17:46:24,2021-06-19 10:09:09.800,37.3527214500,-121.9157725500,20.2950,554950.201000,37.3527213000,-121.9157726000,19.7860
1787575584.350,2026-08-24 17:46:24,2021-06-19 10:09:09.900,37.3527215300,-121.9157723900,20.1610,554950.301000,37.3527214000,-121.9157726000,19.7900
1787575584.451,2026-08-24 17:46:24,2021-06-19 10:09:10.000,37.3527217600,-121.9157727900,19.9830,554950.401000,37.3527214000,-121.9157726000,19.7870
1787575584.552,2026-08-24 17:46:24,2021-06-19 10:09:10.100,37.3527216400,-121.9157727600,19.9540,554950.501000,37.3527214000,-121.9157726000,19.7960
1787575584.652,2026-08-24 17:46:24,2021-06-19 10:09:10.200,37.3527216000,-121.9157727700,19.8800,554950.601000,37.3527214000,-121.9157726000,19.7920
1787575584.753,2026-08-24 17:46:24,2021-06-19 10:09:10.300,37.3527214100,-121.9157726500,19.8500,554950.701000,37.3527213000,-121.9157726000,19.7890
1787575584.854,2026-08-24 17:46:24,2021-06-19 10:09:10.400,37.3527215000,-121.9157727600,19.9090,554950.800000,37.3527213000,-121.9157726000,19.7890
1787575584.955,2026-08-24 17:46:24,2021-06-19 10:09:10.500,37.3527216700,-121.9157729200,19.8880,554950.905000,37.3527213000,-121.9157726000,19.7900
1787575585.055,2026-08-24 17:46:25,2021-06-19 10:09:10.600,37.3527217700,-121.9157726200,19.9500,554951.005000,37.3527213000,-121.9157725000,19.7850
1787575585.155,2026-08-24 17:46:25,2021-06-19 10:09:10.700,37.3527218400,-121.9157725200,20.0520,554951.105000,37.3527213000,-121.9157726000,19.7840
1787575585.257,2026-08-24 17:46:25,2021-06-19 10:09:10.800,37.3527215700,-121.9157723400,20.2690,554951.205000,37.3527212000,-121.9157725000,19.7880
1787575585.358,2026-08-24 17:46:25,2021-06-19 10:09:10.900,37.3527217400,-121.9157721200,20.3900,554951.305000,37.3527213000,-121.9157724000,19.7990
1787575585.459,2026-08-24 17:46:25,2021-06-19 10:09:11.000,37.3527218300,-121.9157721900,20.2460,554951.405000,37.3527213000,-121.9157724000,19.7970
1787575585.559,2026-08-24 17:46:25,2021-06-19 10:09:11.100,37.3527218100,-121.9157720900,20.1890,554951.510000,37.3527213000,-121.9157724000,19.8020
1787575585.660,2026-08-24 17:46:25,2021-06-19 10:09:11.200,37.3527217700,-121.9157722000,20.1790,554951.605000,37.3527213000,-121.9157724000,19.8010
1787575585.761,2026-08-24 17:46:25,2021-06-19 10:09:11.300,37.3527215700,-121.9157722800,20.1760,554951.710000,37.3527212000,-121.9157725000,19.8080
1787575585.861,2026-08-24 17:46:25,2021-06-19 10:09:11.400,37.3527221200,-121.9157722300,20.2490,554951.805000,37.3527212000,-121.9157725000,19.8070
1787575585.962,2026-08-24 17:46:25,2021-06-19 10:09:11.500,37.3527220700,-121.9157723500,20.2070,554951.910000,37.3527213000,-121.9157725000,19.8190
1787575586.063,2026-08-24 17:46:26,2021-06-19 10:09:11.600,37.3527222200,-121.9157723000,20.2850,554952.010000,37.3527212000,-121.9157725000,19.8240
1787575586.164,2026-08-24 17:46:26,2021-06-19 10:09:11.700,37.3527221500,-121.9157720100,20.3870,554952.110000,37.3527212000,-121.9157725000,19.8260
1787575586.265,2026-08-24 17:46:26,2021-06-19 10:09:11.800,37.3527222100,-121.9157719300,20.5690,554952.215000,37.3527212000,-121.9157724000,19.8340
1787575586.365,2026-08-24 17:46:26,2021-06-19 10:09:11.900,37.3527221700,-121.9157718000,20.7640,554952.315000,37.3527212000,-121.9157724000,19.8390
1787575586.466,2026-08-24 17:46:26,2021-06-19 10:09:12.000,37.3527224100,-121.9157719500,20.5350,554952.415000,37.3527213000,-121.9157724000,19.8490
1787575586.567,2026-08-24 17:46:26,2021-06-19 10:09:12.100,37.3527222700,-121.9157718700,20.4510,554952.515000,37.3527212000,-121.9157724000,19.8510
1787575586.668,2026-08-24 17:46:26,2021-06-19 10:09:12.200,37.3527220500,-121.9157720600,20.3500,554952.615000,37.3527213000,-121.9157724000,19.8580
1787575586.769,2026-08-24 17:46:26,2021-06-19 10:09:12.300,37.3527220100,-121.9157722500,20.3160,554952.720000,37.3527213000,-121.9157725000,19.8630
1787575586.869,2026-08-24 17:46:26,2021-06-19 10:09:12.400,37.3527220100,-121.9157720400,20.2540,554952.820000,37.3527213000,-121.9157725000,19.8570
1787575586.969,2026-08-24 17:46:26,2021-06-19 10:09:12.500,37.3527221800,-121.9157723000,20.1730,554952.920000,37.3527214000,-121.9157725000,19.8570
1787575587.070,2026-08-24 17:46:27,2021-06-19 10:09:12.600,37.3527220900,-121.9157723900,20.2690,554953.020000,37.3527214000,-121.9157724000,19.8640
1787575587.171,2026-08-24 17:46:27,2021-06-19 10:09:12.700,37.3527223100,-121.9157724800,20.3320,554953.120000,37.3527214000,-121.9157724000,19.8720
1787575587.271,2026-08-24 17:46:27,2021-06-19 10:09:12.800,37.3527223300,-121.9157722900,20.4650,554953.219000,37.3527214000,-121.9157724000,19.8830
1787575587.371,2026-08-24 17:46:27,2021-06-19 10:09:12.900,37.3527225200,-121.9157719900,20.6240,554953.319000,37.3527214000,-121.9157724000,19.8920
1787575587.472,2026-08-24 17:46:27,2021-06-19 10:09:13.000,37.3527225500,-121.9157719300,20.7040,554953.419000,37.3527214000,-121.9157724000,19.8940
1787575587.573,2026-08-24 17:46:27,2021-06-19 10:09:13.100,37.3527226000,-121.9157720900,20.5740,554953.519000,37.3527215000,-121.9157724000,19.9020
1787575587.673,2026-08-24 17:46:27,2021-06-19 10:09:13.200,37.3527225900,-121.9157723100,20.4660,554953.624000,37.3527215000,-121.9157724000,19.9130
1787575587.774,2026-08-24 17:46:27,2021-06-19 10:09:13.300,37.3527224100,-121.9157724400,20.3610,554953.724000,37.3527215000,-121.9157724000,19.9240
1787575587.875,2026-08-24 17:46:27,2021-06-19 10:09:13.400,37.3527223500,-121.9157722500,20.3240,554953.824000,37.3527214000,-121.9157723000,19.9290
1787575587.975,2026-08-24 17:46:27,2021-06-19 10:09:13.500,37.3527225400,-121.9157723300,20.1710,554953.924000,37.3527215000,-121.9157724000,19.9310
1787575588.076,2026-08-24 17:46:28,2021-06-19 10:09:13.600,37.3527224900,-121.9157722900,20.1580,554954.024000,37.3527215000,-121.9157724000,19.9350
1787575588.176,2026-08-24 17:46:28,2021-06-19 10:09:13.700,37.3527226000,-121.9157727100,20.1330,554954.124000,37.3527214000,-121.9157724000,19.9320
1787575588.277,2026-08-24 17:46:28,2021-06-19 10:09:13.800,37.3527221000,-121.9157725600,20.0600,554954.224000,37.3527214000,-121.9157724000,19.9230
1787575588.377,2026-08-24 17:46:28,2021-06-19 10:09:13.900,37.3527221500,-121.9157724700,20.0740,554954.329000,37.3527214000,-121.9157724000,19.9260
1787575588.478,2026-08-24 17:46:28,2021-06-19 10:09:14.000,37.3527221500,-121.9157725300,20.0620,554954.429000,37.3527214000,-121.9157724000,19.9200
1787575588.579,2026-08-24 17:46:28,2021-06-19 10:09:14.100,37.3527223300,-121.9157724200,20.1730,554954.529000,37.3527215000,-121.9157724000,19.9240
1787575588.679,2026-08-24 17:46:28,2021-06-19 10:09:14.200,37.3527222300,-121.9157724800,20.1700,554954.624000,37.3527215000,-121.9157724000,19.9260
1787575588.780,2026-08-24 17:46:28,2021-06-19 10:09:14.300,37.3527218900,-121.9157725100,19.9970,554954.724000,37.3527214000,-121.9157725000,19.9220
1787575588.880,2026-08-24 17:46:28,2021-06-19 10:09:14.400,37.3527216800,-121.9157725200,19.8720,554954.829000,37.3527214000,-121.9157724000,19.9220
1787575588.981,2026-08-24 17:46:28,2021-06-19 10:09:14.500,37.3527218700,-121.9157726700,19.6980,554954.929000,37.3527213000,-121.9157724000,19.9180
1787575589.082,2026-08-24 17:46:29,2021-06-19 10:09:14.600,37.3527218800,-121.9157726800,19.7140,554955.029000,37.3527213000,-121.9157725000,19.9180
1787575589.184,2026-08-24 17:46:29,2021-06-19 10:09:14.700,37.3527217900,-121.9157727900,19.6830,554955.129000,37.3527213000,-121.9157725000,19.9130
1787575589.284,2026-08-24 17:46:29,2021-06-19 10:09:14.800,37.3527215600,-121.9157727500,19.6870,554955.234000,37.3527213000,-121.9157725000,19.9090
1787575589.385,2026-08-24 17:46:29,2021-06-19 10:09:14.900,37.3527217000,-121.9157725900,19.7040,554955.334000,37.3527214000,-121.9157725000,19.9060
1787575589.485,2026-08-24 17:46:29,2021-06-19 10:09:15.000,37.3527220400,-121.9157727000,19.7280,554955.429000,37.3527214000,-121.9157725000,19.9120
1787575589.585,2026-08-24 17:46:29,2021-06-19 10:09:15.100,37.3527223600,-121.9157726600,19.8960,554955.534000,37.3527215000,-121.9157725000,19.9110
1787575589.686,2026-08-24 17:46:29,2021-06-19 10:09:15.200,37.3527221800,-121.9157725300,19.9770,554955.634000,37.3527215000,-121.9157725000,19.9230
1787575589.787,2026-08-24 17:46:29,2021-06-19 10:09:15.300,37.3527222100,-121.9157723600,20.1410,554955.734000,37.3527214000,-121.9157724000,19.9270
1787575589.888,2026-08-24 17:46:29,2021-06-19 10:09:15.400,37.3527221500,-121.9157723700,19.9780,554955.834000,37.3527214000,-121.9157724000,19.9320
1787575589.988,2026-08-24 17:46:29,2021-06-19 10:09:15.500,37.3527222700,-121.9157728100,19.8460,554955.934000,37.3527215000,-121.9157724000,19.9310
1787575590.088,2026-08-24 17:46:30,2021-06-19 10:09:15.600,37.3527219500,-121.9157728900,19.7680,554956.038000,37.3527215000,-121.9157725000,19.9280
1787575590.189,2026-08-24 17:46:30,2021-06-19 10:09:15.700,37.3527218900,-121.9157728300,19.6650,554956.133000,37.3527215000,-121.9157725000,19.9300
1787575590.289,2026-08-24 17:46:30,2021-06-19 10:09:15.800,37.3527215000,-121.9157728900,19.6450,554956.233000,37.3527215000,-121.9157725000,19.9180
1787575590.389,2026-08-24 17:46:30,2021-06-19 10:09:15.900,37.3527216700,-121.9157730300,19.6670,554956.333000,37.3527215000,-121.9157725000,19.9200
1787575590.490,2026-08-24 17:46:30,2021-06-19 10:09:16.000,37.3527220100,-121.9157731500,19.6010,554956.438000,37.3527215000,-121.9157725000,19.9170
1787575590.591,2026-08-24 17:46:30,2021-06-19 10:09:16.100,37.3527221000,-121.9157729700,19.6750,554956.538000,37.3527215000,-121.9157726000,19.9130
1787575590.698,2026-08-24 17:46:30,2021-06-19 10:09:16.300,37.3527218400,-121.9157727400,19.8770,554956.648000,37.3527215000,-121.9157726000,19.9090
1787575590.900,2026-08-24 17:46:30,2021-06-19 10:09:16.400,37.3527223200,-121.9157725400,20.0790,554956.848000,37.3527214000,-121.9157726000,19.9130
1787575591.001,2026-08-24 17:46:31,2021-06-19 10:09:16.500,37.3527224000,-121.9157727000,20.0450,554956.948000,37.3527215000,-121.9157726000,19.9180
1787575591.102,2026-08-24 17:46:31,2021-06-19 10:09:16.600,37.3527223500,-121.9157729300,19.9010,554957.048000,37.3527215000,-121.9157726000,19.9190
1787575591.202,2026-08-24 17:46:31,2021-06-19 10:09:16.700,37.3527224000,-121.9157729600,19.7320,554957.148000,37.3527215000,-121.9157726000,19.9200
1787575591.303,2026-08-24 17:46:31,2021-06-19 10:09:16.800,37.3527220200,-121.9157730500,19.6710,554957.253000,37.3527215000,-121.9157727000,19.9090
1787575591.411,2026-08-24 17:46:31,2021-06-19 10:09:16.900,37.3527220600,-121.9157732100,19.6550,554957.358000,37.3527214000,-121.9157726000,19.9070
1787575591.511,2026-08-24 17:46:31,2021-06-19 10:09:17.000,37.3527219800,-121.9157735000,19.4920,554957.458000,37.3527215000,-121.9157726000,19.8960
1787575591.612,2026-08-24 17:46:31,2021-06-19 10:09:17.100,37.3527218700,-121.9157734000,19.4380,554957.558000,37.3527215000,-121.9157727000,19.8900
1787575591.712,2026-08-24 17:46:31,2021-06-19 10:09:17.200,37.3527217900,-121.9157735100,19.4210,554957.658000,37.3527215000,-121.9157727000,19.8840
1787575591.813,2026-08-24 17:46:31,2021-06-19 10:09:17.300,37.3527214500,-121.9157737400,19.5290,554957.758000,37.3527215000,-121.9157727000,19.8750
1787575591.914,2026-08-24 17:46:31,2021-06-19 10:09:17.400,37.3527218400,-121.9157734900,19.6000,554957.863000,37.3527215000,-121.9157727000,19.8690
1787575592.014,2026-08-24 17:46:32,2021-06-19 10:09:17.500,37.3527218900,-121.9157734300,19.6280,554957.958000,37.3527215000,-121.9157727000,19.8770
1787575592.115,2026-08-24 17:46:32,2021-06-19 10:09:17.600,37.3527219700,-121.9157731400,19.8250,554958.063000,37.3527214000,-121.9157727000,19.8750
1787575592.220,2026-08-24 17:46:32,2021-06-19 10:09:17.700,37.3527216800,-121.9157732300,19.8860,554958.158000,37.3527214000,-121.9157727000,19.8870
1787575592.321,2026-08-24 17:46:32,2021-06-19 10:09:17.900,37.3527218600,-121.9157735400,19.5460,554958.268000,37.3527213000,-121.9157727000,19.8790
1787575592.422,2026-08-24 17:46:32,2021-06-19 10:09:18.000,37.3527220000,-121.9157739400,19.3340,554958.368000,37.3527213000,-121.9157727000,19.8740
1787575592.523,2026-08-24 17:46:32,2021-06-19 10:09:18.100,37.3527217900,-121.9157737400,19.3020,554958.468000,37.3527213000,-121.9157727000,19.8670
1787575592.633,2026-08-24 17:46:32,2021-06-19 10:09:18.200,37.3527217700,-121.9157738700,19.1920,554958.583000,37.3527214000,-121.9157727000,19.8640
1787575592.736,2026-08-24 17:46:32,2021-06-19 10:09:18.300,37.3527216000,-121.9157740300,19.0970,554958.683000,37.3527214000,-121.9157728000,19.8540
1787575592.836,2026-08-24 17:46:32,2021-06-19 10:09:18.400,37.3527212400,-121.9157739100,19.0090,554958.782000,37.3527213000,-121.9157727000,19.8440
1787575592.937,2026-08-24 17:46:32,2021-06-19 10:09:18.500,37.3527213300,-121.9157739800,18.8740,554958.882000,37.3527213000,-121.9157728000,19.8300
1787575593.037,2026-08-24 17:46:33,2021-06-19 10:09:18.600,37.3527214900,-121.9157738400,18.9340,554958.982000,37.3527213000,-121.9157728000,19.8150
1787575593.138,2026-08-24 17:46:33,2021-06-19 10:09:18.700,37.3527212900,-121.9157738600,19.0290,554959.082000,37.3527213000,-121.9157728000,19.8120
1787575593.239,2026-08-24 17:46:33,2021-06-19 10:09:18.800,37.3527209800,-121.9157736900,19.0670,554959.182000,37.3527213000,-121.9157728000,19.8060
1787575593.339,2026-08-24 17:46:33,2021-06-19 10:09:18.900,37.3527209000,-121.9157733700,19.1320,554959.287000,37.3527213000,-121.9157728000,19.7950
1787575593.439,2026-08-24 17:46:33,2021-06-19 10:09:19.000,37.3527206400,-121.9157733700,19.0980,554959.387000,37.3527214000,-121.9157728000,19.7860
1787575593.539,2026-08-24 17:46:33,2021-06-19 10:09:19.100,37.3527205300,-121.9157736600,19.0560,554959.487000,37.3527213000,-121.9157728000,19.7820
1787575593.640,2026-08-24 17:46:33,2021-06-19 10:09:19.200,37.3527207900,-121.9157737500,18.9640,554959.587000,37.3527213000,-121.9157728000,19.7810
1787575593.740,2026-08-24 17:46:33,2021-06-19 10:09:19.300,37.3527204700,-121.9157736900,18.8510,554959.687000,37.3527213000,-121.9157728000,19.7600
1787575593.841,2026-08-24 17:46:33,2021-06-19 10:09:19.400,37.3527202500,-121.9157736400,18.7990,554959.787000,37.3527212000,-121.9157728000,19.7490
1787575593.942,2026-08-24 17:46:33,2021-06-19 10:09:19.500,37.3527200500,-121.9157737200,18.7260,554959.887000,37.3527212000,-121.9157728000,19.7410
1787575594.042,2026-08-24 17:46:34,2021-06-19 10:09:19.600,37.3527203100,-121.9157736000,18.8150,554959.987000,37.3527212000,-121.9157728000,19.7270
1787575594.143,2026-08-24 17:46:34,2021-06-19 10:09:19.700,37.3527204800,-121.9157735000,18.8560,554960.092000,37.3527212000,-121.9157728000,19.7220
1787575594.244,2026-08-24 17:46:34,2021-06-19 10:09:19.800,37.3527201600,-121.9157734600,18.9340,554960.187000,37.3527211000,-121.9157729000,19.7050
1787575594.345,2026-08-24 17:46:34,2021-06-19 10:09:19.900,37.3527201200,-121.9157732000,19.0820,554960.292000,37.3527210000,-121.9157729000,19.7000
1787575594.446,2026-08-24 17:46:34,2021-06-19 10:09:20.000,37.3527205200,-121.9157732500,19.1890,554960.392000,37.3527210000,-121.9157729000,19.6920
1787575594.546,2026-08-24 17:46:34,2021-06-19 10:09:20.100,37.3527207700,-121.9157730900,19.4620,554960.492000,37.3527210000,-121.9157729000,19.6820
1787575594.646,2026-08-24 17:46:34,2021-06-19 10:09:20.200,37.3527205400,-121.9157731600,19.5190,554960.592000,37.3527210000,-121.9157729000,19.6780
1787575594.747,2026-08-24 17:46:34,2021-06-19 10:09:20.300,37.3527202300,-121.9157731600,19.4340,554960.692000,37.3527210000,-121.9157729000,19.6710
1787575594.847,2026-08-24 17:46:34,2021-06-19 10:09:20.400,37.3527202200,-121.9157730400,19.3780,554960.792000,37.3527210000,-121.9157728000,19.6710
1787575594.948,2026-08-24 17:46:34,2021-06-19 10:09:20.500,37.3527204300,-121.9157732900,19.3140,554960.892000,37.3527210000,-121.9157728000,19.6650
1787575595.048,2026-08-24 17:46:35,2021-06-19 10:09:20.600,37.3527204400,-121.9157734700,19.3190,554960.997000,37.3527210000,-121.9157729000,19.6570
1787575595.149,2026-08-24 17:46:35,2021-06-19 10:09:20.700,37.3527204200,-121.9157734600,19.2530,554961.092000,37.3527209000,-121.9157729000,19.6460
1787575595.250,2026-08-24 17:46:35,2021-06-19 10:09:20.800,37.3527203400,-121.9157735300,19.2480,554961.197000,37.3527209000,-121.9157729000,19.6410
1787575595.350,2026-08-24 17:46:35,2021-06-19 10:09:20.900,37.3527201600,-121.9157734200,19.3040,554961.292000,37.3527209000,-121.9157729000,19.6370
1787575595.451,2026-08-24 17:46:35,2021-06-19 10:09:21.000,37.3527205000,-121.9157735900,19.3380,554961.397000,37.3527209000,-121.9157729000,19.6330
1787575595.551,2026-08-24 17:46:35,2021-06-19 10:09:21.100,37.3527205800,-121.9157733200,19.4630,554961.497000,37.3527209000,-121.9157729000,19.6230
1787575595.652,2026-08-24 17:46:35,2021-06-19 10:09:21.200,37.3527205600,-121.9157732200,19.6070,554961.596000,37.3527209000,-121.9157728000,19.6210
1787575595.753,2026-08-24 17:46:35,2021-06-19 10:09:21.300,37.3527206800,-121.9157730800,19.8360,554961.701000,37.3527209000,-121.9157729000,19.6220
1787575595.853,2026-08-24 17:46:35,2021-06-19 10:09:21.400,37.3527208600,-121.9157731000,19.8120,554961.796000,37.3527209000,-121.9157729000,19.6200
1787575595.954,2026-08-24 17:46:35,2021-06-19 10:09:21.500,37.3527211500,-121.9157734400,19.6510,554961.901000,37.3527210000,-121.9157729000,19.6180
1787575596.055,2026-08-24 17:46:36,2021-06-19 10:09:21.600,37.3527210800,-121.9157734200,19.6170,554962.001000,37.3527210000,-121.9157729000,19.6290
1787575596.156,2026-08-24 17:46:36,2021-06-19 10:09:21.700,37.3527212400,-121.9157736000,19.5210,554962.101000,37.3527209000,-121.9157729000,19.6210
1787575596.256,2026-08-24 17:46:36,2021-06-19 10:09:21.800,37.3527214200,-121.9157734300,19.4910,554962.201000,37.3527210000,-121.9157729000,19.6170
1787575596.357,2026-08-24 17:46:36,2021-06-19 10:09:21.900,37.3527216900,-121.9157734700,19.5420,554962.301000,37.3527210000,-121.9157729000,19.6130
1787575596.458,2026-08-24 17:46:36,2021-06-19 10:09:22.000,37.3527217300,-121.9157735700,19.5190,554962.401000,37.3527210000,-121.9157729000,19.6110
1787575596.559,2026-08-24 17:46:36,2021-06-19 10:09:22.100,37.3527218000,-121.9157732300,19.5770,554962.506000,37.3527210000,-121.9157730000,19.6120
1787575596.660,2026-08-24 17:46:36,2021-06-19 10:09:22.200,37.3527216800,-121.9157729900,19.5960,554962.606000,37.3527210000,-121.9157729000,19.6120
1787575596.761,2026-08-24 17:46:36,2021-06-19 10:09:22.300,37.3527215200,-121.9157730800,19.6450,554962.701000,37.3527210000,-121.9157729000,19.6100
1787575596.862,2026-08-24 17:46:36,2021-06-19 10:09:22.400,37.3527216500,-121.9157729700,19.8480,554962.806000,37.3527210000,-121.9157729000,19.6090
1787575596.962,2026-08-24 17:46:36,2021-06-19 10:09:22.500,37.3527215500,-121.9157728700,19.9670,554962.906000,37.3527209000,-121.9157730000,19.6080
1787575597.062,2026-08-24 17:46:37,2021-06-19 10:09:22.600,37.3527214700,-121.9157726000,20.0630,554963.011000,37.3527210000,-121.9157730000,19.6160
1787575597.163,2026-08-24 17:46:37,2021-06-19 10:09:22.700,37.3527213400,-121.9157728300,19.9440,554963.106000,37.3527210000,-121.9157729000,19.6120
1787575597.263,2026-08-24 17:46:37,2021-06-19 10:09:22.800,37.3527208900,-121.9157731500,19.8740,554963.211000,37.3527210000,-121.9157729000,19.6190
1787575597.363,2026-08-24 17:46:37,2021-06-19 10:09:22.900,37.3527212500,-121.9157731600,19.7940,554963.306000,37.3527210000,-121.9157729000,19.6150
1787575597.464,2026-08-24 17:46:37,2021-06-19 10:09:23.000,37.3527212000,-121.9157732500,19.7030,554963.411000,37.3527210000,-121.9157729000,19.6150
1787575597.564,2026-08-24 17:46:37,2021-06-19 10:09:23.100,37.3527209500,-121.9157732400,19.7840,554963.511000,37.3527210000,-121.9157729000,19.6180
1787575597.665,2026-08-24 17:46:37,2021-06-19 10:09:23.200,37.3527210100,-121.9157731200,19.7890,554963.611000,37.3527210000,-121.9157729000,19.6200
1787575597.765,2026-08-24 17:46:37,2021-06-19 10:09:23.300,37.3527211200,-121.9157732100,19.8430,554963.711000,37.3527209000,-121.9157728000,19.6220
1787575597.866,2026-08-24 17:46:37,2021-06-19 10:09:23.400,37.3527209900,-121.9157729300,19.8940,554963.811000,37.3527210000,-121.9157728000,19.6310
1787575597.967,2026-08-24 17:46:37,2021-06-19 10:09:23.500,37.3527211300,-121.9157731500,19.9080,554963.911000,37.3527210000,-121.9157728000,19.6420
1787575598.068,2026-08-24 17:46:38,2021-06-19 10:09:23.600,37.3527210600,-121.9157727500,20.0650,554964.011000,37.3527210000,-121.9157728000,19.6410
1787575598.169,2026-08-24 17:46:38,2021-06-19 10:09:23.700,37.3527213000,-121.9157727100,20.2430,554964.111000,37.3527210000,-121.9157728000,19.6430
1787575598.269,2026-08-24 17:46:38,2021-06-19 10:09:23.800,37.3527212600,-121.9157725800,20.4530,554964.211000,37.3527209000,-121.9157728000,19.6490
1787575598.370,2026-08-24 17:46:38,2021-06-19 10:09:23.900,37.3527211500,-121.9157724900,20.3230,554964.316000,37.3527209000,-121.9157727000,19.6570
1787575598.471,2026-08-24 17:46:38,2021-06-19 10:09:24.000,37.3527210300,-121.9157725900,20.1640,554964.416000,37.3527209000,-121.9157728000,19.6530
1787575598.572,2026-08-24 17:46:38,2021-06-19 10:09:24.100,37.3527211700,-121.9157726300,20.1210,554964.521000,37.3527208000,-121.9157728000,19.6550
1787575598.673,2026-08-24 17:46:38,2021-06-19 10:09:24.200,37.3527212700,-121.9157729000,20.1250,554964.616000,37.3527208000,-121.9157728000,19.6660
1787575598.773,2026-08-24 17:46:38,2021-06-19 10:09:24.300,37.3527212400,-121.9157729000,20.0700,554964.715000,37.3527208000,-121.9157728000,19.6740
1787575598.873,2026-08-24 17:46:38,2021-06-19 10:09:24.400,37.3527212100,-121.9157727000,20.0510,554964.820000,37.3527207000,-121.9157728000,19.6790
1787575598.974,2026-08-24 17:46:38,2021-06-19 10:09:24.500,37.3527212000,-121.9157729000,19.9870,554964.920000,37.3527208000,-121.9157728000,19.6860
1787575599.075,2026-08-24 17:46:39,2021-06-19 10:09:24.600,37.3527213100,-121.9157728500,20.1150,554965.020000,37.3527208000,-121.9157728000,19.6920
1787575599.176,2026-08-24 17:46:39,2021-06-19 10:09:24.700,37.3527215400,-121.9157728600,20.2110,554965.120000,37.3527208000,-121.9157728000,19.6980
1787575599.276,2026-08-24 17:46:39,2021-06-19 10:09:24.800,37.3527216300,-121.9157726100,20.3170,554965.220000,37.3527208000,-121.9157727000,19.7070
1787575599.377,2026-08-24 17:46:39,2021-06-19 10:09:24.900,37.3527215700,-121.9157723400,20.4800,554965.320000,37.3527207000,-121.9157728000,19.7070
1787575599.478,2026-08-24 17:46:39,2021-06-19 10:09:25.000,37.3527217000,-121.9157722300,20.5390,554965.420000,37.3527207000,-121.9157727000,19.7070
1787575599.578,2026-08-24 17:46:39,2021-06-19 10:09:25.100,37.3527221000,-121.9157720700,20.6760,554965.520000,37.3527207000,-121.9157727000,19.7220
1787575599.679,2026-08-24 17:46:39,2021-06-19 10:09:25.200,37.3527222000,-121.9157722700,20.5570,554965.625000,37.3527208000,-121.9157727000,19.7330
1787575599.781,2026-08-24 17:46:39,2021-06-19 10:09:25.300,37.3527217000,-121.9157724300,20.4230,554965.725000,37.3527208000,-121.9157727000,19.7440
1787575599.882,2026-08-24 17:46:39,2021-06-19 10:09:25.400,37.3527217800,-121.9157724100,20.2860,554965.825000,37.3527208000,-121.9157727000,19.7530
1787575599.982,2026-08-24 17:46:39,2021-06-19 10:09:25.500,37.3527217600,-121.9157726400,20.1090,554965.925000,37.3527208000,-121.9157727000,19.7560
1787575600.082,2026-08-24 17:46:40,2021-06-19 10:09:25.600,37.3527217700,-121.9157728300,20.1250,554966.030000,37.3527208000,-121.9157727000,19.7610
1787575600.183,2026-08-24 17:46:40,2021-06-19 10:09:25.700,37.3527216100,-121.9157728800,20.0500,554966.125000,37.3527208000,-121.9157726000,19.7590
1787575600.284,2026-08-24 17:46:40,2021-06-19 10:09:25.800,37.3527216300,-121.9157728000,19.9410,554966.230000,37.3527209000,-121.9157726000,19.7590
1787575600.384,2026-08-24 17:46:40,2021-06-19 10:09:25.900,37.3527214700,-121.9157726900,19.9280,554966.325000,37.3527208000,-121.9157726000,19.7610
1787575600.485,2026-08-24 17:46:40,2021-06-19 10:09:26.000,37.3527216400,-121.9157730700,19.8700,554966.430000,37.3527208000,-121.9157726000,19.7630
1787575600.586,2026-08-24 17:46:40,2021-06-19 10:09:26.100,37.3527216500,-121.9157730300,19.9220,554966.530000,37.3527209000,-121.9157726000,19.7720
1787575600.687,2026-08-24 17:46:40,2021-06-19 10:09:26.200,37.3527216100,-121.9157729700,19.9400,554966.630000,37.3527208000,-121.9157726000,19.7790
1787575600.788,2026-08-24 17:46:40,2021-06-19 10:09:26.300,37.3527214100,-121.9157729100,20.0140,554966.730000,37.3527208000,-121.9157726000,19.7840
1787575600.889,2026-08-24 17:46:40,2021-06-19 10:09:26.400,37.3527212900,-121.9157728100,20.1190,554966.830000,37.3527208000,-121.9157726000,19.7880
1787575600.989,2026-08-24 17:46:40,2021-06-19 10:09:26.500,37.3527216100,-121.9157728900,20.1430,554966.935000,37.3527208000,-121.9157726000,19.7860
1787575601.090,2026-08-24 17:46:41,2021-06-19 10:09:26.600,37.3527214900,-121.9157729400,19.9710,554967.035000,37.3527208000,-121.9157726000,19.7900
1787575601.190,2026-08-24 17:46:41,2021-06-19 10:09:26.700,37.3527210200,-121.9157731500,19.8180,554967.135000,37.3527208000,-121.9157726000,19.7840
1787575601.291,2026-08-24 17:46:41,2021-06-19 10:09:26.800,37.3527207100,-121.9157733200,19.6580,554967.235000,37.3527208000,-121.9157726000,19.7870
1787575601.392,2026-08-24 17:46:41,2021-06-19 10:09:26.900,37.3527207100,-121.9157733600,19.5680,554967.335000,37.3527207000,-121.9157726000,19.7860
1787575601.493,2026-08-24 17:46:41,2021-06-19 10:09:27.000,37.3527209500,-121.9157736600,19.4570,554967.435000,37.3527207000,-121.9157726000,19.7820
1787575601.594,2026-08-24 17:46:41,2021-06-19 10:09:27.100,37.3527208200,-121.9157736300,19.4870,554967.535000,37.3527208000,-121.9157726000,19.7790
1787575601.694,2026-08-24 17:46:41,2021-06-19 10:09:27.200,37.3527209000,-121.9157735600,19.4200,554967.635000,37.3527208000,-121.9157726000,19.7720
1787575601.795,2026-08-24 17:46:41,2021-06-19 10:09:27.300,37.3527207500,-121.9157734200,19.4030,554967.740000,37.3527207000,-121.9157727000,19.7610
1787575601.896,2026-08-24 17:46:41,2021-06-19 10:09:27.400,37.3527209200,-121.9157734800,19.4280,554967.839000,37.3527208000,-121.9157727000,19.7530
1787575601.997,2026-08-24 17:46:41,2021-06-19 10:09:27.500,37.3527208900,-121.9157737200,19.4130,554967.939000,37.3527207000,-121.9157726000,19.7570
1787575602.097,2026-08-24 17:46:42,2021-06-19 10:09:27.600,37.3527211000,-121.9157735200,19.4960,554968.039000,37.3527208000,-121.9157726000,19.7470
1787575602.198,2026-08-24 17:46:42,2021-06-19 10:09:27.700,37.3527209400,-121.9157734100,19.6260,554968.139000,37.3527208000,-121.9157727000,19.7480
1787575602.299,2026-08-24 17:46:42,2021-06-19 10:09:27.800,37.3527209200,-121.9157734200,19.7950,554968.239000,37.3527208000,-121.9157726000,19.7440
1787575602.399,2026-08-24 17:46:42,2021-06-19 10:09:27.900,37.3527213900,-121.9157731300,20.0160,554968.344000,37.3527209000,-121.9157726000,19.7480
1787575602.500,2026-08-24 17:46:42,2021-06-19 10:09:28.000,37.3527216800,-121.9157732600,19.8360,554968.444000,37.3527208000,-121.9157726000,19.7490
1787575602.601,2026-08-24 17:46:42,2021-06-19 10:09:28.100,37.3527216600,-121.9157732700,19.7940,554968.544000,37.3527208000,-121.9157727000,19.7480
1787575602.702,2026-08-24 17:46:42,2021-06-19 10:09:28.200,37.3527213600,-121.9157733800,19.7030,554968.644000,37.3527207000,-121.9157727000,19.7470
1787575602.802,2026-08-24 17:46:42,2021-06-19 10:09:28.300,37.3527212500,-121.9157734700,19.6090,554968.744000,37.3527208000,-121.9157727000,19.7590
1787575602.903,2026-08-24 17:46:42,2021-06-19 10:09:28.400,37.3527215100,-121.9157734700,19.5680,554968.844000,37.3527208000,-121.9157727000,19.7490
1787575603.004,2026-08-24 17:46:43,2021-06-19 10:09:28.500,37.3527213700,-121.9157736100,19.4870,554968.944000,37.3527208000,-121.9157727000,19.7480
1787575603.104,2026-08-24 17:46:43,2021-06-19 10:09:28.600,37.3527214100,-121.9157734500,19.5510,554969.044000,37.3527208000,-121.9157727000,19.7510
1787575603.204,2026-08-24 17:46:43,2021-06-19 10:09:28.700,37.3527213800,-121.9157733600,19.5740,554969.149000,37.3527208000,-121.9157727000,19.7430
1787575603.305,2026-08-24 17:46:43,2021-06-19 10:09:28.800,37.3527213400,-121.9157734700,19.6410,554969.249000,37.3527208000,-121.9157726000,19.7460
1787575603.405,2026-08-24 17:46:43,2021-06-19 10:09:28.900,37.3527214300,-121.9157732400,19.7390,554969.349000,37.3527208000,-121.9157727000,19.7460
1787575603.507,2026-08-24 17:46:43,2021-06-19 10:09:29.000,37.3527215700,-121.9157732200,19.7440,554969.449000,37.3527207000,-121.9157727000,19.7440
1787575603.607,2026-08-24 17:46:43,2021-06-19 10:09:29.100,37.3527216300,-121.9157728800,19.8960,554969.549000,37.3527208000,-121.9157727000,19.7430
1787575603.708,2026-08-24 17:46:43,2021-06-19 10:09:29.200,37.3527218900,-121.9157727400,20.1050,554969.649000,37.3527208000,-121.9157727000,19.7450
1787575603.809,2026-08-24 17:46:43,2021-06-19 10:09:29.300,37.3527218900,-121.9157726200,20.3150,554969.749000,37.3527209000,-121.9157726000,19.7580
1787575603.909,2026-08-24 17:46:43,2021-06-19 10:09:29.400,37.3527219600,-121.9157725600,20.1090,554969.849000,37.3527209000,-121.9157726000,19.7610
1787575604.010,2026-08-24 17:46:44,2021-06-19 10:09:29.500,37.3527219200,-121.9157727500,19.8770,554969.954000,37.3527209000,-121.9157727000,19.7570
1787575604.110,2026-08-24 17:46:44,2021-06-19 10:09:29.600,37.3527215200,-121.9157727800,19.8100,554970.054000,37.3527209000,-121.9157726000,19.7660
1787575604.211,2026-08-24 17:46:44,2021-06-19 10:09:29.700,37.3527217200,-121.9157731700,19.7210,554970.154000,37.3527209000,-121.9157726000,19.7630
1787575604.311,2026-08-24 17:46:44,2021-06-19 10:09:29.800,37.3527215900,-121.9157730800,19.6530,554970.254000,37.3527209000,-121.9157726000,19.7610
1787575604.412,2026-08-24 17:46:44,2021-06-19 10:09:29.900,37.3527215500,-121.9157729600,19.5750,554970.354000,37.3527210000,-121.9157726000,19.7610
1787575604.513,2026-08-24 17:46:44,2021-06-19 10:09:30.000,37.3527215300,-121.9157733000,19.4570,554970.454000,37.3527209000,-121.9157726000,19.7580
1787575604.614,2026-08-24 17:46:44,2021-06-19 10:09:30.100,37.3527217000,-121.9157732200,19.4640,554970.554000,37.3527210000,-121.9157726000,19.7500
1787575604.714,2026-08-24 17:46:44,2021-06-19 10:09:30.200,37.3527219100,-121.9157733200,19.4380,554970.659000,37.3527210000,-121.9157726000,19.7380
1787575604.815,2026-08-24 17:46:44,2021-06-19 10:09:30.300,37.3527217800,-121.9157732900,19.4400,554970.754000,37.3527210000,-121.9157726000,19.7390
1787575604.916,2026-08-24 17:46:44,2021-06-19 10:09:30.400,37.3527215300,-121.9157731500,19.5100,554970.859000,37.3527210000,-121.9157726000,19.7400
1787575605.017,2026-08-24 17:46:45,2021-06-19 10:09:30.500,37.3527217500,-121.9157731200,19.4870,554970.964000,37.3527210000,-121.9157726000,19.7380
1787575605.118,2026-08-24 17:46:45,2021-06-19 10:09:30.600,37.3527219300,-121.9157728200,19.6980,554971.064000,37.3527210000,-121.9157727000,19.7370
1787575605.218,2026-08-24 17:46:45,2021-06-19 10:09:30.700,37.3527220800,-121.9157728400,19.8840,554971.159000,37.3527210000,-121.9157727000,19.7360
1787575605.319,2026-08-24 17:46:45,2021-06-19 10:09:30.800,37.3527218500,-121.9157727500,19.9710,554971.264000,37.3527211000,-121.9157726000,19.7500
1787575605.420,2026-08-24 17:46:45,2021-06-19 10:09:30.900,37.3527220200,-121.9157729000,19.7900,554971.364000,37.3527210000,-121.9157726000,19.7520
1787575605.521,2026-08-24 17:46:45,2021-06-19 10:09:31.000,37.3527218400,-121.9157732400,19.5790,554971.459000,37.3527210000,-121.9157726000,19.7490
1787575605.622,2026-08-24 17:46:45,2021-06-19 10:09:31.200,37.3527217300,-121.9157735900,19.3730,554971.564000,37.3527210000,-121.9157726000,19.7480
1787575605.722,2026-08-24 17:46:45,2021-06-19 10:09:31.300,37.3527216400,-121.9157735700,19.2760,554971.664000,37.3527209000,-121.9157727000,19.7420
1787575605.823,2026-08-24 17:46:45,2021-06-19 10:09:31.400,37.3527217100,-121.9157735200,19.2350,554971.764000,37.3527210000,-121.9157726000,19.7360
1787575605.924,2026-08-24 17:46:45,2021-06-19 10:09:31.500,37.3527218400,-121.9157738600,19.1850,554971.869000,37.3527210000,-121.9157726000,19.7360
1787575606.024,2026-08-24 17:46:46,2021-06-19 10:09:31.600,37.3527218200,-121.9157738500,19.2080,554971.964000,37.3527210000,-121.9157726000,19.7250
1787575606.125,2026-08-24 17:46:46,2021-06-19 10:09:31.700,37.3527219400,-121.9157739000,19.1480,554972.069000,37.3527210000,-121.9157726000,19.7210
1787575606.234,2026-08-24 17:46:46,2021-06-19 10:09:31.800,37.3527215000,-121.9157739800,19.2050,554972.179000,37.3527210000,-121.9157726000,19.7200
1787575606.335,2026-08-24 17:46:46,2021-06-19 10:09:31.900,37.3527218000,-121.9157738900,19.2160,554972.279000,37.3527209000,-121.9157726000,19.7100
1787575606.437,2026-08-24 17:46:46,2021-06-19 10:09:32.000,37.3527223600,-121.9157740600,19.2480,554972.384000,37.3527210000,-121.9157726000,19.7030
1787575606.538,2026-08-24 17:46:46,2021-06-19 10:09:32.100,37.3527222900,-121.9157738100,19.3790,554972.479000,37.3527210000,-121.9157727000,19.6960
1787575606.639,2026-08-24 17:46:46,2021-06-19 10:09:32.200,37.3527218100,-121.9157737100,19.4580,554972.579000,37.3527210000,-121.9157727000,19.6950
1787575606.740,2026-08-24 17:46:46,2021-06-19 10:09:32.300,37.3527214000,-121.9157735800,19.5500,554972.679000,37.3527210000,-121.9157727000,19.6930
1787575606.840,2026-08-24 17:46:46,2021-06-19 10:09:32.400,37.3527213300,-121.9157735100,19.5200,554972.784000,37.3527211000,-121.9157727000,19.6930
1787575606.941,2026-08-24 17:46:46,2021-06-19 10:09:32.500,37.3527214600,-121.9157738900,19.3230,554972.879000,37.3527210000,-121.9157727000,19.6900
1787575607.042,2026-08-24 17:46:47,2021-06-19 10:09:32.600,37.3527214600,-121.9157738700,19.2470,554972.984000,37.3527210000,-121.9157728000,19.6850
1787575607.142,2026-08-24 17:46:47,2021-06-19 10:09:32.700,37.3527217900,-121.9157739000,19.1730,554973.084000,37.3527210000,-121.9157728000,19.6790
1787575607.243,2026-08-24 17:46:47,2021-06-19 10:09:32.800,37.3527216000,-121.9157738000,19.1220,554973.184000,37.3527210000,-121.9157728000,19.6730
1787575607.343,2026-08-24 17:46:47,2021-06-19 10:09:32.900,37.3527215600,-121.9157739500,19.1010,554973.284000,37.3527210000,-121.9157729000,19.6660
1787575607.444,2026-08-24 17:46:47,2021-06-19 10:09:33.000,37.3527214500,-121.9157742100,18.9980,554973.384000,37.3527209000,-121.9157729000,19.6510
1787575607.545,2026-08-24 17:46:47,2021-06-19 10:09:33.100,37.3527215100,-121.9157739800,19.0540,554973.489000,37.3527210000,-121.9157729000,19.6450
1787575607.646,2026-08-24 17:46:47,2021-06-19 10:09:33.200,37.3527216000,-121.9157739700,19.0820,554973.589000,37.3527210000,-121.9157729000,19.6380
1787575607.746,2026-08-24 17:46:47,2021-06-19 10:09:33.300,37.3527214200,-121.9157740400,19.1880,554973.689000,37.3527210000,-121.9157729000,19.6350
1787575607.847,2026-08-24 17:46:47,2021-06-19 10:09:33.400,37.3527219100,-121.9157739100,19.3340,554973.789000,37.3527210000,-121.9157730000,19.6280
1787575607.948,2026-08-24 17:46:47,2021-06-19 10:09:33.500,37.3527219700,-121.9157738200,19.3520,554973.889000,37.3527210000,-121.9157730000,19.6180
1787575608.049,2026-08-24 17:46:48,2021-06-19 10:09:33.600,37.3527219300,-121.9157734900,19.5400,554973.993000,37.3527210000,-121.9157730000,19.6140
1787575608.149,2026-08-24 17:46:48,2021-06-19 10:09:33.700,37.3527217500,-121.9157733300,19.7020,554974.093000,37.3527210000,-121.9157730000,19.6160
1787575608.250,2026-08-24 17:46:48,2021-06-19 10:09:33.800,37.3527219400,-121.9157732100,19.9610,554974.193000,37.3527210000,-121.9157730000,19.6210
1787575608.351,2026-08-24 17:46:48,2021-06-19 10:09:33.900,37.3527220000,-121.9157731800,19.9120,554974.293000,37.3527211000,-121.9157729000,19.6260
1787575608.452,2026-08-24 17:46:48,2021-06-19 10:09:34.000,37.3527220700,-121.9157734400,19.7750,554974.398000,37.3527211000,-121.9157729000,19.6300
1787575608.553,2026-08-24 17:46:48,2021-06-19 10:09:34.100,37.3527219200,-121.9157733100,19.7340,554974.498000,37.3527211000,-121.9157729000,19.6380
1787575608.654,2026-08-24 17:46:48,2021-06-19 10:09:34.200,37.3527217400,-121.9157734300,19.6440,554974.593000,37.3527211000,-121.9157729000,19.6350
1787575608.754,2026-08-24 17:46:48,2021-06-19 10:09:34.300,37.3527216300,-121.9157736500,19.6040,554974.698000,37.3527211000,-121.9157729000,19.6270
1787575608.855,2026-08-24 17:46:48,2021-06-19 10:09:34.400,37.3527215500,-121.9157738100,19.5610,554974.798000,37.3527210000,-121.9157729000,19.6350
1787575608.955,2026-08-24 17:46:48,2021-06-19 10:09:34.500,37.3527215500,-121.9157737200,19.4640,554974.898000,37.3527211000,-121.9157728000,19.6310
1787575609.056,2026-08-24 17:46:49,2021-06-19 10:09:34.600,37.3527214700,-121.9157735300,19.5000,554974.998000,37.3527211000,-121.9157729000,19.6240
1787575609.157,2026-08-24 17:46:49,2021-06-19 10:09:34.700,37.3527211400,-121.9157735500,19.5690,554975.098000,37.3527211000,-121.9157729000,19.6230
1787575609.258,2026-08-24 17:46:49,2021-06-19 10:09:34.800,37.3527212900,-121.9157736000,19.6360,554975.198000,37.3527211000,-121.9157729000,19.6420
1787575609.358,2026-08-24 17:46:49,2021-06-19 10:09:34.900,37.3527213600,-121.9157732300,19.7380,554975.303000,37.3527211000,-121.9157730000,19.6460
1787575609.459,2026-08-24 17:46:49,2021-06-19 10:09:35.000,37.3527217400,-121.9157732200,19.8410,554975.398000,37.3527211000,-121.9157730000,19.6460
1787575609.560,2026-08-24 17:46:49,2021-06-19 10:09:35.100,37.3527216300,-121.9157729200,20.0270,554975.498000,37.3527211000,-121.9157730000,19.6570
1787575609.660,2026-08-24 17:46:49,2021-06-19 10:09:35.200,37.3527217200,-121.9157728900,20.1300,554975.603000,37.3527211000,-121.9157729000,19.6660
1787575609.760,2026-08-24 17:46:49,2021-06-19 10:09:35.300,37.3527215500,-121.9157725300,20.3110,554975.698000,37.3527212000,-121.9157729000,19.6660
1787575609.861,2026-08-24 17:46:49,2021-06-19 10:09:35.400,37.3527215800,-121.9157726200,20.2380,554975.798000,37.3527212000,-121.9157729000,19.6880
1787575609.962,2026-08-24 17:46:49,2021-06-19 10:09:35.500,37.3527214600,-121.9157729200,20.0850,554975.903000,37.3527212000,-121.9157729000,19.6930
1787575610.063,2026-08-24 17:46:50,2021-06-19 10:09:35.600,37.3527214400,-121.9157728900,19.9990,554976.003000,37.3527212000,-121.9157728000,19.7000
1787575610.164,2026-08-24 17:46:50,2021-06-19 10:09:35.700,37.3527215000,-121.9157731400,19.9350,554976.108000,37.3527213000,-121.9157728000,19.7020
1787575610.265,2026-08-24 17:46:50,2021-06-19 10:09:35.800,37.3527212800,-121.9157732100,19.8680,554976.208000,37.3527213000,-121.9157728000,19.7100
1787575610.366,2026-08-24 17:46:50,2021-06-19 10:09:35.900,37.3527209900,-121.9157730900,19.8080,554976.308000,37.3527213000,-121.9157728000,19.7130
1787575610.467,2026-08-24 17:46:50,2021-06-19 10:09:36.000,37.3527211500,-121.9157731600,19.6530,554976.408000,37.3527213000,-121.9157728000,19.7100
1787575610.567,2026-08-24 17:46:50,2021-06-19 10:09:36.100,37.3527211200,-121.9157731100,19.7120,554976.513000,37.3527213000,-121.9157728000,19.7080
1787575610.669,2026-08-24 17:46:50,2021-06-19 10:09:36.200,37.3527211400,-121.9157734700,19.7050,554976.613000,37.3527212000,-121.9157728000,19.7050
1787575610.769,2026-08-24 17:46:50,2021-06-19 10:09:36.300,37.3527210000,-121.9157732800,19.6730,554976.713000,37.3527212000,-121.9157728000,19.7100
1787575610.870,2026-08-24 17:46:50,2021-06-19 10:09:36.400,37.3527210700,-121.9157731900,19.5680,554976.813000,37.3527213000,-121.9157728000,19.7080
1787575610.971,2026-08-24 17:46:50,2021-06-19 10:09:36.500,37.3527211500,-121.9157732200,19.5320,554976.913000,37.3527213000,-121.9157728000,19.7070
1787575611.071,2026-08-24 17:46:51,2021-06-19 10:09:36.600,37.3527214800,-121.9157730900,19.7600,554977.013000,37.3527213000,-121.9157727000,19.7040
1787575611.172,2026-08-24 17:46:51,2021-06-19 10:09:36.700,37.3527216800,-121.9157729300,19.8520,554977.113000,37.3527213000,-121.9157728000,19.7080
1787575611.273,2026-08-24 17:46:51,2021-06-19 10:09:36.800,37.3527214400,-121.9157727500,19.9080,554977.213000,37.3527213000,-121.9157728000,19.7120
1787575611.374,2026-08-24 17:46:51,2021-06-19 10:09:36.900,37.3527214300,-121.9157724800,20.0870,554977.318000,37.3527213000,-121.9157727000,19.7090
1787575611.474,2026-08-24 17:46:51,2021-06-19 10:09:37.000,37.3527215200,-121.9157724900,20.1850,554977.418000,37.3527213000,-121.9157727000,19.7210
1787575611.575,2026-08-24 17:46:51,2021-06-19 10:09:37.100,37.3527217400,-121.9157726000,20.1300,554977.518000,37.3527213000,-121.9157727000,19.7250
1787575611.676,2026-08-24 17:46:51,2021-06-19 10:09:37.200,37.3527215300,-121.9157725800,20.0550,554977.618000,37.3527213000,-121.9157727000,19.7280
1787575611.776,2026-08-24 17:46:51,2021-06-19 10:09:37.300,37.3527213300,-121.9157728500,20.0020,554977.718000,37.3527212000,-121.9157727000,19.7260
1787575611.877,2026-08-24 17:46:51,2021-06-19 10:09:37.400,37.3527214900,-121.9157727700,19.9570,554977.818000,37.3527212000,-121.9157727000,19.7270
1787575611.978,2026-08-24 17:46:51,2021-06-19 10:09:37.500,37.3527217700,-121.9157730000,19.8690,554977.918000,37.3527212000,-121.9157727000,19.7270
1787575612.079,2026-08-24 17:46:52,2021-06-19 10:09:37.600,37.3527218400,-121.9157729400,19.9760,554978.018000,37.3527213000,-121.9157727000,19.7240
1787575612.180,2026-08-24 17:46:52,2021-06-19 10:09:37.700,37.3527219200,-121.9157729900,19.9820,554978.123000,37.3527213000,-121.9157727000,19.7290
1787575612.281,2026-08-24 17:46:52,2021-06-19 10:09:37.800,37.3527215500,-121.9157728200,19.9810,554978.223000,37.3527213000,-121.9157727000,19.7300
1787575612.382,2026-08-24 17:46:52,2021-06-19 10:09:37.900,37.3527215400,-121.9157726100,20.0450,554978.323000,37.3527213000,-121.9157726000,19.7380
1787575612.483,2026-08-24 17:46:52,2021-06-19 10:09:38.000,37.3527217000,-121.9157726900,20.1180,554978.423000,37.3527213000,-121.9157726000,19.7490
1787575612.584,2026-08-24 17:46:52,2021-06-19 10:09:38.100,37.3527217100,-121.9157725600,20.2090,554978.528000,37.3527213000,-121.9157726000,19.7520
1787575612.684,2026-08-24 17:46:52,2021-06-19 10:09:38.200,37.3527217300,-121.9157723800,20.3040,554978.628000,37.3527213000,-121.9157726000,19.7580
1787575612.784,2026-08-24 17:46:52,2021-06-19 10:09:38.300,37.3527216000,-121.9157722700,20.3640,554978.728000,37.3527214000,-121.9157726000,19.7680
1787575612.885,2026-08-24 17:46:52,2021-06-19 10:09:38.400,37.3527214900,-121.9157721800,20.6040,554978.828000,37.3527214000,-121.9157726000,19.7700
1787575612.986,2026-08-24 17:46:52,2021-06-19 10:09:38.500,37.3527221000,-121.9157723000,20.7210,554978.928000,37.3527215000,-121.9157726000,19.7800
1787575613.087,2026-08-24 17:46:53,2021-06-19 10:09:38.600,37.3527216900,-121.9157720900,20.7600,554979.033000,37.3527214000,-121.9157726000,19.7860
1787575613.188,2026-08-24 17:46:53,2021-06-19 10:09:38.700,37.3527217600,-121.9157722500,20.5880,554979.128000,37.3527214000,-121.9157726000,19.7840
1787575613.288,2026-08-24 17:46:53,2021-06-19 10:09:38.800,37.3527212900,-121.9157724600,20.4930,554979.233000,37.3527213000,-121.9157726000,19.7970
1787575613.389,2026-08-24 17:46:53,2021-06-19 10:09:38.900,37.3527215600,-121.9157725400,20.4050,554979.328000,37.3527213000,-121.9157726000,19.7990
1787575613.489,2026-08-24 17:46:53,2021-06-19 10:09:39.000,37.3527216200,-121.9157728100,20.2630,554979.433000,37.3527212000,-121.9157726000,19.7940
1787575613.591,2026-08-24 17:46:53,2021-06-19 10:09:39.100,37.3527216500,-121.9157728800,20.2690,554979.528000,37.3527212000,-121.9157726000,19.7940
1787575613.690,2026-08-24 17:46:53,2021-06-19 10:09:39.200,37.3527212200,-121.9157728000,20.2120,554979.628000,37.3527212000,-121.9157725000,19.8040
1787575613.791,2026-08-24 17:46:53,2021-06-19 10:09:39.300,37.3527211400,-121.9157726200,20.2100,554979.733000,37.3527212000,-121.9157725000,19.8090
1787575613.892,2026-08-24 17:46:53,2021-06-19 10:09:39.400,37.3527212000,-121.9157726100,20.2320,554979.838000,37.3527212000,-121.9157724000,19.8080
1787575613.992,2026-08-24 17:46:53,2021-06-19 10:09:39.500,37.3527210400,-121.9157728400,20.2230,554979.938000,37.3527212000,-121.9157724000,19.8100
1787575614.093,2026-08-24 17:46:54,2021-06-19 10:09:39.600,37.3527209800,-121.9157725000,20.2930,554980.037000,37.3527212000,-121.9157724000,19.8120
1787575614.194,2026-08-24 17:46:54,2021-06-19 10:09:39.700,37.3527211300,-121.9157723500,20.2870,554980.137000,37.3527212000,-121.9157724000,19.8160
1787575614.295,2026-08-24 17:46:54,2021-06-19 10:09:39.800,37.3527212300,-121.9157724100,20.4140,554980.237000,37.3527212000,-121.9157724000,19.8180
1787575614.395,2026-08-24 17:46:54,2021-06-19 10:09:39.900,37.3527211900,-121.9157725200,20.5410,554980.337000,37.3527213000,-121.9157724000,19.8240
1787575614.496,2026-08-24 17:46:54,2021-06-19 10:09:40.000,37.3527213600,-121.9157723000,20.5960,554980.437000,37.3527213000,-121.9157724000,19.8320
1787575614.596,2026-08-24 17:46:54,2021-06-19 10:09:40.100,37.3527215600,-121.9157720900,20.7570,554980.537000,37.3527213000,-121.9157724000,19.8420
1787575614.697,2026-08-24 17:46:54,2021-06-19 10:09:40.200,37.3527214700,-121.9157721100,20.9140,554980.637000,37.3527212000,-121.9157724000,19.8630
1787575614.797,2026-08-24 17:46:54,2021-06-19 10:09:40.300,37.3527215800,-121.9157720500,20.9660,554980.742000,37.3527213000,-121.9157723000,19.8860
1787575614.897,2026-08-24 17:46:54,2021-06-19 10:09:40.400,37.3527217100,-121.9157719200,20.8150,554980.842000,37.3527213000,-121.9157724000,19.8850
1787575614.998,2026-08-24 17:46:54,2021-06-19 10:09:40.500,37.3527216400,-121.9157720600,20.5620,554980.942000,37.3527213000,-121.9157724000,19.9060
1787575615.099,2026-08-24 17:46:55,2021-06-19 10:09:40.600,37.3527215200,-121.9157722400,20.4700,554981.042000,37.3527214000,-121.9157724000,19.9130
1787575615.199,2026-08-24 17:46:55,2021-06-19 10:09:40.700,37.3527215400,-121.9157722300,20.3250,554981.137000,37.3527214000,-121.9157724000,19.9220
1787575615.300,2026-08-24 17:46:55,2021-06-19 10:09:40.800,37.3527215300,-121.9157722800,20.2350,554981.242000,37.3527213000,-121.9157723000,19.9180
1787575615.401,2026-08-24 17:46:55,2021-06-19 10:09:40.900,37.3527214100,-121.9157723400,20.1490,554981.342000,37.3527213000,-121.9157724000,19.9150
1787575615.502,2026-08-24 17:46:55,2021-06-19 10:09:41.000,37.3527215400,-121.9157725800,19.9860,554981.442000,37.3527214000,-121.9157723000,19.9280
1787575615.603,2026-08-24 17:46:55,2021-06-19 10:09:41.100,37.3527215400,-121.9157723900,19.9120,554981.542000,37.3527214000,-121.9157723000,19.9330
1787575615.703,2026-08-24 17:46:55,2021-06-19 10:09:41.200,37.3527218300,-121.9157726200,19.8240,554981.647000,37.3527214000,-121.9157723000,19.9340
1787575615.803,2026-08-24 17:46:55,2021-06-19 10:09:41.300,37.3527215700,-121.9157728200,19.7970,554981.747000,37.3527214000,-121.9157723000,19.9380
1787575615.904,2026-08-24 17:46:55,2021-06-19 10:09:41.400,37.3527214200,-121.9157728300,19.7410,554981.842000,37.3527214000,-121.9157723000,19.9310
1787575616.004,2026-08-24 17:46:56,2021-06-19 10:09:41.500,37.3527214700,-121.9157728300,19.6260,554981.947000,37.3527214000,-121.9157723000,19.9280
1787575616.105,2026-08-24 17:46:56,2021-06-19 10:09:41.600,37.3527215000,-121.9157727700,19.6280,554982.047000,37.3527213000,-121.9157723000,19.9250
1787575616.206,2026-08-24 17:46:56,2021-06-19 10:09:41.700,37.3527215100,-121.9157730300,19.6160,554982.147000,37.3527213000,-121.9157722000,19.9210
1787575616.307,2026-08-24 17:46:56,2021-06-19 10:09:41.800,37.3527214100,-121.9157728800,19.6170,554982.252000,37.3527212000,-121.9157723000,19.9150
1787575616.408,2026-08-24 17:46:56,2021-06-19 10:09:41.900,37.3527213900,-121.9157726900,19.6280,554982.347000,37.3527213000,-121.9157722000,19.9120
1787575616.508,2026-08-24 17:46:56,2021-06-19 10:09:42.000,37.3527216000,-121.9157729600,19.5720,554982.452000,37.3527213000,-121.9157723000,19.9120
1787575616.609,2026-08-24 17:46:56,2021-06-19 10:09:42.100,37.3527216700,-121.9157728700,19.7300,554982.552000,37.3527214000,-121.9157723000,19.9110
1787575616.709,2026-08-24 17:46:56,2021-06-19 10:09:42.200,37.3527216400,-121.9157728500,19.8100,554982.652000,37.3527213000,-121.9157723000,19.8980
1787575616.810,2026-08-24 17:46:56,2021-06-19 10:09:42.300,37.3527215100,-121.9157725500,19.8690,554982.752000,37.3527214000,-121.9157723000,19.9020
1787575616.911,2026-08-24 17:46:56,2021-06-19 10:09:42.400,37.3527215800,-121.9157727400,19.7530,554982.852000,37.3527214000,-121.9157723000,19.9020
1787575617.012,2026-08-24 17:46:57,2021-06-19 10:09:42.500,37.3527215400,-121.9157730600,19.5060,554982.952000,37.3527214000,-121.9157723000,19.8980
1787575617.112,2026-08-24 17:46:57,2021-06-19 10:09:42.600,37.3527219100,-121.9157731200,19.3970,554983.052000,37.3527214000,-121.9157723000,19.8900
1787575617.213,2026-08-24 17:46:57,2021-06-19 10:09:42.700,37.3527215600,-121.9157732500,19.2380,554983.152000,37.3527214000,-121.9157724000,19.8930
1787575617.314,2026-08-24 17:46:57,2021-06-19 10:09:42.800,37.3527211500,-121.9157734700,19.1340,554983.252000,37.3527215000,-121.9157724000,19.8790
1787575617.415,2026-08-24 17:46:57,2021-06-19 10:09:42.900,37.3527210500,-121.9157734100,19.0160,554983.357000,37.3527215000,-121.9157725000,19.8630
1787575617.515,2026-08-24 17:46:57,2021-06-19 10:09:43.000,37.3527212100,-121.9157737200,18.8450,554983.457000,37.3527214000,-121.9157725000,19.8570
1787575617.616,2026-08-24 17:46:57,2021-06-19 10:09:43.100,37.3527212100,-121.9157737700,18.8720,554983.557000,37.3527215000,-121.9157725000,19.8460
1787575617.716,2026-08-24 17:46:57,2021-06-19 10:09:43.200,37.3527209000,-121.9157739900,18.8320,554983.657000,37.3527214000,-121.9157725000,19.8380
1787575617.817,2026-08-24 17:46:57,2021-06-19 10:09:43.300,37.3527206200,-121.9157738100,18.7900,554983.757000,37.3527214000,-121.9157725000,19.8290
1787575617.918,2026-08-24 17:46:57,2021-06-19 10:09:43.500,37.3527207900,-121.9157739900,18.7000,554983.862000,37.3527214000,-121.9157725000,19.8210
1787575618.119,2026-08-24 17:46:58,2021-06-19 10:09:43.600,37.3527209300,-121.9157739000,18.7550,554984.057000,37.3527214000,-121.9157726000,19.7860
1787575618.220,2026-08-24 17:46:58,2021-06-19 10:09:43.700,37.3527208800,-121.9157738300,18.7380,554984.162000,37.3527214000,-121.9157726000,19.7730
1787575618.322,2026-08-24 17:46:58,2021-06-19 10:09:43.900,37.3527210000,-121.9157738400,18.9010,554984.262000,37.3527213000,-121.9157726000,19.7580
1787575618.422,2026-08-24 17:46:58,2021-06-19 10:09:44.000,37.3527213800,-121.9157740000,18.9830,554984.367000,37.3527214000,-121.9157726000,19.7420
1787575618.523,2026-08-24 17:46:58,2021-06-19 10:09:44.100,37.3527215900,-121.9157735600,19.1160,554984.462000,37.3527213000,-121.9157726000,19.7310
1787575618.633,2026-08-24 17:46:58,2021-06-19 10:09:44.200,37.3527213900,-121.9157734500,19.2870,554984.577000,37.3527214000,-121.9157727000,19.7210
1787575618.734,2026-08-24 17:46:58,2021-06-19 10:09:44.300,37.3527212700,-121.9157732300,19.4820,554984.677000,37.3527213000,-121.9157727000,19.7100
1787575618.834,2026-08-24 17:46:58,2021-06-19 10:09:44.400,37.3527214100,-121.9157731800,19.4330,554984.777000,37.3527213000,-121.9157727000,19.7040
1787575618.935,2026-08-24 17:46:58,2021-06-19 10:09:44.500,37.3527216400,-121.9157736600,19.2190,554984.877000,37.3527213000,-121.9157727000,19.6990
1787575619.036,2026-08-24 17:46:59,2021-06-19 10:09:44.600,37.3527213400,-121.9157736100,19.1360,554984.977000,37.3527213000,-121.9157727000,19.6860
1787575619.137,2026-08-24 17:46:59,2021-06-19 10:09:44.700,37.3527213100,-121.9157738100,18.9550,554985.077000,37.3527213000,-121.9157727000,19.6780
1787575619.237,2026-08-24 17:46:59,2021-06-19 10:09:44.800,37.3527210800,-121.9157737900,18.8680,554985.177000,37.3527213000,-121.9157726000,19.6700
1787575619.338,2026-08-24 17:46:59,2021-06-19 10:09:44.900,37.3527213000,-121.9157738800,18.8490,554985.277000,37.3527213000,-121.9157727000,19.6670
1787575619.438,2026-08-24 17:46:59,2021-06-19 10:09:45.000,37.3527213800,-121.9157741800,18.7590,554985.382000,37.3527213000,-121.9157727000,19.6600
1787575619.539,2026-08-24 17:46:59,2021-06-19 10:09:45.100,37.3527214900,-121.9157739400,18.7140,554985.482000,37.3527214000,-121.9157727000,19.6530
1787575619.640,2026-08-24 17:46:59,2021-06-19 10:09:45.200,37.3527215000,-121.9157737100,18.7110,554985.582000,37.3527214000,-121.9157727000,19.6440
1787575619.740,2026-08-24 17:46:59,2021-06-19 10:09:45.300,37.3527213500,-121.9157736600,18.7650,554985.682000,37.3527214000,-121.9157727000,19.6420
1787575619.841,2026-08-24 17:46:59,2021-06-19 10:09:45.400,37.3527214900,-121.9157739100,18.8800,554985.782000,37.3527214000,-121.9157727000,19.6230
1787575619.942,2026-08-24 17:46:59,2021-06-19 10:09:45.500,37.3527216900,-121.9157738100,18.8480,554985.882000,37.3527213000,-121.9157728000,19.6020
1787575620.043,2026-08-24 17:47:00,2021-06-19 10:09:45.600,37.3527218600,-121.9157734800,18.9620,554985.987000,37.3527213000,-121.9157728000,19.5930
1787575620.143,2026-08-24 17:47:00,2021-06-19 10:09:45.700,37.3527215400,-121.9157734600,19.0330,554986.082000,37.3527213000,-121.9157727000,19.5900
1787575620.245,2026-08-24 17:47:00,2021-06-19 10:09:45.800,37.3527214400,-121.9157732600,19.2120,554986.187000,37.3527213000,-121.9157727000,19.5850
1787575620.345,2026-08-24 17:47:00,2021-06-19 10:09:45.900,37.3527217500,-121.9157729800,19.3620,554986.287000,37.3527213000,-121.9157728000,19.5800
1787575620.446,2026-08-24 17:47:00,2021-06-19 10:09:46.000,37.3527215500,-121.9157730100,19.4410,554986.387000,37.3527213000,-121.9157728000,19.5780
1787575620.546,2026-08-24 17:47:00,2021-06-19 10:09:46.100,37.3527216400,-121.9157728300,19.7360,554986.487000,37.3527213000,-121.9157728000,19.5830
1787575620.647,2026-08-24 17:47:00,2021-06-19 10:09:46.200,37.3527216800,-121.9157726000,19.9260,554986.587000,37.3527214000,-121.9157728000,19.5830
1787575620.748,2026-08-24 17:47:00,2021-06-19 10:09:46.300,37.3527218600,-121.9157726900,19.9170,554986.687000,37.3527214000,-121.9157728000,19.5900
1787575620.848,2026-08-24 17:47:00,2021-06-19 10:09:46.400,37.3527216500,-121.9157727300,19.8150,554986.787000,37.3527214000,-121.9157728000,19.5920
1787575620.949,2026-08-24 17:47:00,2021-06-19 10:09:46.500,37.3527214700,-121.9157730800,19.6050,554986.892000,37.3527214000,-121.9157728000,19.5860
1787575621.050,2026-08-24 17:47:01,2021-06-19 10:09:46.600,37.3527214400,-121.9157729000,19.5480,554986.992000,37.3527214000,-121.9157729000,19.5870
1787575621.150,2026-08-24 17:47:01,2021-06-19 10:09:46.700,37.3527216600,-121.9157730800,19.4700,554987.092000,37.3527214000,-121.9157729000,19.5780
1787575621.251,2026-08-24 17:47:01,2021-06-19 10:09:46.800,37.3527213200,-121.9157733500,19.4570,554987.192000,37.3527214000,-121.9157730000,19.5650
1787575621.352,2026-08-24 17:47:01,2021-06-19 10:09:46.900,37.3527212100,-121.9157734200,19.3880,554987.292000,37.3527214000,-121.9157730000,19.5680
1787575621.452,2026-08-24 17:47:01,2021-06-19 10:09:47.000,37.3527214900,-121.9157734900,19.2490,554987.392000,37.3527214000,-121.9157730000,19.5680
1787575621.553,2026-08-24 17:47:01,2021-06-19 10:09:47.100,37.3527214500,-121.9157734600,19.1960,554987.492000,37.3527213000,-121.9157730000,19.5640
1787575621.653,2026-08-24 17:47:01,2021-06-19 10:09:47.200,37.3527216400,-121.9157738100,19.1710,554987.592000,37.3527213000,-121.9157730000,19.5570
1787575621.754,2026-08-24 17:47:01,2021-06-19 10:09:47.300,37.3527212700,-121.9157737000,19.1310,554987.697000,37.3527214000,-121.9157730000,19.5470
1787575621.855,2026-08-24 17:47:01,2021-06-19 10:09:47.400,37.3527213900,-121.9157735500,19.1060,554987.797000,37.3527214000,-121.9157730000,19.5350
1787575621.955,2026-08-24 17:47:01,2021-06-19 10:09:47.500,37.3527213500,-121.9157737500,19.0460,554987.897000,37.3527215000,-121.9157730000,19.5350
1787575622.056,2026-08-24 17:47:02,2021-06-19 10:09:47.600,37.3527211600,-121.9157734800,19.1130,554987.997000,37.3527215000,-121.9157730000,19.5330
1787575622.156,2026-08-24 17:47:02,2021-06-19 10:09:47.700,37.3527213500,-121.9157734900,19.1580,554988.097000,37.3527215000,-121.9157731000,19.5180
1787575622.257,2026-08-24 17:47:02,2021-06-19 10:09:47.800,37.3527211500,-121.9157732800,19.2040,554988.197000,37.3527215000,-121.9157731000,19.5000
1787575622.357,2026-08-24 17:47:02,2021-06-19 10:09:47.900,37.3527211000,-121.9157732500,19.3300,554988.297000,37.3527214000,-121.9157731000,19.4910
1787575622.457,2026-08-24 17:47:02,2021-06-19 10:09:48.000,37.3527214400,-121.9157732800,19.3710,554988.397000,37.3527214000,-121.9157731000,19.4890
1787575622.558,2026-08-24 17:47:02,2021-06-19 10:09:48.100,37.3527219000,-121.9157731200,19.5570,554988.497000,37.3527214000,-121.9157731000,19.4850
1787575622.658,2026-08-24 17:47:02,2021-06-19 10:09:48.200,37.3527220100,-121.9157731700,19.7160,554988.597000,37.3527214000,-121.9157731000,19.4890
1787575622.759,2026-08-24 17:47:02,2021-06-19 10:09:48.300,37.3527216200,-121.9157729200,19.9770,554988.702000,37.3527214000,-121.9157731000,19.4990
1787575622.859,2026-08-24 17:47:02,2021-06-19 10:09:48.400,37.3527216400,-121.9157729600,19.9170,554988.797000,37.3527214000,-121.9157731000,19.4970
1787575622.959,2026-08-24 17:47:02,2021-06-19 10:09:48.500,37.3527215100,-121.9157731700,19.6750,554988.897000,37.3527214000,-121.9157731000,19.4990
1787575623.060,2026-08-24 17:47:03,2021-06-19 10:09:48.600,37.3527216500,-121.9157734100,19.6320,554988.997000,37.3527215000,-121.9157731000,19.5030
1787575623.160,2026-08-24 17:47:03,2021-06-19 10:09:48.700,37.3527212100,-121.9157736300,19.5090,554989.102000,37.3527215000,-121.9157731000,19.5070
1787575623.261,2026-08-24 17:47:03,2021-06-19 10:09:48.800,37.3527210200,-121.9157734700,19.3820,554989.197000,37.3527215000,-121.9157732000,19.5050
1787575623.362,2026-08-24 17:47:03,2021-06-19 10:09:48.900,37.3527208900,-121.9157735500,19.2480,554989.307000,37.3527215000,-121.9157731000,19.5070
1787575623.462,2026-08-24 17:47:03,2021-06-19 10:09:49.000,37.3527207400,-121.9157740700,19.0760,554989.407000,37.3527215000,-121.9157732000,19.5030
1787575623.563,2026-08-24 17:47:03,2021-06-19 10:09:49.100,37.3527210000,-121.9157741500,19.0770,554989.502000,37.3527215000,-121.9157731000,19.5010
1787575623.664,2026-08-24 17:47:03,2021-06-19 10:09:49.200,37.3527211600,-121.9157741600,18.9660,554989.602000,37.3527216000,-121.9157732000,19.4880
1787575623.764,2026-08-24 17:47:03,2021-06-19 10:09:49.300,37.3527208300,-121.9157740800,18.9090,554989.702000,37.3527215000,-121.9157732000,19.4780
1787575623.865,2026-08-24 17:47:03,2021-06-19 10:09:49.400,37.3527207200,-121.9157742400,18.8360,554989.807000,37.3527215000,-121.9157732000,19.4680
1787575623.966,2026-08-24 17:47:03,2021-06-19 10:09:49.500,37.3527206000,-121.9157746100,18.6930,554989.902000,37.3527215000,-121.9157732000,19.4540
1787575624.066,2026-08-24 17:47:04,2021-06-19 10:09:49.600,37.3527208600,-121.9157746100,18.7400,554990.007000,37.3527215000,-121.9157732000,19.4380
1787575624.167,2026-08-24 17:47:04,2021-06-19 10:09:49.700,37.3527207800,-121.9157745600,18.6910,554990.107000,37.3527215000,-121.9157732000,19.4270
1787575624.268,2026-08-24 17:47:04,2021-06-19 10:09:49.800,37.3527204800,-121.9157744900,18.7150,554990.206000,37.3527214000,-121.9157733000,19.4160
1787575624.369,2026-08-24 17:47:04,2021-06-19 10:09:49.900,37.3527206000,-121.9157744700,18.7310,554990.307000,37.3527214000,-121.9157733000,19.4030
1787575624.469,2026-08-24 17:47:04,2021-06-19 10:09:50.000,37.3527208100,-121.9157747200,18.6560,554990.406000,37.3527214000,-121.9157733000,19.3930
1787575624.570,2026-08-24 17:47:04,2021-06-19 10:09:50.100,37.3527209000,-121.9157744500,18.7660,554990.506000,37.3527214000,-121.9157733000,19.3870
1787575624.671,2026-08-24 17:47:04,2021-06-19 10:09:50.200,37.3527209100,-121.9157745900,18.7780,554990.611000,37.3527213000,-121.9157733000,19.3840
1787575624.772,2026-08-24 17:47:04,2021-06-19 10:09:50.300,37.3527207600,-121.9157743800,18.8500,554990.711000,37.3527213000,-121.9157733000,19.3730
1787575624.872,2026-08-24 17:47:04,2021-06-19 10:09:50.400,37.3527210400,-121.9157744300,18.9420,554990.811000,37.3527213000,-121.9157733000,19.3660
1787575624.973,2026-08-24 17:47:04,2021-06-19 10:09:50.500,37.3527212500,-121.9157747100,18.9970,554990.911000,37.3527213000,-121.9157734000,19.3510
1787575625.074,2026-08-24 17:47:05,2021-06-19 10:09:50.600,37.3527212400,-121.9157743000,19.1690,554991.016000,37.3527214000,-121.9157734000,19.3460
1787575625.175,2026-08-24 17:47:05,2021-06-19 10:09:50.700,37.3527213900,-121.9157741100,19.2850,554991.116000,37.3527213000,-121.9157734000,19.3440
1787575625.276,2026-08-24 17:47:05,2021-06-19 10:09:50.800,37.3527209300,-121.9157738900,19.3730,554991.216000,37.3527213000,-121.9157734000,19.3400
1787575625.378,2026-08-24 17:47:05,2021-06-19 10:09:50.900,37.3527212900,-121.9157742700,19.3280,554991.316000,37.3527213000,-121.9157735000,19.3360
1787575625.479,2026-08-24 17:47:05,2021-06-19 10:09:51.000,37.3527213000,-121.9157746200,19.1660,554991.421000,37.3527214000,-121.9157734000,19.3340
1787575625.579,2026-08-24 17:47:05,2021-06-19 10:09:51.100,37.3527214200,-121.9157745500,19.1090,554991.516000,37.3527214000,-121.9157735000,19.3320
1787575625.679,2026-08-24 17:47:05,2021-06-19 10:09:51.200,37.3527210600,-121.9157746500,18.9790,554991.616000,37.3527214000,-121.9157735000,19.3240
1787575625.780,2026-08-24 17:47:05,2021-06-19 10:09:51.300,37.3527210500,-121.9157747300,18.9260,554991.716000,37.3527214000,-121.9157735000,19.3150
1787575625.881,2026-08-24 17:47:05,2021-06-19 10:09:51.400,37.3527212400,-121.9157748600,18.8590,554991.821000,37.3527214000,-121.9157735000,19.3070
1787575625.981,2026-08-24 17:47:05,2021-06-19 10:09:51.500,37.3527213200,-121.9157750100,18.7270,554991.926000,37.3527214000,-121.9157736000,19.2990
1787575626.082,2026-08-24 17:47:06,2021-06-19 10:09:51.600,37.3527213200,-121.9157748800,18.8030,554992.021000,37.3527214000,-121.9157736000,19.2940
1787575626.183,2026-08-24 17:47:06,2021-06-19 10:09:51.700,37.3527211400,-121.9157748600,18.7780,554992.121000,37.3527214000,-121.9157736000,19.2870
1787575626.283,2026-08-24 17:47:06,2021-06-19 10:09:51.800,37.3527211000,-121.9157745900,18.8280,554992.221000,37.3527214000,-121.9157736000,19.2820
1787575626.384,2026-08-24 17:47:06,2021-06-19 10:09:51.900,37.3527211500,-121.9157746100,18.8200,554992.321000,37.3527215000,-121.9157736000,19.2720
1787575626.485,2026-08-24 17:47:06,2021-06-19 10:09:52.000,37.3527213200,-121.9157747300,18.7830,554992.426000,37.3527215000,-121.9157736000,19.2650
1787575626.586,2026-08-24 17:47:06,2021-06-19 10:09:52.100,37.3527215000,-121.9157745100,18.8830,554992.521000,37.3527215000,-121.9157737000,19.2560
1787575626.686,2026-08-24 17:47:06,2021-06-19 10:09:52.200,37.3527214900,-121.9157744000,18.9250,554992.626000,37.3527215000,-121.9157737000,19.2480
1787575626.787,2026-08-24 17:47:06,2021-06-19 10:09:52.300,37.3527217400,-121.9157744400,19.0730,554992.726000,37.3527214000,-121.9157737000,19.2390
1787575626.888,2026-08-24 17:47:06,2021-06-19 10:09:52.400,37.3527215900,-121.9157744000,19.2080,554992.826000,37.3527214000,-121.9157737000,19.2320
1787575626.989,2026-08-24 17:47:06,2021-06-19 10:09:52.500,37.3527216800,-121.9157742800,19.2680,554992.926000,37.3527215000,-121.9157737000,19.2270
1787575627.089,2026-08-24 17:47:07,2021-06-19 10:09:52.600,37.3527218200,-121.9157737900,19.4710,554993.026000,37.3527215000,-121.9157738000,19.2230
1787575627.190,2026-08-24 17:47:07,2021-06-19 10:09:52.700,37.3527217400,-121.9157737500,19.6170,554993.131000,37.3527215000,-121.9157738000,19.2250
1787575627.290,2026-08-24 17:47:07,2021-06-19 10:09:52.800,37.3527217200,-121.9157734100,19.8600,554993.231000,37.3527215000,-121.9157738000,19.2270
1787575627.391,2026-08-24 17:47:07,2021-06-19 10:09:52.900,37.3527217300,-121.9157732000,20.0570,554993.331000,37.3527215000,-121.9157737000,19.2360
1787575627.492,2026-08-24 17:47:07,2021-06-19 10:09:53.000,37.3527218500,-121.9157731400,20.1370,554993.431000,37.3527216000,-121.9157737000,19.2470
1787575627.592,2026-08-24 17:47:07,2021-06-19 10:09:53.100,37.3527218500,-121.9157732000,20.0490,554993.531000,37.3527215000,-121.9157737000,19.2530
1787575627.693,2026-08-24 17:47:07,2021-06-19 10:09:53.200,37.3527217500,-121.9157734600,19.8980,554993.631000,37.3527216000,-121.9157737000,19.2610
1787575627.794,2026-08-24 17:47:07,2021-06-19 10:09:53.300,37.3527215800,-121.9157734400,19.8010,554993.736000,37.3527215000,-121.9157737000,19.2670
1787575627.895,2026-08-24 17:47:07,2021-06-19 10:09:53.400,37.3527215500,-121.9157735400,19.6990,554993.831000,37.3527215000,-121.9157737000,19.2770
1787575627.995,2026-08-24 17:47:07,2021-06-19 10:09:53.500,37.3527215700,-121.9157737800,19.5500,554993.936000,37.3527215000,-121.9157738000,19.2830
1787575628.096,2026-08-24 17:47:08,2021-06-19 10:09:53.600,37.3527216000,-121.9157736100,19.5100,554994.036000,37.3527216000,-121.9157738000,19.2910
1787575628.197,2026-08-24 17:47:08,2021-06-19 10:09:53.700,37.3527218300,-121.9157737500,19.4750,554994.136000,37.3527216000,-121.9157738000,19.2930
1787575628.297,2026-08-24 17:47:08,2021-06-19 10:09:53.800,37.3527214000,-121.9157737200,19.4750,554994.241000,37.3527216000,-121.9157737000,19.2960
1787575628.398,2026-08-24 17:47:08,2021-06-19 10:09:53.900,37.3527212600,-121.9157737700,19.4060,554994.336000,37.3527216000,-121.9157737000,19.2960
1787575628.499,2026-08-24 17:47:08,2021-06-19 10:09:54.000,37.3527214800,-121.9157738500,19.2830,554994.436000,37.3527215000,-121.9157738000,19.2900
1787575628.600,2026-08-24 17:47:08,2021-06-19 10:09:54.100,37.3527214400,-121.9157736400,19.3260,554994.541000,37.3527215000,-121.9157738000,19.2890
1787575628.700,2026-08-24 17:47:08,2021-06-19 10:09:54.200,37.3527214600,-121.9157737900,19.4120,554994.636000,37.3527216000,-121.9157737000,19.2900
1787575628.801,2026-08-24 17:47:08,2021-06-19 10:09:54.300,37.3527212700,-121.9157734300,19.3610,554994.741000,37.3527215000,-121.9157738000,19.2940
1787575628.901,2026-08-24 17:47:08,2021-06-19 10:09:54.400,37.3527210100,-121.9157732700,19.3840,554994.841000,37.3527215000,-121.9157738000,19.2930
1787575629.002,2026-08-24 17:47:09,2021-06-19 10:09:54.500,37.3527211800,-121.9157734900,19.3500,554994.941000,37.3527215000,-121.9157738000,19.2920
1787575629.102,2026-08-24 17:47:09,2021-06-19 10:09:54.600,37.3527212700,-121.9157735200,19.4740,554995.041000,37.3527216000,-121.9157737000,19.2970
1787575629.203,2026-08-24 17:47:09,2021-06-19 10:09:54.700,37.3527215200,-121.9157734200,19.5460,554995.141000,37.3527215000,-121.9157737000,19.3030
1787575629.303,2026-08-24 17:47:09,2021-06-19 10:09:54.800,37.3527213900,-121.9157731600,19.6450,554995.241000,37.3527216000,-121.9157738000,19.3050
1787575629.404,2026-08-24 17:47:09,2021-06-19 10:09:54.900,37.3527209900,-121.9157730100,19.7500,554995.341000,37.3527215000,-121.9157737000,19.3160
1787575629.505,2026-08-24 17:47:09,2021-06-19 10:09:55.000,37.3527213700,-121.9157730500,19.7860,554995.446000,37.3527215000,-121.9157737000,19.3230
1787575629.606,2026-08-24 17:47:09,2021-06-19 10:09:55.100,37.3527217600,-121.9157728900,20.0050,554995.546000,37.3527215000,-121.9157737000,19.3240
1787575629.708,2026-08-24 17:47:09,2021-06-19 10:09:55.300,37.3527219700,-121.9157724100,20.3240,554995.651000,37.3527216000,-121.9157737000,19.3250
1787575629.908,2026-08-24 17:47:09,2021-06-19 10:09:55.400,37.3527222200,-121.9157722400,20.4610,554995.846000,37.3527216000,-121.9157737000,19.3260
1787575630.009,2026-08-24 17:47:10,2021-06-19 10:09:55.500,37.3527225200,-121.9157723100,20.5300,554995.946000,37.3527215000,-121.9157736000,19.3330
1787575630.109,2026-08-24 17:47:10,2021-06-19 10:09:55.600,37.3527225300,-121.9157723300,20.4810,554996.046000,37.3527214000,-121.9157736000,19.3390
1787575630.210,2026-08-24 17:47:10,2021-06-19 10:09:55.700,37.3527219400,-121.9157725100,20.3270,554996.151000,37.3527215000,-121.9157737000,19.3400
1787575630.311,2026-08-24 17:47:10,2021-06-19 10:09:55.800,37.3527219100,-121.9157724600,20.2170,554996.251000,37.3527215000,-121.9157736000,19.3500
1787575630.412,2026-08-24 17:47:10,2021-06-19 10:09:55.900,37.3527217100,-121.9157725900,20.0710,554996.351000,37.3527215000,-121.9157736000,19.3580
1787575630.513,2026-08-24 17:47:10,2021-06-19 10:09:56.000,37.3527220800,-121.9157732100,19.8940,554996.451000,37.3527214000,-121.9157736000,19.3620
1787575630.614,2026-08-24 17:47:10,2021-06-19 10:09:56.100,37.3527219700,-121.9157732100,19.8470,554996.551000,37.3527215000,-121.9157737000,19.3560
1787575630.714,2026-08-24 17:47:10,2021-06-19 10:09:56.200,37.3527220400,-121.9157732500,19.7000,554996.656000,37.3527215000,-121.9157737000,19.3550
1787575630.815,2026-08-24 17:47:10,2021-06-19 10:09:56.400,37.3527214600,-121.9157733200,19.5780,554996.756000,37.3527216000,-121.9157736000,19.3550
1787575631.016,2026-08-24 17:47:11,2021-06-19 10:09:56.500,37.3527215900,-121.9157735300,19.5310,554996.956000,37.3527216000,-121.9157737000,19.3490
1787575631.117,2026-08-24 17:47:11,2021-06-19 10:09:56.600,37.3527216300,-121.9157734400,19.4750,554997.056000,37.3527215000,-121.9157737000,19.3500
1787575631.218,2026-08-24 17:47:11,2021-06-19 10:09:56.700,37.3527215300,-121.9157734500,19.3940,554997.156000,37.3527215000,-121.9157737000,19.3420
1787575631.319,2026-08-24 17:47:11,2021-06-19 10:09:56.800,37.3527211200,-121.9157735400,19.3430,554997.256000,37.3527215000,-121.9157737000,19.3420
1787575631.420,2026-08-24 17:47:11,2021-06-19 10:09:56.900,37.3527213600,-121.9157737800,19.3080,554997.361000,37.3527215000,-121.9157737000,19.3320
1787575631.520,2026-08-24 17:47:11,2021-06-19 10:09:57.000,37.3527215800,-121.9157739900,19.2030,554997.456000,37.3527215000,-121.9157736000,19.3300
1787575631.622,2026-08-24 17:47:11,2021-06-19 10:09:57.200,37.3527216100,-121.9157740200,19.1910,554997.561000,37.3527214000,-121.9157737000,19.3230
1787575631.722,2026-08-24 17:47:11,2021-06-19 10:09:57.300,37.3527216000,-121.9157738100,19.1930,554997.666000,37.3527214000,-121.9157737000,19.3120
1787575631.823,2026-08-24 17:47:11,2021-06-19 10:09:57.400,37.3527218500,-121.9157739400,19.1710,554997.761000,37.3527214000,-121.9157738000,19.3120
1787575631.923,2026-08-24 17:47:11,2021-06-19 10:09:57.500,37.3527220800,-121.9157741800,19.1240,554997.861000,37.3527214000,-121.9157738000,19.3130
1787575632.032,2026-08-24 17:47:12,2021-06-19 10:09:57.600,37.3527221200,-121.9157740100,19.1740,554997.961000,37.3527214000,-121.9157738000,19.3110
1787575632.136,2026-08-24 17:47:12,2021-06-19 10:09:57.700,37.3527222800,-121.9157739800,19.2240,554998.076000,37.3527214000,-121.9157738000,19.3110
1787575632.237,2026-08-24 17:47:12,2021-06-19 10:09:57.800,37.3527224200,-121.9157738000,19.3110,554998.176000,37.3527213000,-121.9157738000,19.3160
1787575632.337,2026-08-24 17:47:12,2021-06-19 10:09:57.900,37.3527226300,-121.9157740900,19.3940,554998.276000,37.3527213000,-121.9157738000,19.3130
1787575632.438,2026-08-24 17:47:12,2021-06-19 10:09:58.000,37.3527226100,-121.9157739100,19.4350,554998.376000,37.3527214000,-121.9157737000,19.3220
1787575632.538,2026-08-24 17:47:12,2021-06-19 10:09:58.100,37.3527229500,-121.9157735800,19.6150,554998.476000,37.3527214000,-121.9157738000,19.3230
1787575632.638,2026-08-24 17:47:12,2021-06-19 10:09:58.200,37.3527228000,-121.9157733700,19.7740,554998.581000,37.3527214000,-121.9157738000,19.3280
1787575632.739,2026-08-24 17:47:12,2021-06-19 10:09:58.300,37.3527229900,-121.9157732800,20.0010,554998.676000,37.3527214000,-121.9157737000,19.3400
1787575632.839,2026-08-24 17:47:12,2021-06-19 10:09:58.400,37.3527230200,-121.9157730500,20.1620,554998.776000,37.3527214000,-121.9157737000,19.3520
1787575632.940,2026-08-24 17:47:12,2021-06-19 10:09:58.500,37.3527231500,-121.9157730800,20.0500,554998.881000,37.3527214000,-121.9157737000,19.3560
1787575633.041,2026-08-24 17:47:13,2021-06-19 10:09:58.600,37.3527230200,-121.9157733000,19.9650,554998.981000,37.3527214000,-121.9157737000,19.3600
1787575633.142,2026-08-24 17:47:13,2021-06-19 10:09:58.700,37.3527230700,-121.9157733700,19.8400,554999.081000,37.3527214000,-121.9157737000,19.3640
1787575633.242,2026-08-24 17:47:13,2021-06-19 10:09:58.800,37.3527229600,-121.9157733600,19.7830,554999.181000,37.3527215000,-121.9157737000,19.3630
1787575633.343,2026-08-24 17:47:13,2021-06-19 10:09:58.900,37.3527229800,-121.9157734100,19.6800,554999.286000,37.3527215000,-121.9157737000,19.3630
1787575633.444,2026-08-24 17:47:13,2021-06-19 10:09:59.000,37.3527226200,-121.9157735100,19.5560,554999.381000,37.3527215000,-121.9157737000,19.3610
1787575633.545,2026-08-24 17:47:13,2021-06-19 10:09:59.100,37.3527227100,-121.9157734400,19.5240,554999.486000,37.3527216000,-121.9157737000,19.3690
1787575633.645,2026-08-24 17:47:13,2021-06-19 10:09:59.200,37.3527224700,-121.9157735000,19.4760,554999.586000,37.3527215000,-121.9157737000,19.3660
1787575633.746,2026-08-24 17:47:13,2021-06-19 10:09:59.300,37.3527223700,-121.9157733500,19.4930,554999.686000,37.3527214000,-121.9157738000,19.3600
1787575633.847,2026-08-24 17:47:13,2021-06-19 10:09:59.400,37.3527220800,-121.9157733100,19.4610,554999.791000,37.3527215000,-121.9157737000,19.3590
1787575633.948,2026-08-24 17:47:13,2021-06-19 10:09:59.500,37.3527220200,-121.9157734100,19.3660,554999.886000,37.3527216000,-121.9157737000,19.3610
1787575634.048,2026-08-24 17:47:14,2021-06-19 10:09:59.600,37.3527219400,-121.9157733200,19.3920,554999.991000,37.3527216000,-121.9157737000,19.3520
1787575634.149,2026-08-24 17:47:14,2021-06-19 10:09:59.700,37.3527221500,-121.9157734700,19.4340,555000.091000,37.3527216000,-121.9157737000,19.3510
1787575634.250,2026-08-24 17:47:14,2021-06-19 10:09:59.800,37.3527220200,-121.9157733400,19.4770,555000.191000,37.3527216000,-121.9157737000,19.3530
1787575634.351,2026-08-24 17:47:14,2021-06-19 10:09:59.900,37.3527218900,-121.9157733000,19.4360,555000.291000,37.3527215000,-121.9157737000,19.3490
1787575634.451,2026-08-24 17:47:14,2021-06-19 10:10:00.000,37.3527217400,-121.9157732800,19.4420,555000.396000,37.3527215000,-121.9157737000,19.3530
1787575634.552,2026-08-24 17:47:14,2021-06-19 10:10:00.100,37.3527217300,-121.9157731900,19.5210,555000.491000,37.3527215000,-121.9157736000,19.3560
1787575634.653,2026-08-24 17:47:14,2021-06-19 10:10:00.200,37.3527217800,-121.9157732700,19.5820,555000.596000,37.3527214000,-121.9157736000,19.3590
1787575634.754,2026-08-24 17:47:14,2021-06-19 10:10:00.300,37.3527213800,-121.9157729000,19.6480,555000.691000,37.3527214000,-121.9157736000,19.3580
1787575634.855,2026-08-24 17:47:14,2021-06-19 10:10:00.400,37.3527214200,-121.9157729200,19.6650,555000.791000,37.3527214000,-121.9157736000,19.3650
1787575634.955,2026-08-24 17:47:14,2021-06-19 10:10:00.500,37.3527214000,-121.9157729400,19.7250,555000.891000,37.3527214000,-121.9157736000,19.3630
1787575635.056,2026-08-24 17:47:15,2021-06-19 10:10:00.600,37.3527216100,-121.9157729400,19.8490,555000.996000,37.3527214000,-121.9157736000,19.3710
1787575635.157,2026-08-24 17:47:15,2021-06-19 10:10:00.700,37.3527218200,-121.9157727400,19.9850,555001.096000,37.3527214000,-121.9157736000,19.3700
1787575635.258,2026-08-24 17:47:15,2021-06-19 10:10:00.800,37.3527217000,-121.9157725000,20.1080,555001.196000,37.3527214000,-121.9157736000,19.3710
1787575635.358,2026-08-24 17:47:15,2021-06-19 10:10:00.900,37.3527215400,-121.9157723900,20.2490,555001.296000,37.3527215000,-121.9157735000,19.3840
1787575635.458,2026-08-24 17:47:15,2021-06-19 10:10:01.000,37.3527219800,-121.9157722900,20.2950,555001.396000,37.3527215000,-121.9157735000,19.3830
1787575635.559,2026-08-24 17:47:15,2021-06-19 10:10:01.100,37.3527221800,-121.9157720500,20.5610,555001.496000,37.3527215000,-121.9157735000,19.3910
1787575635.659,2026-08-24 17:47:15,2021-06-19 10:10:01.200,37.3527219300,-121.9157720300,20.6820,555001.601000,37.3527215000,-121.9157735000,19.4170
1787575635.760,2026-08-24 17:47:15,2021-06-19 10:10:01.300,37.3527218100,-121.9157716500,20.9450,555001.696000,37.3527215000,-121.9157735000,19.4160
1787575635.861,2026-08-24 17:47:15,2021-06-19 10:10:01.400,37.3527218800,-121.9157715000,20.8890,555001.796000,37.3527215000,-121.9157734000,19.4260
1787575635.962,2026-08-24 17:47:15,2021-06-19 10:10:01.500,37.3527221200,-121.9157717800,20.7100,555001.896000,37.3527214000,-121.9157734000,19.4450
1787575636.062,2026-08-24 17:47:16,2021-06-19 10:10:01.600,37.3527221000,-121.9157722300,20.6210,555002.001000,37.3527214000,-121.9157734000,19.4790
1787575636.163,2026-08-24 17:47:16,2021-06-19 10:10:01.700,37.3527220700,-121.9157722800,20.4910,555002.106000,37.3527214000,-121.9157734000,19.4980
1787575636.264,2026-08-24 17:47:16,2021-06-19 10:10:01.800,37.3527219500,-121.9157721900,20.3580,555002.206000,37.3527214000,-121.9157734000,19.5000
1787575636.365,2026-08-24 17:47:16,2021-06-19 10:10:01.900,37.3527216300,-121.9157722900,20.2260,555002.306000,37.3527213000,-121.9157733000,19.5020
1787575636.466,2026-08-24 17:47:16,2021-06-19 10:10:02.000,37.3527219700,-121.9157727000,20.0770,555002.406000,37.3527213000,-121.9157733000,19.4970
1787575636.566,2026-08-24 17:47:16,2021-06-19 10:10:02.100,37.3527221000,-121.9157727200,19.9920,555002.506000,37.3527213000,-121.9157734000,19.5010
1787575636.666,2026-08-24 17:47:16,2021-06-19 10:10:02.200,37.3527220600,-121.9157728100,19.8420,555002.611000,37.3527213000,-121.9157733000,19.5070
1787575636.767,2026-08-24 17:47:16,2021-06-19 10:10:02.300,37.3527216300,-121.9157728600,19.7730,555002.706000,37.3527213000,-121.9157733000,19.5090
1787575636.868,2026-08-24 17:47:16,2021-06-19 10:10:02.400,37.3527215300,-121.9157729500,19.6780,555002.811000,37.3527212000,-121.9157733000,19.5100
1787575636.969,2026-08-24 17:47:16,2021-06-19 10:10:02.500,37.3527217300,-121.9157731600,19.5590,555002.906000,37.3527213000,-121.9157733000,19.5110
1787575637.069,2026-08-24 17:47:17,2021-06-19 10:10:02.600,37.3527217900,-121.9157731300,19.5110,555003.011000,37.3527213000,-121.9157733000,19.5070
1787575637.170,2026-08-24 17:47:17,2021-06-19 10:10:02.700,37.3527215700,-121.9157733000,19.4160,555003.106000,37.3527213000,-121.9157733000,19.5070
1787575637.270,2026-08-24 17:47:17,2021-06-19 10:10:02.800,37.3527214700,-121.9157731100,19.3510,555003.211000,37.3527213000,-121.9157733000,19.5120
1787575637.371,2026-08-24 17:47:17,2021-06-19 10:10:02.900,37.3527215600,-121.9157731000,19.3180,555003.311000,37.3527213000,-121.9157733000,19.5050
1787575637.471,2026-08-24 17:47:17,2021-06-19 10:10:03.000,37.3527217600,-121.9157733500,19.2310,555003.411000,37.3527214000,-121.9157733000,19.5010
1787575637.572,2026-08-24 17:47:17,2021-06-19 10:10:03.100,37.3527213300,-121.9157735500,19.2570,555003.511000,37.3527214000,-121.9157733000,19.4920
1787575637.673,2026-08-24 17:47:17,2021-06-19 10:10:03.200,37.3527213000,-121.9157735500,19.1960,555003.611000,37.3527213000,-121.9157733000,19.4920
1787575637.773,2026-08-24 17:47:17,2021-06-19 10:10:03.300,37.3527213100,-121.9157733000,19.1680,555003.711000,37.3527214000,-121.9157734000,19.4850
1787575637.874,2026-08-24 17:47:17,2021-06-19 10:10:03.400,37.3527213700,-121.9157734500,19.2110,555003.816000,37.3527214000,-121.9157733000,19.4840
1787575637.975,2026-08-24 17:47:17,2021-06-19 10:10:03.500,37.3527217100,-121.9157736400,19.1980,555003.916000,37.3527214000,-121.9157733000,19.4740
1787575638.076,2026-08-24 17:47:18,2021-06-19 10:10:03.600,37.3527214400,-121.9157733400,19.2320,555004.015000,37.3527215000,-121.9157733000,19.4840
1787575638.177,2026-08-24 17:47:18,2021-06-19 10:10:03.700,37.3527215500,-121.9157732700,19.2050,555004.115000,37.3527214000,-121.9157733000,19.4740
1787575638.277,2026-08-24 17:47:18,2021-06-19 10:10:03.800,37.3527211500,-121.9157731400,19.2720,555004.216000,37.3527214000,-121.9157733000,19.4710
1787575638.377,2026-08-24 17:47:18,2021-06-19 10:10:03.900,37.3527214000,-121.9157732700,19.3210,555004.320000,37.3527215000,-121.9157733000,19.4690
1787575638.477,2026-08-24 17:47:18,2021-06-19 10:10:04.000,37.3527216000,-121.9157732000,19.3230,555004.415000,37.3527214000,-121.9157733000,19.4710
1787575638.578,2026-08-24 17:47:18,2021-06-19 10:10:04.100,37.3527216000,-121.9157730300,19.4060,555004.515000,37.3527214000,-121.9157733000,19.4690
1787575638.679,2026-08-24 17:47:18,2021-06-19 10:10:04.200,37.3527213700,-121.9157731500,19.5590,555004.620000,37.3527214000,-121.9157732000,19.4740
1787575638.780,2026-08-24 17:47:18,2021-06-19 10:10:04.300,37.3527216600,-121.9157728300,19.6950,555004.720000,37.3527215000,-121.9157733000,19.4790
1787575638.881,2026-08-24 17:47:18,2021-06-19 10:10:04.400,37.3527216700,-121.9157727000,19.8390,555004.820000,37.3527214000,-121.9157732000,19.4780
1787575638.981,2026-08-24 17:47:18,2021-06-19 10:10:04.500,37.3527218300,-121.9157725500,19.9120,555004.920000,37.3527215000,-121.9157732000,19.4850
1787575639.082,2026-08-24 17:47:19,2021-06-19 10:10:04.600,37.3527218500,-121.9157724700,20.0830,555005.020000,37.3527215000,-121.9157732000,19.4860
1787575639.183,2026-08-24 17:47:19,2021-06-19 10:10:04.700,37.3527219300,-121.9157722700,20.1690,555005.125000,37.3527214000,-121.9157732000,19.4950
1787575639.284,2026-08-24 17:47:19,2021-06-19 10:10:04.800,37.3527219400,-121.9157719600,20.4180,555005.220000,37.3527215000,-121.9157732000,19.5040
1787575639.385,2026-08-24 17:47:19,2021-06-19 10:10:04.900,37.3527220100,-121.9157720000,20.5830,555005.320000,37.3527215000,-121.9157732000,19.5200
1787575639.486,2026-08-24 17:47:19,2021-06-19 10:10:05.000,37.3527223100,-121.9157719400,20.6970,555005.425000,37.3527214000,-121.9157732000,19.5370
1787575639.586,2026-08-24 17:47:19,2021-06-19 10:10:05.100,37.3527224800,-121.9157715400,20.9000,555005.525000,37.3527215000,-121.9157731000,19.5540
1787575639.687,2026-08-24 17:47:19,2021-06-19 10:10:05.200,37.3527224200,-121.9157718900,20.7230,555005.630000,37.3527215000,-121.9157731000,19.5730
1787575639.788,2026-08-24 17:47:19,2021-06-19 10:10:05.300,37.3527223100,-121.9157720200,20.6390,555005.730000,37.3527215000,-121.9157731000,19.5800
1787575639.889,2026-08-24 17:47:19,2021-06-19 10:10:05.400,37.3527220200,-121.9157721500,20.4380,555005.830000,37.3527215000,-121.9157731000,19.5850
1787575639.989,2026-08-24 17:47:19,2021-06-19 10:10:05.500,37.3527220000,-121.9157723500,20.2190,555005.930000,37.3527216000,-121.9157731000,19.5920
1787575640.090,2026-08-24 17:47:20,2021-06-19 10:10:05.600,37.3527220400,-121.9157724800,20.0680,555006.030000,37.3527215000,-121.9157731000,19.5980
1787575640.191,2026-08-24 17:47:20,2021-06-19 10:10:05.700,37.3527219000,-121.9157729000,19.9210,555006.130000,37.3527215000,-121.9157731000,19.6060
1787575640.291,2026-08-24 17:47:20,2021-06-19 10:10:05.800,37.3527216100,-121.9157730600,19.7520,555006.230000,37.3527215000,-121.9157730000,19.6110
1787575640.392,2026-08-24 17:47:20,2021-06-19 10:10:05.900,37.3527213600,-121.9157732600,19.5510,555006.330000,37.3527216000,-121.9157730000,19.6170
1787575640.493,2026-08-24 17:47:20,2021-06-19 10:10:06.000,37.3527213700,-121.9157734300,19.3420,555006.435000,37.3527215000,-121.9157730000,19.6090
1787575640.594,2026-08-24 17:47:20,2021-06-19 10:10:06.100,37.3527214500,-121.9157735900,19.2570,555006.535000,37.3527215000,-121.9157730000,19.6050
1787575640.695,2026-08-24 17:47:20,2021-06-19 10:10:06.200,37.3527216300,-121.9157740600,19.1050,555006.630000,37.3527216000,-121.9157729000,19.6020
1787575640.796,2026-08-24 17:47:20,2021-06-19 10:10:06.300,37.3527215300,-121.9157739600,18.9770,555006.735000,37.3527216000,-121.9157730000,19.5980
1787575640.897,2026-08-24 17:47:20,2021-06-19 10:10:06.400,37.3527214300,-121.9157741600,18.8210,555006.840000,37.3527216000,-121.9157730000,19.5830
1787575640.998,2026-08-24 17:47:20,2021-06-19 10:10:06.500,37.3527212500,-121.9157742700,18.6370,555006.935000,37.3527216000,-121.9157730000,19.5720
1787575641.098,2026-08-24 17:47:21,2021-06-19 10:10:06.600,37.3527212500,-121.9157743300,18.5220,555007.040000,37.3527216000,-121.9157730000,19.5650
1787575641.199,2026-08-24 17:47:21,2021-06-19 10:10:06.700,37.3527212400,-121.9157746400,18.4120,555007.135000,37.3527217000,-121.9157730000,19.5530
1787575641.300,2026-08-24 17:47:21,2021-06-19 10:10:06.800,37.3527209900,-121.9157747100,18.3030,555007.240000,37.3527216000,-121.9157730000,19.5380
1787575641.401,2026-08-24 17:47:21,2021-06-19 10:10:06.900,37.3527206700,-121.9157747200,18.1370,555007.340000,37.3527216000,-121.9157731000,19.5180
1787575641.501,2026-08-24 17:47:21,2021-06-19 10:10:07.000,37.3527205500,-121.9157748400,17.9120,555007.440000,37.3527215000,-121.9157731000,19.4990
1787575641.601,2026-08-24 17:47:21,2021-06-19 10:10:07.100,37.3527204300,-121.9157750600,17.8420,555007.540000,37.3527215000,-121.9157731000,19.4810
1787575641.701,2026-08-24 17:47:21,2021-06-19 10:10:07.200,37.3527202900,-121.9157754500,17.7220,555007.640000,37.3527214000,-121.9157732000,19.4630
1787575641.802,2026-08-24 17:47:21,2021-06-19 10:10:07.300,37.3527198900,-121.9157752300,17.5960,555007.745000,37.3527214000,-121.9157732000,19.4450
1787575641.903,2026-08-24 17:47:21,2021-06-19 10:10:07.400,37.3527199000,-121.9157754600,17.4050,555007.845000,37.3527214000,-121.9157732000,19.4150
1787575642.004,2026-08-24 17:47:22,2021-06-19 10:10:07.500,37.3527200700,-121.9157756600,17.2470,555007.940000,37.3527214000,-121.9157732000,19.3870
1787575642.105,2026-08-24 17:47:22,2021-06-19 10:10:07.600,37.3527201800,-121.9157758900,17.1870,555008.045000,37.3527214000,-121.9157733000,19.3610
1787575642.206,2026-08-24 17:47:22,2021-06-19 10:10:07.700,37.3527200100,-121.9157759200,17.0820,555008.146000,37.3527214000,-121.9157733000,19.3290
1787575642.307,2026-08-24 17:47:22,2021-06-19 10:10:07.800,37.3527197100,-121.9157757800,16.9920,555008.246000,37.3527214000,-121.9157733000,19.3030
1787575642.408,2026-08-24 17:47:22,2021-06-19 10:10:07.900,37.3527193500,-121.9157758100,16.8750,555008.346000,37.3527215000,-121.9157733000,19.2740
1787575642.509,2026-08-24 17:47:22,2021-06-19 10:10:08.000,37.3527198000,-121.9157760700,16.7620,555008.451000,37.3527215000,-121.9157733000,19.2480
1787575642.609,2026-08-24 17:47:22,2021-06-19 10:10:08.100,37.3527198300,-121.9157762300,16.7240,555008.552000,37.3527215000,-121.9157734000,19.2240
1787575642.710,2026-08-24 17:47:22,2021-06-19 10:10:08.200,37.3527196300,-121.9157764600,16.5980,555008.652000,37.3527215000,-121.9157734000,19.1930
1787575642.811,2026-08-24 17:47:22,2021-06-19 10:10:08.300,37.3527191700,-121.9157765400,16.5550,555008.752000,37.3527214000,-121.9157734000,19.1650
1787575642.911,2026-08-24 17:47:22,2021-06-19 10:10:08.400,37.3527191900,-121.9157766100,16.3700,555008.852000,37.3527214000,-121.9157733000,19.1380
1787575643.012,2026-08-24 17:47:23,2021-06-19 10:10:08.500,37.3527191600,-121.9157768100,16.2490,555008.957000,37.3527213000,-121.9157733000,19.1020
1787575643.113,2026-08-24 17:47:23,2021-06-19 10:10:08.600,37.3527189300,-121.9157770200,16.2000,555009.058000,37.3527213000,-121.9157734000,19.0710
1787575643.213,2026-08-24 17:47:23,2021-06-19 10:10:08.700,37.3527187200,-121.9157771400,16.1110,555009.158000,37.3527212000,-121.9157735000,19.0300
1787575643.314,2026-08-24 17:47:23,2021-06-19 10:10:08.800,37.3527187200,-121.9157770300,16.0610,555009.253000,37.3527212000,-121.9157735000,18.9900
1787575643.415,2026-08-24 17:47:23,2021-06-19 10:10:08.900,37.3527185200,-121.9157771400,15.9800,555009.358000,37.3527212000,-121.9157735000,18.9550
1787575643.515,2026-08-24 17:47:23,2021-06-19 10:10:09.000,37.3527186000,-121.9157774000,15.9120,555009.458000,37.3527211000,-121.9157736000,18.9140
1787575643.617,2026-08-24 17:47:23,2021-06-19 10:10:09.100,37.3527188600,-121.9157774900,15.8530,555009.559000,37.3527211000,-121.9157736000,18.8800
1787575643.719,2026-08-24 17:47:23,2021-06-19 10:10:09.300,37.3527186300,-121.9157772400,15.7350,555009.664000,37.3527211000,-121.9157736000,18.8430
1787575643.921,2026-08-24 17:47:23,2021-06-19 10:10:09.400,37.3527187600,-121.9157775400,15.7660,555009.864000,37.3527211000,-121.9157737000,18.7670
1787575644.023,2026-08-24 17:47:24,2021-06-19 10:10:09.600,37.3527189100,-121.9157772100,15.7210,555009.965000,37.3527212000,-121.9157737000,18.7390
1787575644.123,2026-08-24 17:47:24,2021-06-19 10:10:09.700,37.3527188700,-121.9157772300,15.7480,555010.065000,37.3527211000,-121.9157738000,18.6910
1787575644.223,2026-08-24 17:47:24,2021-06-19 10:10:09.800,37.3527183800,-121.9157771400,15.7780,555010.165000,37.3527211000,-121.9157739000,18.6550
1787575644.323,2026-08-24 17:47:24,2021-06-19 10:10:09.900,37.3527188000,-121.9157771800,15.8140,555010.265000,37.3527211000,-121.9157739000,18.6190
1787575644.433,2026-08-24 17:47:24,2021-06-19 10:10:10.000,37.3527189900,-121.9157772000,15.8040,555010.380000,37.3527211000,-121.9157739000,18.5820
1787575644.534,2026-08-24 17:47:24,2021-06-19 10:10:10.100,37.3527187700,-121.9157770200,15.9210,555010.481000,37.3527211000,-121.9157739000,18.5480
1787575644.637,2026-08-24 17:47:24,2021-06-19 10:10:10.200,37.3527186700,-121.9157768800,15.9840,555010.586000,37.3527210000,-121.9157740000,18.5180
1787575644.738,2026-08-24 17:47:24,2021-06-19 10:10:10.300,37.3527184400,-121.9157766000,16.0590,555010.686000,37.3527210000,-121.9157741000,18.4940
1787575644.839,2026-08-24 17:47:24,2021-06-19 10:10:10.400,37.3527187200,-121.9157767000,16.1380,555010.781000,37.3527209000,-121.9157741000,18.4640
1787575644.939,2026-08-24 17:47:24,2021-06-19 10:10:10.500,37.3527187000,-121.9157767600,16.1680,555010.881000,37.3527209000,-121.9157741000,18.4380
1787575645.040,2026-08-24 17:47:25,2021-06-19 10:10:10.600,37.3527185300,-121.9157766000,16.2820,555010.986000,37.3527209000,-121.9157742000,18.4020
1787575645.141,2026-08-24 17:47:25,2021-06-19 10:10:10.700,37.3527186200,-121.9157763600,16.3890,555011.087000,37.3527209000,-121.9157742000,18.3660
1787575645.241,2026-08-24 17:47:25,2021-06-19 10:10:10.800,37.3527183400,-121.9157762100,16.5570,555011.192000,37.3527209000,-121.9157743000,18.3420
1787575645.341,2026-08-24 17:47:25,2021-06-19 10:10:10.900,37.3527183000,-121.9157762800,16.7120,555011.287000,37.3527210000,-121.9157743000,18.3130
1787575645.442,2026-08-24 17:47:25,2021-06-19 10:10:11.000,37.3527186700,-121.9157760400,16.8450,555011.392000,37.3527209000,-121.9157743000,18.2950
1787575645.543,2026-08-24 17:47:25,2021-06-19 10:10:11.100,37.3527188100,-121.9157756700,17.0100,555011.492000,37.3527209000,-121.9157743000,18.2760
1787575645.643,2026-08-24 17:47:25,2021-06-19 10:10:11.200,37.3527185900,-121.9157755700,17.1620,555011.588000,37.3527209000,-121.9157743000,18.2590
1787575645.744,2026-08-24 17:47:25,2021-06-19 10:10:11.300,37.3527188100,-121.9157755700,17.3770,555011.693000,37.3527209000,-121.9157743000,18.2360
1787575645.844,2026-08-24 17:47:25,2021-06-19 10:10:11.400,37.3527190300,-121.9157754000,17.5480,555011.788000,37.3527208000,-121.9157743000,18.2200
1787575645.945,2026-08-24 17:47:25,2021-06-19 10:10:11.500,37.3527191900,-121.9157752300,17.7000,555011.893000,37.3527208000,-121.9157743000,18.2080
1787575646.045,2026-08-24 17:47:26,2021-06-19 10:10:11.600,37.3527189800,-121.9157751000,17.9090,555011.993000,37.3527208000,-121.9157744000,18.2020
1787575646.146,2026-08-24 17:47:26,2021-06-19 10:10:11.700,37.3527191100,-121.9157748900,18.1020,555012.094000,37.3527208000,-121.9157744000,18.1970
1787575646.246,2026-08-24 17:47:26,2021-06-19 10:10:11.800,37.3527193000,-121.9157750500,18.0550,555012.194000,37.3527207000,-121.9157744000,18.1820
1787575646.347,2026-08-24 17:47:26,2021-06-19 10:10:11.900,37.3527191400,-121.9157751000,18.0110,555012.299000,37.3527207000,-121.9157744000,18.1730
1787575646.448,2026-08-24 17:47:26,2021-06-19 10:10:12.000,37.3527191400,-121.9157752400,17.9280,555012.394000,37.3527206000,-121.9157744000,18.1680
1787575646.548,2026-08-24 17:47:26,2021-06-19 10:10:12.100,37.3527191200,-121.9157752800,17.8850,555012.499000,37.3527206000,-121.9157744000,18.1620
1787575646.649,2026-08-24 17:47:26,2021-06-19 10:10:12.200,37.3527195400,-121.9157752700,17.8770,555012.600000,37.3527205000,-121.9157744000,18.1510
1787575646.749,2026-08-24 17:47:26,2021-06-19 10:10:12.300,37.3527193700,-121.9157753500,17.8940,555012.700000,37.3527206000,-121.9157744000,18.1470
1787575646.850,2026-08-24 17:47:26,2021-06-19 10:10:12.400,37.3527192100,-121.9157754800,17.8540,555012.800000,37.3527206000,-121.9157744000,18.1350
1787575646.951,2026-08-24 17:47:26,2021-06-19 10:10:12.500,37.3527192400,-121.9157754300,17.8230,555012.900000,37.3527205000,-121.9157743000,18.1330
1787575647.052,2026-08-24 17:47:27,2021-06-19 10:10:12.600,37.3527194400,-121.9157753900,17.8140,555013.000000,37.3527205000,-121.9157744000,18.1250
1787575647.152,2026-08-24 17:47:27,2021-06-19 10:10:12.700,37.3527195600,-121.9157755200,17.8290,555013.100000,37.3527205000,-121.9157744000,18.1230
1787575647.253,2026-08-24 17:47:27,2021-06-19 10:10:12.800,37.3527194000,-121.9157757000,17.8120,555013.206000,37.3527205000,-121.9157744000,18.1150
1787575647.354,2026-08-24 17:47:27,2021-06-19 10:10:12.900,37.3527194600,-121.9157757400,17.7410,555013.306000,37.3527205000,-121.9157745000,18.0990
1787575647.454,2026-08-24 17:47:27,2021-06-19 10:10:13.000,37.3527197300,-121.9157757500,17.6180,555013.406000,37.3527205000,-121.9157746000,18.0910
1787575647.555,2026-08-24 17:47:27,2021-06-19 10:10:13.100,37.3527196900,-121.9157757800,17.6700,555013.501000,37.3527205000,-121.9157746000,18.0840
1787575647.656,2026-08-24 17:47:27,2021-06-19 10:10:13.200,37.3527201300,-121.9157758900,17.7280,555013.606000,37.3527205000,-121.9157745000,18.0740
1787575647.757,2026-08-24 17:47:27,2021-06-19 10:10:13.300,37.3527196400,-121.9157756600,17.7420,555013.707000,37.3527205000,-121.9157744000,18.0680
1787575647.857,2026-08-24 17:47:27,2021-06-19 10:10:13.400,37.3527196900,-121.9157757700,17.6970,555013.807000,37.3527205000,-121.9157744000,18.0600
1787575647.958,2026-08-24 17:47:27,2021-06-19 10:10:13.500,37.3527197900,-121.9157757900,17.7000,555013.907000,37.3527205000,-121.9157744000,18.0580
1787575648.059,2026-08-24 17:47:28,2021-06-19 10:10:13.600,37.3527199600,-121.9157757700,17.7690,555014.007000,37.3527206000,-121.9157745000,18.0590
1787575648.160,2026-08-24 17:47:28,2021-06-19 10:10:13.700,37.3527201300,-121.9157757200,17.7920,555014.112000,37.3527205000,-121.9157745000,18.0500
1787575648.261,2026-08-24 17:47:28,2021-06-19 10:10:13.800,37.3527199800,-121.9157757100,17.8010,555014.212000,37.3527206000,-121.9157746000,18.0490
1787575648.362,2026-08-24 17:47:28,2021-06-19 10:10:13.900,37.3527198400,-121.9157757100,17.8280,555014.318000,37.3527206000,-121.9157746000,18.0410
1787575648.462,2026-08-24 17:47:28,2021-06-19 10:10:14.000,37.3527202400,-121.9157757200,17.7690,555014.413000,37.3527206000,-121.9157746000,18.0320
1787575648.563,2026-08-24 17:47:28,2021-06-19 10:10:14.100,37.3527202200,-121.9157758100,17.8440,555014.518000,37.3527206000,-121.9157747000,18.0120
1787575648.663,2026-08-24 17:47:28,2021-06-19 10:10:14.200,37.3527206400,-121.9157757500,17.8690,555014.613000,37.3527206000,-121.9157747000,18.0010
1787575648.764,2026-08-24 17:47:28,2021-06-19 10:10:14.300,37.3527202900,-121.9157757700,17.8990,555014.718000,37.3527206000,-121.9157747000,17.9950
1787575648.865,2026-08-24 17:47:28,2021-06-19 10:10:14.400,37.3527203200,-121.9157756100,17.9230,555014.818000,37.3527206000,-121.9157747000,17.9850
1787575648.965,2026-08-24 17:47:28,2021-06-19 10:10:14.500,37.3527207600,-121.9157755500,17.9930,555014.919000,37.3527206000,-121.9157748000,17.9750
1787575649.066,2026-08-24 17:47:29,2021-06-19 10:10:14.600,37.3527208100,-121.9157756600,18.1450,555015.019000,37.3527205000,-121.9157748000,17.9680
1787575649.166,2026-08-24 17:47:29,2021-06-19 10:10:14.700,37.3527207000,-121.9157754000,18.2310,555015.119000,37.3527205000,-121.9157749000,17.9640
1787575649.267,2026-08-24 17:47:29,2021-06-19 10:10:14.800,37.3527206400,-121.9157750800,18.3240,555015.219000,37.3527205000,-121.9157749000,17.9530
1787575649.368,2026-08-24 17:47:29,2021-06-19 10:10:14.900,37.3527205800,-121.9157749800,18.4070,555015.324000,37.3527205000,-121.9157748000,17.9580
1787575649.468,2026-08-24 17:47:29,2021-06-19 10:10:15.000,37.3527208200,-121.9157750700,18.5020,555015.420000,37.3527205000,-121.9157748000,17.9500
1787575649.568,2026-08-24 17:47:29,2021-06-19 10:10:15.100,37.3527209000,-121.9157748800,18.6550,555015.525000,37.3527204000,-121.9157749000,17.9590
1787575649.669,2026-08-24 17:47:29,2021-06-19 10:10:15.200,37.3527208400,-121.9157746000,18.7780,555015.620000,37.3527204000,-121.9157749000,17.9550
1787575649.769,2026-08-24 17:47:29,2021-06-19 10:10:15.300,37.3527210000,-121.9157742900,18.9330,555015.725000,37.3527204000,-121.9157749000,17.9600
1787575649.869,2026-08-24 17:47:29,2021-06-19 10:10:15.400,37.3527209200,-121.9157744100,19.0600,555015.825000,37.3527204000,-121.9157749000,17.9660
1787575649.970,2026-08-24 17:47:29,2021-06-19 10:10:15.500,37.3527213400,-121.9157743500,19.1590,555015.925000,37.3527204000,-121.9157749000,17.9770
1787575650.071,2026-08-24 17:47:30,2021-06-19 10:10:15.600,37.3527214800,-121.9157741700,19.3190,555016.026000,37.3527204000,-121.9157749000,17.9800
1787575650.171,2026-08-24 17:47:30,2021-06-19 10:10:15.700,37.3527213000,-121.9157740200,19.4580,555016.126000,37.3527204000,-121.9157749000,17.9850
1787575650.272,2026-08-24 17:47:30,2021-06-19 10:10:15.800,37.3527211900,-121.9157737600,19.6840,555016.226000,37.3527204000,-121.9157749000,18.0020
1787575650.373,2026-08-24 17:47:30,2021-06-19 10:10:15.900,37.3527215300,-121.9157736600,19.8840,555016.326000,37.3527204000,-121.9157749000,18.0070
1787575650.473,2026-08-24 17:47:30,2021-06-19 10:10:16.000,37.3527220700,-121.9157734900,20.0190,555016.426000,37.3527205000,-121.9157749000,18.0280
1787575650.574,2026-08-24 17:47:30,2021-06-19 10:10:16.100,37.3527222500,-121.9157730700,20.2730,555016.531000,37.3527204000,-121.9157748000,18.0470
1787575650.675,2026-08-24 17:47:30,2021-06-19 10:10:16.200,37.3527222400,-121.9157727200,20.4650,555016.632000,37.3527204000,-121.9157748000,18.0700
1787575650.776,2026-08-24 17:47:30,2021-06-19 10:10:16.300,37.3527220900,-121.9157724300,20.6610,555016.732000,37.3527204000,-121.9157748000,18.0920
1787575650.877,2026-08-24 17:47:30,2021-06-19 10:10:16.400,37.3527221200,-121.9157721800,20.9090,555016.832000,37.3527204000,-121.9157747000,18.1230
1787575650.977,2026-08-24 17:47:30,2021-06-19 10:10:16.500,37.3527224100,-121.9157721400,21.0690,555016.932000,37.3527204000,-121.9157747000,18.1500
1787575651.078,2026-08-24 17:47:31,2021-06-19 10:10:16.600,37.3527221500,-121.9157719500,21.0350,555017.032000,37.3527204000,-121.9157747000,18.1710
1787575651.178,2026-08-24 17:47:31,2021-06-19 10:10:16.700,37.3527223400,-121.9157719200,20.9540,555017.137000,37.3527205000,-121.9157746000,18.1930
1787575651.278,2026-08-24 17:47:31,2021-06-19 10:10:16.800,37.3527218900,-121.9157718800,20.8710,555017.238000,37.3527205000,-121.9157746000,18.2160
1787575651.379,2026-08-24 17:47:31,2021-06-19 10:10:16.900,37.3527220700,-121.9157724000,20.7930,555017.338000,37.3527205000,-121.9157745000,18.2450
1787575651.481,2026-08-24 17:47:31,2021-06-19 10:10:17.000,37.3527222300,-121.9157723400,20.6830,555017.438000,37.3527205000,-121.9157745000,18.2740
1787575651.582,2026-08-24 17:47:31,2021-06-19 10:10:17.100,37.3527220200,-121.9157723500,20.6080,555017.543000,37.3527205000,-121.9157745000,18.2840
1787575651.683,2026-08-24 17:47:31,2021-06-19 10:10:17.200,37.3527217500,-121.9157725900,20.5380,555017.643000,37.3527205000,-121.9157745000,18.3130
1787575651.783,2026-08-24 17:47:31,2021-06-19 10:10:17.300,37.3527216100,-121.9157726800,20.4960,555017.738000,37.3527206000,-121.9157744000,18.3340
1787575651.884,2026-08-24 17:47:31,2021-06-19 10:10:17.400,37.3527215700,-121.9157728000,20.4460,555017.839000,37.3527207000,-121.9157745000,18.3510
1787575651.985,2026-08-24 17:47:31,2021-06-19 10:10:17.500,37.3527216600,-121.9157727100,20.2870,555017.944000,37.3527207000,-121.9157744000,18.3700
1787575652.086,2026-08-24 17:47:32,2021-06-19 10:10:17.600,37.3527214300,-121.9157728800,20.2550,555018.044000,37.3527207000,-121.9157744000,18.3830
1787575652.186,2026-08-24 17:47:32,2021-06-19 10:10:17.700,37.3527212700,-121.9157729100,20.1720,555018.144000,37.3527206000,-121.9157744000,18.4000
1787575652.286,2026-08-24 17:47:32,2021-06-19 10:10:17.800,37.3527212200,-121.9157730100,20.1340,555018.244000,37.3527207000,-121.9157744000,18.4130
1787575652.387,2026-08-24 17:47:32,2021-06-19 10:10:17.900,37.3527210700,-121.9157732100,20.0310,555018.344000,37.3527206000,-121.9157744000,18.4290
1787575652.488,2026-08-24 17:47:32,2021-06-19 10:10:18.000,37.3527209300,-121.9157735100,19.9420,555018.449000,37.3527206000,-121.9157744000,18.4310
1787575652.589,2026-08-24 17:47:32,2021-06-19 10:10:18.100,37.3527208200,-121.9157734400,19.8720,555018.550000,37.3527206000,-121.9157744000,18.4390
1787575652.689,2026-08-24 17:47:32,2021-06-19 10:10:18.200,37.3527209500,-121.9157733400,19.7680,555018.645000,37.3527206000,-121.9157744000,18.4590
1787575652.790,2026-08-24 17:47:32,2021-06-19 10:10:18.300,37.3527208400,-121.9157735300,19.7660,555018.750000,37.3527206000,-121.9157743000,18.4710
1787575652.891,2026-08-24 17:47:32,2021-06-19 10:10:18.400,37.3527205600,-121.9157736400,19.7240,555018.845000,37.3527206000,-121.9157743000,18.4710
1787575652.991,2026-08-24 17:47:32,2021-06-19 10:10:18.500,37.3527205700,-121.9157736100,19.5520,555018.950000,37.3527205000,-121.9157743000,18.4860
1787575653.092,2026-08-24 17:47:33,2021-06-19 10:10:18.600,37.3527204700,-121.9157737000,19.5320,555019.055000,37.3527205000,-121.9157742000,18.4940
1787575653.193,2026-08-24 17:47:33,2021-06-19 10:10:18.700,37.3527204700,-121.9157738300,19.5140,555019.151000,37.3527205000,-121.9157742000,18.5010
1787575653.294,2026-08-24 17:47:33,2021-06-19 10:10:18.800,37.3527204400,-121.9157739900,19.4890,555019.251000,37.3527205000,-121.9157742000,18.5100
1787575653.395,2026-08-24 17:47:33,2021-06-19 10:10:18.900,37.3527203500,-121.9157737800,19.4110,555019.356000,37.3527205000,-121.9157742000,18.5180
1787575653.496,2026-08-24 17:47:33,2021-06-19 10:10:19.000,37.3527203900,-121.9157739800,19.2790,555019.461000,37.3527205000,-121.9157743000,18.5210
1787575653.597,2026-08-24 17:47:33,2021-06-19 10:10:19.100,37.3527202500,-121.9157740300,19.2790,555019.561000,37.3527205000,-121.9157743000,18.5220
1787575653.698,2026-08-24 17:47:33,2021-06-19 10:10:19.200,37.3527204100,-121.9157741600,19.2700,555019.656000,37.3527205000,-121.9157744000,18.5280
1787575653.799,2026-08-24 17:47:33,2021-06-19 10:10:19.300,37.3527204200,-121.9157740600,19.2050,555019.756000,37.3527205000,-121.9157744000,18.5360
1787575653.900,2026-08-24 17:47:33,2021-06-19 10:10:19.400,37.3527204300,-121.9157740900,19.1170,555019.862000,37.3527205000,-121.9157744000,18.5430
1787575654.000,2026-08-24 17:47:34,2021-06-19 10:10:19.500,37.3527201700,-121.9157742400,19.0240,555019.957000,37.3527205000,-121.9157744000,18.5410
1787575654.102,2026-08-24 17:47:34,2021-06-19 10:10:19.600,37.3527202700,-121.9157742600,18.9950,555020.062000,37.3527205000,-121.9157744000,18.5420
1787575654.202,2026-08-24 17:47:34,2021-06-19 10:10:19.700,37.3527204900,-121.9157742700,18.9720,555020.162000,37.3527204000,-121.9157744000,18.5410
1787575654.303,2026-08-24 17:47:34,2021-06-19 10:10:19.800,37.3527203400,-121.9157743000,18.9310,555020.262000,37.3527204000,-121.9157744000,18.5370
1787575654.403,2026-08-24 17:47:34,2021-06-19 10:10:19.900,37.3527200800,-121.9157743300,18.8950,555020.367000,37.3527205000,-121.9157744000,18.5420
1787575654.504,2026-08-24 17:47:34,2021-06-19 10:10:20.000,37.3527202700,-121.9157745000,18.7360,555020.463000,37.3527205000,-121.9157744000,18.5460
1787575654.605,2026-08-24 17:47:34,2021-06-19 10:10:20.100,37.3527205100,-121.9157745700,18.7350,555020.563000,37.3527205000,-121.9157744000,18.5450
1787575654.705,2026-08-24 17:47:34,2021-06-19 10:10:20.200,37.3527203300,-121.9157746600,18.7220,555020.663000,37.3527205000,-121.9157745000,18.5450
1787575654.805,2026-08-24 17:47:34,2021-06-19 10:10:20.300,37.3527200000,-121.9157744900,18.6830,555020.768000,37.3527204000,-121.9157745000,18.5420
1787575654.906,2026-08-24 17:47:34,2021-06-19 10:10:20.400,37.3527200400,-121.9157743900,18.6300,555020.868000,37.3527205000,-121.9157745000,18.5470
1787575655.007,2026-08-24 17:47:35,2021-06-19 10:10:20.500,37.3527200200,-121.9157746000,18.5220,555020.968000,37.3527205000,-121.9157745000,18.5380
1787575655.108,2026-08-24 17:47:35,2021-06-19 10:10:20.600,37.3527201300,-121.9157749200,18.5090,555021.073000,37.3527204000,-121.9157746000,18.5360
1787575655.209,2026-08-24 17:47:35,2021-06-19 10:10:20.700,37.3527204000,-121.9157748000,18.4880,555021.174000,37.3527204000,-121.9157746000,18.5380
1787575655.310,2026-08-24 17:47:35,2021-06-19 10:10:20.800,37.3527202100,-121.9157746200,18.4260,555021.274000,37.3527204000,-121.9157745000,18.5250
1787575655.411,2026-08-24 17:47:35,2021-06-19 10:10:20.900,37.3527201400,-121.9157745700,18.3630,555021.379000,37.3527204000,-121.9157745000,18.5200
1787575655.512,2026-08-24 17:47:35,2021-06-19 10:10:21.000,37.3527202100,-121.9157747800,18.3250,555021.474000,37.3527204000,-121.9157745000,18.5150
1787575655.613,2026-08-24 17:47:35,2021-06-19 10:10:21.100,37.3527203300,-121.9157749300,18.3310,555021.574000,37.3527204000,-121.9157745000,18.5080
1787575655.714,2026-08-24 17:47:35,2021-06-19 10:10:21.200,37.3527204500,-121.9157747700,18.2760,555021.674000,37.3527203000,-121.9157745000,18.5020
1787575655.814,2026-08-24 17:47:35,2021-06-19 10:10:21.300,37.3527203800,-121.9157748400,18.2730,555021.774000,37.3527203000,-121.9157745000,18.4960
1787575655.915,2026-08-24 17:47:35,2021-06-19 10:10:21.400,37.3527200800,-121.9157750800,18.2530,555021.880000,37.3527202000,-121.9157745000,18.4960
1787575656.016,2026-08-24 17:47:36,2021-06-19 10:10:21.500,37.3527205100,-121.9157752400,18.1360,555021.980000,37.3527203000,-121.9157745000,18.4940
1787575656.116,2026-08-24 17:47:36,2021-06-19 10:10:21.600,37.3527204900,-121.9157753300,18.1320,555022.080000,37.3527203000,-121.9157745000,18.4930
1787575656.217,2026-08-24 17:47:36,2021-06-19 10:10:21.700,37.3527205300,-121.9157753400,18.1010,555022.180000,37.3527203000,-121.9157745000,18.4930
1787575656.317,2026-08-24 17:47:36,2021-06-19 10:10:21.800,37.3527204100,-121.9157753200,18.0870,555022.280000,37.3527203000,-121.9157745000,18.4880
1787575656.418,2026-08-24 17:47:36,2021-06-19 10:10:21.900,37.3527205200,-121.9157752300,18.0230,555022.385000,37.3527204000,-121.9157745000,18.4740
1787575656.518,2026-08-24 17:47:36,2021-06-19 10:10:22.000,37.3527207700,-121.9157754900,17.9850,555022.480000,37.3527204000,-121.9157745000,18.4630
1787575656.619,2026-08-24 17:47:36,2021-06-19 10:10:22.100,37.3527207000,-121.9157755400,18.0150,555022.581000,37.3527205000,-121.9157745000,18.4530
1787575656.720,2026-08-24 17:47:36,2021-06-19 10:10:22.200,37.3527203700,-121.9157753000,17.9930,555022.686000,37.3527205000,-121.9157744000,18.4520
1787575656.822,2026-08-24 17:47:36,2021-06-19 10:10:22.400,37.3527205300,-121.9157751500,17.9140,555022.791000,37.3527205000,-121.9157745000,18.4350
1787575656.923,2026-08-24 17:47:36,2021-06-19 10:10:22.500,37.3527208300,-121.9157755800,17.8590,555022.891000,37.3527205000,-121.9157745000,18.4400
1787575657.033,2026-08-24 17:47:37,2021-06-19 10:10:22.600,37.3527207900,-121.9157753600,17.8980,555022.986000,37.3527205000,-121.9157745000,18.4300
1787575657.135,2026-08-24 17:47:37,2021-06-19 10:10:22.700,37.3527208800,-121.9157751900,17.8670,555023.101000,37.3527204000,-121.9157745000,18.4100
1787575657.236,2026-08-24 17:47:37,2021-06-19 10:10:22.800,37.3527206900,-121.9157752500,17.8400,555023.206000,37.3527204000,-121.9157746000,18.4050
1787575657.338,2026-08-24 17:47:37,2021-06-19 10:10:22.900,37.3527207600,-121.9157754900,17.8420,555023.307000,37.3527204000,-121.9157746000,18.3920
1787575657.438,2026-08-24 17:47:37,2021-06-19 10:10:23.000,37.3527209300,-121.9157755100,17.7580,555023.402000,37.3527204000,-121.9157746000,18.3680
1787575657.538,2026-08-24 17:47:37,2021-06-19 10:10:23.100,37.3527208000,-121.9157753100,17.7310,555023.507000,37.3527204000,-121.9157746000,18.3580
1787575657.639,2026-08-24 17:47:37,2021-06-19 10:10:23.200,37.3527208400,-121.9157751600,17.7690,555023.607000,37.3527203000,-121.9157746000,18.3600
1787575657.739,2026-08-24 17:47:37,2021-06-19 10:10:23.300,37.3527207300,-121.9157750400,17.7380,555023.707000,37.3527203000,-121.9157746000,18.3500
1787575657.840,2026-08-24 17:47:37,2021-06-19 10:10:23.400,37.3527209000,-121.9157750800,17.7690,555023.807000,37.3527204000,-121.9157746000,18.3410
1787575657.941,2026-08-24 17:47:37,2021-06-19 10:10:23.500,37.3527209200,-121.9157752100,17.7000,555023.907000,37.3527205000,-121.9157746000,18.3430
1787575658.042,2026-08-24 17:47:38,2021-06-19 10:10:23.600,37.3527208900,-121.9157753100,17.7440,555024.008000,37.3527205000,-121.9157746000,18.3300
1787575658.144,2026-08-24 17:47:38,2021-06-19 10:10:23.700,37.3527208500,-121.9157752500,17.7300,555024.108000,37.3527205000,-121.9157746000,18.3160
1787575658.244,2026-08-24 17:47:38,2021-06-19 10:10:23.800,37.3527208600,-121.9157752400,17.6990,555024.208000,37.3527205000,-121.9157746000,18.3080
1787575658.345,2026-08-24 17:47:38,2021-06-19 10:10:23.900,37.3527211300,-121.9157752100,17.7280,555024.313000,37.3527204000,-121.9157746000,18.3000
1787575658.445,2026-08-24 17:47:38,2021-06-19 10:10:24.000,37.3527210200,-121.9157754200,17.6820,555024.413000,37.3527205000,-121.9157747000,18.2890
1787575658.546,2026-08-24 17:47:38,2021-06-19 10:10:24.100,37.3527209400,-121.9157753700,17.6470,555024.513000,37.3527205000,-121.9157747000,18.2790
1787575658.646,2026-08-24 17:47:38,2021-06-19 10:10:24.200,37.3527210200,-121.9157750800,17.6470,555024.613000,37.3527206000,-121.9157747000,18.2840
1787575658.747,2026-08-24 17:47:38,2021-06-19 10:10:24.300,37.3527206200,-121.9157751600,17.6790,555024.714000,37.3527206000,-121.9157747000,18.2750
1787575658.847,2026-08-24 17:47:38,2021-06-19 10:10:24.400,37.3527207200,-121.9157752100,17.6930,555024.819000,37.3527206000,-121.9157746000,18.2620
1787575658.948,2026-08-24 17:47:38,2021-06-19 10:10:24.500,37.3527209300,-121.9157751100,17.6410,555024.914000,37.3527206000,-121.9157746000,18.2520
1787575659.048,2026-08-24 17:47:39,2021-06-19 10:10:24.600,37.3527208700,-121.9157751000,17.6410,555025.014000,37.3527205000,-121.9157747000,18.2480
1787575659.149,2026-08-24 17:47:39,2021-06-19 10:10:24.700,37.3527207400,-121.9157749500,17.6750,555025.114000,37.3527205000,-121.9157748000,18.2420
1787575659.249,2026-08-24 17:47:39,2021-06-19 10:10:24.800,37.3527207800,-121.9157751900,17.7040,555025.219000,37.3527205000,-121.9157748000,18.2230
1787575659.350,2026-08-24 17:47:39,2021-06-19 10:10:24.900,37.3527205200,-121.9157750100,17.7010,555025.314000,37.3527205000,-121.9157747000,18.2240
1787575659.451,2026-08-24 17:47:39,2021-06-19 10:10:25.000,37.3527207300,-121.9157751600,17.6260,555025.414000,37.3527205000,-121.9157748000,18.2110
1787575659.552,2026-08-24 17:47:39,2021-06-19 10:10:25.100,37.3527205100,-121.9157750600,17.6860,555025.525000,37.3527205000,-121.9157747000,18.2030
1787575659.653,2026-08-24 17:47:39,2021-06-19 10:10:25.200,37.3527205400,-121.9157750400,17.6820,555025.620000,37.3527204000,-121.9157748000,18.1960
1787575659.753,2026-08-24 17:47:39,2021-06-19 10:10:25.300,37.3527206700,-121.9157749300,17.7070,555025.720000,37.3527205000,-121.9157748000,18.1880
1787575659.854,2026-08-24 17:47:39,2021-06-19 10:10:25.400,37.3527207100,-121.9157747800,17.7090,555025.825000,37.3527205000,-121.9157748000,18.1780
1787575659.954,2026-08-24 17:47:39,2021-06-19 10:10:25.500,37.3527205900,-121.9157751300,17.6780,555025.925000,37.3527205000,-121.9157748000,18.1610
1787575660.055,2026-08-24 17:47:40,2021-06-19 10:10:25.600,37.3527207400,-121.9157750300,17.7070,555026.025000,37.3527205000,-121.9157748000,18.1580
1787575660.155,2026-08-24 17:47:40,2021-06-19 10:10:25.700,37.3527208800,-121.9157750400,17.7510,555026.120000,37.3527206000,-121.9157748000,18.1500
1787575660.256,2026-08-24 17:47:40,2021-06-19 10:10:25.800,37.3527208100,-121.9157749900,17.8040,555026.225000,37.3527206000,-121.9157748000,18.1350
1787575660.357,2026-08-24 17:47:40,2021-06-19 10:10:25.900,37.3527206100,-121.9157749600,17.8010,555026.326000,37.3527206000,-121.9157748000,18.1320
1787575660.457,2026-08-24 17:47:40,2021-06-19 10:10:26.000,37.3527208200,-121.9157751400,17.7510,555026.426000,37.3527205000,-121.9157748000,18.1260
1787575660.558,2026-08-24 17:47:40,2021-06-19 10:10:26.100,37.3527208600,-121.9157751000,17.8290,555026.526000,37.3527205000,-121.9157748000,18.1140
1787575660.659,2026-08-24 17:47:40,2021-06-19 10:10:26.200,37.3527208800,-121.9157751600,17.8930,555026.626000,37.3527205000,-121.9157749000,18.1060
1787575660.760,2026-08-24 17:47:40,2021-06-19 10:10:26.300,37.3527207700,-121.9157750400,17.9000,555026.731000,37.3527205000,-121.9157748000,18.0950
1787575660.860,2026-08-24 17:47:40,2021-06-19 10:10:26.400,37.3527206600,-121.9157748500,17.9560,555026.826000,37.3527205000,-121.9157748000,18.0930
1787575660.960,2026-08-24 17:47:40,2021-06-19 10:10:26.500,37.3527206500,-121.9157748700,17.9080,555026.931000,37.3527205000,-121.9157748000,18.0840
1787575661.061,2026-08-24 17:47:41,2021-06-19 10:10:26.600,37.3527206000,-121.9157749000,17.9670,555027.031000,37.3527204000,-121.9157748000,18.0800
1787575661.162,2026-08-24 17:47:41,2021-06-19 10:10:26.700,37.3527208300,-121.9157748700,18.0400,555027.132000,37.3527204000,-121.9157748000,18.0780
1787575661.263,2026-08-24 17:47:41,2021-06-19 10:10:26.800,37.3527206000,-121.9157747000,18.0780,555027.237000,37.3527204000,-121.9157748000,18.0770
1787575661.363,2026-08-24 17:47:41,2021-06-19 10:10:26.900,37.3527208000,-121.9157746500,18.0980,555027.337000,37.3527204000,-121.9157749000,18.0720
1787575661.464,2026-08-24 17:47:41,2021-06-19 10:10:27.000,37.3527206400,-121.9157748500,18.0580,555027.437000,37.3527204000,-121.9157748000,18.0690
1787575661.565,2026-08-24 17:47:41,2021-06-19 10:10:27.100,37.3527210600,-121.9157748800,18.1410,555027.537000,37.3527204000,-121.9157749000,18.0640
1787575661.665,2026-08-24 17:47:41,2021-06-19 10:10:27.200,37.3527211300,-121.9157747700,18.1840,555027.637000,37.3527205000,-121.9157749000,18.0630
1787575661.767,2026-08-24 17:47:41,2021-06-19 10:10:27.300,37.3527208800,-121.9157747400,18.2610,555027.737000,37.3527205000,-121.9157749000,18.0570
1787575661.867,2026-08-24 17:47:41,2021-06-19 10:10:27.400,37.3527207700,-121.9157746400,18.3090,555027.842000,37.3527204000,-121.9157749000,18.0560
1787575661.968,2026-08-24 17:47:41,2021-06-19 10:10:27.500,37.3527210200,-121.9157747500,18.2430,555027.938000,37.3527205000,-121.9157749000,18.0540
1787575662.068,2026-08-24 17:47:42,2021-06-19 10:10:27.600,37.3527212600,-121.9157748600,18.3340,555028.043000,37.3527205000,-121.9157749000,18.0630
1787575662.169,2026-08-24 17:47:42,2021-06-19 10:10:27.700,37.3527213200,-121.9157748900,18.3530,555028.138000,37.3527205000,-121.9157750000,18.0580
1787575662.270,2026-08-24 17:47:42,2021-06-19 10:10:27.800,37.3527207900,-121.9157748500,18.3900,555028.238000,37.3527204000,-121.9157749000,18.0550
1787575662.370,2026-08-24 17:47:42,2021-06-19 10:10:27.900,37.3527208300,-121.9157747500,18.3900,555028.343000,37.3527204000,-121.9157750000,18.0570
1787575662.471,2026-08-24 17:47:42,2021-06-19 10:10:28.000,37.3527211200,-121.9157747800,18.4050,555028.443000,37.3527204000,-121.9157750000,18.0530
1787575662.571,2026-08-24 17:47:42,2021-06-19 10:10:28.100,37.3527211700,-121.9157749000,18.4930,555028.543000,37.3527204000,-121.9157749000,18.0530
1787575662.672,2026-08-24 17:47:42,2021-06-19 10:10:28.200,37.3527210200,-121.9157748100,18.5580,555028.643000,37.3527204000,-121.9157749000,18.0610
1787575662.773,2026-08-24 17:47:42,2021-06-19 10:10:28.300,37.3527207900,-121.9157745700,18.5700,555028.749000,37.3527204000,-121.9157749000,18.0660
1787575662.873,2026-08-24 17:47:42,2021-06-19 10:10:28.400,37.3527207700,-121.9157744700,18.5810,555028.849000,37.3527205000,-121.9157750000,18.0580
1787575662.974,2026-08-24 17:47:42,2021-06-19 10:10:28.500,37.3527210000,-121.9157749000,18.6210,555028.949000,37.3527204000,-121.9157750000,18.0540
1787575663.074,2026-08-24 17:47:43,2021-06-19 10:10:28.600,37.3527211600,-121.9157747800,18.7080,555029.049000,37.3527205000,-121.9157750000,18.0550
1787575663.175,2026-08-24 17:47:43,2021-06-19 10:10:28.700,37.3527211800,-121.9157744200,18.7150,555029.149000,37.3527205000,-121.9157750000,18.0480
1787575663.276,2026-08-24 17:47:43,2021-06-19 10:10:28.800,37.3527210800,-121.9157744300,18.7590,555029.249000,37.3527205000,-121.9157751000,18.0470
1787575663.377,2026-08-24 17:47:43,2021-06-19 10:10:28.900,37.3527208000,-121.9157741800,18.8460,555029.349000,37.3527204000,-121.9157750000,18.0470
1787575663.477,2026-08-24 17:47:43,2021-06-19 10:10:29.000,37.3527212100,-121.9157743600,18.8620,555029.454000,37.3527204000,-121.9157750000,18.0550
1787575663.578,2026-08-24 17:47:43,2021-06-19 10:10:29.100,37.3527211700,-121.9157741900,18.9280,555029.550000,37.3527204000,-121.9157750000,18.0610
1787575663.679,2026-08-24 17:47:43,2021-06-19 10:10:29.200,37.3527212200,-121.9157742300,18.9420,555029.655000,37.3527204000,-121.9157750000,18.0740
1787575663.780,2026-08-24 17:47:43,2021-06-19 10:10:29.300,37.3527207400,-121.9157741000,19.0570,555029.755000,37.3527203000,-121.9157749000,18.0800
1787575663.880,2026-08-24 17:47:43,2021-06-19 10:10:29.400,37.3527210400,-121.9157739900,19.1100,555029.855000,37.3527203000,-121.9157749000,18.0940
1787575663.981,2026-08-24 17:47:43,2021-06-19 10:10:29.500,37.3527214100,-121.9157741000,19.1250,555029.955000,37.3527203000,-121.9157749000,18.1010
1787575664.082,2026-08-24 17:47:44,2021-06-19 10:10:29.600,37.3527212000,-121.9157740200,19.2350,555030.055000,37.3527202000,-121.9157749000,18.1070
1787575664.183,2026-08-24 17:47:44,2021-06-19 10:10:29.700,37.3527211300,-121.9157740000,19.2870,555030.155000,37.3527203000,-121.9157749000,18.1150
1787575664.283,2026-08-24 17:47:44,2021-06-19 10:10:29.800,37.3527209600,-121.9157738300,19.3020,555030.255000,37.3527203000,-121.9157749000,18.1230
1787575664.384,2026-08-24 17:47:44,2021-06-19 10:10:29.900,37.3527210200,-121.9157737500,19.3920,555030.355000,37.3527203000,-121.9157748000,18.1410
1787575664.485,2026-08-24 17:47:44,2021-06-19 10:10:30.000,37.3527211900,-121.9157738900,19.4160,555030.456000,37.3527202000,-121.9157748000,18.1490
1787575664.585,2026-08-24 17:47:44,2021-06-19 10:10:30.100,37.3527212800,-121.9157735700,19.4990,555030.561000,37.3527203000,-121.9157748000,18.1670
1787575664.685,2026-08-24 17:47:44,2021-06-19 10:10:30.200,37.3527216500,-121.9157735300,19.5120,555030.661000,37.3527203000,-121.9157747000,18.1820
1787575664.787,2026-08-24 17:47:44,2021-06-19 10:10:30.300,37.3527214700,-121.9157733300,19.5780,555030.766000,37.3527203000,-121.9157747000,18.1940
1787575664.887,2026-08-24 17:47:44,2021-06-19 10:10:30.400,37.3527217000,-121.9157734100,19.7120,555030.861000,37.3527203000,-121.9157747000,18.2090
1787575664.988,2026-08-24 17:47:44,2021-06-19 10:10:30.500,37.3527216100,-121.9157734300,19.6910,555030.961000,37.3527203000,-121.9157747000,18.2150
1787575665.089,2026-08-24 17:47:45,2021-06-19 10:10:30.600,37.3527216200,-121.9157731100,19.7540,555031.061000,37.3527203000,-121.9157747000,18.2150
1787575665.190,2026-08-24 17:47:45,2021-06-19 10:10:30.700,37.3527217700,-121.9157729300,19.8260,555031.161000,37.3527203000,-121.9157747000,18.2330
1787575665.290,2026-08-24 17:47:45,2021-06-19 10:10:30.800,37.3527216000,-121.9157731400,19.8640,555031.261000,37.3527203000,-121.9157747000,18.2500
1787575665.391,2026-08-24 17:47:45,2021-06-19 10:10:30.900,37.3527218700,-121.9157730100,19.9770,555031.367000,37.3527203000,-121.9157746000,18.2700
1787575665.491,2026-08-24 17:47:45,2021-06-19 10:10:31.000,37.3527218800,-121.9157729400,20.0030,555031.467000,37.3527203000,-121.9157746000,18.2830
1787575665.592,2026-08-24 17:47:45,2021-06-19 10:10:31.100,37.3527219100,-121.9157728200,20.0770,555031.567000,37.3527203000,-121.9157746000,18.2920
1787575665.693,2026-08-24 17:47:45,2021-06-19 10:10:31.200,37.3527219300,-121.9157727400,20.1520,555031.667000,37.3527203000,-121.9157746000,18.3130
1787575665.793,2026-08-24 17:47:45,2021-06-19 10:10:31.300,37.3527219000,-121.9157726200,20.2300,555031.767000,37.3527203000,-121.9157745000,18.3320
1787575665.894,2026-08-24 17:47:45,2021-06-19 10:10:31.400,37.3527219400,-121.9157725400,20.3270,555031.872000,37.3527203000,-121.9157745000,18.3420
1787575665.995,2026-08-24 17:47:45,2021-06-19 10:10:31.500,37.3527222200,-121.9157726500,20.2760,555031.972000,37.3527204000,-121.9157745000,18.3570
1787575666.096,2026-08-24 17:47:46,2021-06-19 10:10:31.600,37.3527220900,-121.9157725200,20.3780,555032.072000,37.3527203000,-121.9157744000,18.3840
1787575666.197,2026-08-24 17:47:46,2021-06-19 10:10:31.700,37.3527222400,-121.9157724300,20.4230,555032.172000,37.3527203000,-121.9157743000,18.4090
1787575666.297,2026-08-24 17:47:46,2021-06-19 10:10:31.800,37.3527221700,-121.9157722700,20.5480,555032.273000,37.3527204000,-121.9157743000,18.4320
1787575666.397,2026-08-24 17:47:46,2021-06-19 10:10:31.900,37.3527223500,-121.9157720600,20.6370,555032.373000,37.3527204000,-121.9157743000,18.4640
1787575666.498,2026-08-24 17:47:46,2021-06-19 10:10:32.000,37.3527223100,-121.9157720000,20.6230,555032.473000,37.3527204000,-121.9157742000,18.4850
1787575666.599,2026-08-24 17:47:46,2021-06-19 10:10:32.100,37.3527223000,-121.9157718700,20.7110,555032.578000,37.3527204000,-121.9157743000,18.5020
1787575666.700,2026-08-24 17:47:46,2021-06-19 10:10:32.200,37.3527224000,-121.9157718200,20.8070,555032.673000,37.3527204000,-121.9157743000,18.5190
1787575666.800,2026-08-24 17:47:46,2021-06-19 10:10:32.300,37.3527226200,-121.9157719800,20.9010,555032.773000,37.3527204000,-121.9157742000,18.5530
1787575666.900,2026-08-24 17:47:46,2021-06-19 10:10:32.400,37.3527222400,-121.9157716600,20.9780,555032.873000,37.3527205000,-121.9157742000,18.5750
1787575667.001,2026-08-24 17:47:47,2021-06-19 10:10:32.500,37.3527224800,-121.9157715700,20.9840,555032.978000,37.3527205000,-121.9157741000,18.6050
1787575667.101,2026-08-24 17:47:47,2021-06-19 10:10:32.700,37.3527226700,-121.9157714900,21.1890,555033.078000,37.3527205000,-121.9157740000,18.6360
1787575667.302,2026-08-24 17:47:47,2021-06-19 10:10:32.800,37.3527226800,-121.9157713800,21.2740,555033.284000,37.3527205000,-121.9157739000,18.6850
1787575667.403,2026-08-24 17:47:47,2021-06-19 10:10:32.900,37.3527227200,-121.9157711300,21.3550,555033.384000,37.3527205000,-121.9157739000,18.7110
1787575667.504,2026-08-24 17:47:47,2021-06-19 10:10:33.000,37.3527225300,-121.9157711700,21.3960,555033.484000,37.3527205000,-121.9157740000,18.7350
1787575667.604,2026-08-24 17:47:47,2021-06-19 10:10:33.100,37.3527226800,-121.9157708900,21.5310,555033.579000,37.3527206000,-121.9157740000,18.7670
1787575667.705,2026-08-24 17:47:47,2021-06-19 10:10:33.200,37.3527228400,-121.9157707800,21.6250,555033.684000,37.3527206000,-121.9157740000,18.7970
1787575667.805,2026-08-24 17:47:47,2021-06-19 10:10:33.300,37.3527226800,-121.9157707000,21.7080,555033.779000,37.3527206000,-121.9157739000,18.8270
1787575667.905,2026-08-24 17:47:47,2021-06-19 10:10:33.400,37.3527225000,-121.9157704400,21.8430,555033.884000,37.3527207000,-121.9157738000,18.8710
1787575668.005,2026-08-24 17:47:48,2021-06-19 10:10:33.500,37.3527226100,-121.9157704500,21.8340,555033.984000,37.3527207000,-121.9157738000,18.9090
1787575668.106,2026-08-24 17:47:48,2021-06-19 10:10:33.600,37.3527227900,-121.9157702900,21.9640,555034.084000,37.3527207000,-121.9157737000,18.9420
1787575668.207,2026-08-24 17:47:48,2021-06-19 10:10:33.700,37.3527229900,-121.9157703500,22.1160,555034.185000,37.3527207000,-121.9157737000,18.9740
1787575668.307,2026-08-24 17:47:48,2021-06-19 10:10:33.800,37.3527227200,-121.9157702800,22.2230,555034.290000,37.3527207000,-121.9157736000,19.0060
1787575668.409,2026-08-24 17:47:48,2021-06-19 10:10:33.900,37.3527228100,-121.9157700600,22.3180,555034.385000,37.3527207000,-121.9157736000,19.0490
1787575668.510,2026-08-24 17:47:48,2021-06-19 10:10:34.000,37.3527229300,-121.9157700200,22.3230,555034.490000,37.3527207000,-121.9157736000,19.0810
1787575668.611,2026-08-24 17:47:48,2021-06-19 10:10:34.200,37.3527232900,-121.9157698400,22.6670,555034.590000,37.3527207000,-121.9157735000,19.1170
1787575668.812,2026-08-24 17:47:48,2021-06-19 10:10:34.300,37.3527230400,-121.9157696200,22.7540,555034.790000,37.3527208000,-121.9157734000,19.1980
1787575668.912,2026-08-24 17:47:48,2021-06-19 10:10:34.400,37.3527232400,-121.9157694100,22.8550,555034.895000,37.3527208000,-121.9157733000,19.2420
1787575669.013,2026-08-24 17:47:49,2021-06-19 10:10:34.500,37.3527233600,-121.9157694300,22.9200,555034.995000,37.3527209000,-121.9157733000,19.2840
1787575669.113,2026-08-24 17:47:49,2021-06-19 10:10:34.600,37.3527236900,-121.9157696200,23.0850,555035.091000,37.3527208000,-121.9157732000,19.3310
1787575669.214,2026-08-24 17:47:49,2021-06-19 10:10:34.700,37.3527237800,-121.9157694100,23.1820,555035.196000,37.3527209000,-121.9157732000,19.3780
1787575669.315,2026-08-24 17:47:49,2021-06-19 10:10:34.800,37.3527236700,-121.9157690200,23.3300,555035.296000,37.3527209000,-121.9157731000,19.4280
1787575669.416,2026-08-24 17:47:49,2021-06-19 10:10:34.900,37.3527235200,-121.9157690200,23.4080,555035.396000,37.3527209000,-121.9157730000,19.4800
1787575669.516,2026-08-24 17:47:49,2021-06-19 10:10:35.000,37.3527238500,-121.9157691000,23.4660,555035.496000,37.3527209000,-121.9157729000,19.5270
1787575669.617,2026-08-24 17:47:49,2021-06-19 10:10:35.100,37.3527239400,-121.9157689200,23.6410,555035.596000,37.3527209000,-121.9157728000,19.5790
1787575669.718,2026-08-24 17:47:49,2021-06-19 10:10:35.200,37.3527240200,-121.9157687800,23.7740,555035.701000,37.3527210000,-121.9157728000,19.6280
1787575669.818,2026-08-24 17:47:49,2021-06-19 10:10:35.300,37.3527237000,-121.9157688000,23.8970,555035.796000,37.3527210000,-121.9157728000,19.6780
1787575669.919,2026-08-24 17:47:49,2021-06-19 10:10:35.400,37.3527236500,-121.9157686000,23.9290,555035.901000,37.3527210000,-121.9157727000,19.7290
1787575670.020,2026-08-24 17:47:50,2021-06-19 10:10:35.500,37.3527241000,-121.9157685900,24.0080,555035.996000,37.3527210000,-121.9157727000,19.7720
1787575670.120,2026-08-24 17:47:50,2021-06-19 10:10:35.600,37.3527240800,-121.9157685500,24.1640,555036.102000,37.3527210000,-121.9157726000,19.8230
1787575670.220,2026-08-24 17:47:50,2021-06-19 10:10:35.700,37.3527240000,-121.9157684400,24.2630,555036.197000,37.3527211000,-121.9157725000,19.8740
1787575670.322,2026-08-24 17:47:50,2021-06-19 10:10:35.900,37.3527240300,-121.9157681100,24.3970,555036.302000,37.3527211000,-121.9157725000,19.9260
1787575670.422,2026-08-24 17:47:50,2021-06-19 10:10:36.000,37.3527244600,-121.9157684100,24.4340,555036.407000,37.3527211000,-121.9157724000,19.9800
1787575670.532,2026-08-24 17:47:50,2021-06-19 10:10:36.100,37.3527245300,-121.9157682000,24.5580,555036.502000,37.3527211000,-121.9157724000,20.0240
1787575670.638,2026-08-24 17:47:50,2021-06-19 10:10:36.200,37.3527243000,-121.9157681500,24.5720,555036.622000,37.3527211000,-121.9157723000,20.0800
1787575670.739,2026-08-24 17:47:50,2021-06-19 10:10:36.300,37.3527242700,-121.9157679000,24.6090,555036.717000,37.3527211000,-121.9157723000,20.1280
1787575670.839,2026-08-24 17:47:50,2021-06-19 10:10:36.400,37.3527241000,-121.9157679500,24.6550,555036.822000,37.3527212000,-121.9157722000,20.1830
1787575670.940,2026-08-24 17:47:50,2021-06-19 10:10:36.500,37.3527244500,-121.9157682300,24.6820,555036.922000,37.3527213000,-121.9157721000,20.2410
1787575671.040,2026-08-24 17:47:51,2021-06-19 10:10:36.600,37.3527245000,-121.9157678500,24.7740,555037.022000,37.3527213000,-121.9157720000,20.3000
1787575671.141,2026-08-24 17:47:51,2021-06-19 10:10:36.700,37.3527242600,-121.9157678900,24.7690,555037.123000,37.3527213000,-121.9157720000,20.3560
1787575671.241,2026-08-24 17:47:51,2021-06-19 10:10:36.800,37.3527238600,-121.9157678900,24.8420,555037.223000,37.3527213000,-121.9157719000,20.4150
1787575671.341,2026-08-24 17:47:51,2021-06-19 10:10:36.900,37.3527240200,-121.9157679900,24.8620,555037.323000,37.3527213000,-121.9157718000,20.4620
1787575671.442,2026-08-24 17:47:51,2021-06-19 10:10:37.000,37.3527239800,-121.9157681900,24.8060,555037.428000,37.3527214000,-121.9157718000,20.5060
1787575671.543,2026-08-24 17:47:51,2021-06-19 10:10:37.100,37.3527239700,-121.9157679900,24.8660,555037.528000,37.3527214000,-121.9157717000,20.5700
1787575671.644,2026-08-24 17:47:51,2021-06-19 10:10:37.200,37.3527236600,-121.9157681200,24.8620,555037.628000,37.3527214000,-121.9157716000,20.6350
1787575671.744,2026-08-24 17:47:51,2021-06-19 10:10:37.300,37.3527235600,-121.9157681200,24.8170,555037.728000,37.3527213000,-121.9157716000,20.6910
1787575671.845,2026-08-24 17:47:51,2021-06-19 10:10:37.400,37.3527238700,-121.9157682700,24.7680,555037.828000,37.3527213000,-121.9157715000,20.7430
1787575671.947,2026-08-24 17:47:51,2021-06-19 10:10:37.500,37.3527239700,-121.9157686800,24.6060,555037.928000,37.3527213000,-121.9157715000,20.7910
1787575672.047,2026-08-24 17:47:52,2021-06-19 10:10:37.600,37.3527238500,-121.9157686000,24.5780,555038.028000,37.3527213000,-121.9157713000,20.8450
1787575672.148,2026-08-24 17:47:52,2021-06-19 10:10:37.700,37.3527236900,-121.9157686600,24.4540,555038.128000,37.3527213000,-121.9157713000,20.8910
1787575672.249,2026-08-24 17:47:52,2021-06-19 10:10:37.800,37.3527234100,-121.9157686800,24.3670,555038.234000,37.3527215000,-121.9157713000,20.9330
1787575672.349,2026-08-24 17:47:52,2021-06-19 10:10:37.900,37.3527234900,-121.9157690100,24.2640,555038.329000,37.3527214000,-121.9157713000,20.9710
1787575672.450,2026-08-24 17:47:52,2021-06-19 10:10:38.000,37.3527231700,-121.9157693800,24.0510,555038.434000,37.3527215000,-121.9157712000,21.0150
1787575672.551,2026-08-24 17:47:52,2021-06-19 10:10:38.100,37.3527231000,-121.9157691500,23.9540,555038.534000,37.3527215000,-121.9157711000,21.0530
1787575672.651,2026-08-24 17:47:52,2021-06-19 10:10:38.200,37.3527229200,-121.9157692800,23.7500,555038.639000,37.3527216000,-121.9157711000,21.0900
1787575672.752,2026-08-24 17:47:52,2021-06-19 10:10:38.300,37.3527226200,-121.9157695100,23.6110,555038.734000,37.3527216000,-121.9157710000,21.1200
1787575672.853,2026-08-24 17:47:52,2021-06-19 10:10:38.400,37.3527225900,-121.9157698600,23.4020,555038.839000,37.3527216000,-121.9157709000,21.1590
1787575672.953,2026-08-24 17:47:52,2021-06-19 10:10:38.500,37.3527226100,-121.9157700600,23.1230,555038.939000,37.3527216000,-121.9157709000,21.1890
1787575673.054,2026-08-24 17:47:53,2021-06-19 10:10:38.600,37.3527223300,-121.9157700900,22.9700,555039.034000,37.3527216000,-121.9157709000,21.2110
1787575673.154,2026-08-24 17:47:53,2021-06-19 10:10:38.700,37.3527221400,-121.9157705700,22.7860,555039.139000,37.3527216000,-121.9157709000,21.2390
1787575673.255,2026-08-24 17:47:53,2021-06-19 10:10:38.800,37.3527220600,-121.9157708000,22.5700,555039.235000,37.3527215000,-121.9157709000,21.2510
1787575673.356,2026-08-24 17:47:53,2021-06-19 10:10:38.900,37.3527217900,-121.9157709800,22.3510,555039.340000,37.3527215000,-121.9157710000,21.2690
1787575673.456,2026-08-24 17:47:53,2021-06-19 10:10:39.000,37.3527217000,-121.9157713300,22.0000,555039.440000,37.3527215000,-121.9157709000,21.2850
1787575673.556,2026-08-24 17:47:53,2021-06-19 10:10:39.100,37.3527213800,-121.9157714100,21.7870,555039.535000,37.3527215000,-121.9157709000,21.3040
1787575673.657,2026-08-24 17:47:53,2021-06-19 10:10:39.200,37.3527213000,-121.9157718400,21.4560,555039.640000,37.3527215000,-121.9157709000,21.3210
1787575673.758,2026-08-24 17:47:53,2021-06-19 10:10:39.300,37.3527211900,-121.9157721300,21.1760,555039.740000,37.3527216000,-121.9157709000,21.3280
1787575673.859,2026-08-24 17:47:53,2021-06-19 10:10:39.400,37.3527210000,-121.9157722700,21.0940,555039.840000,37.3527215000,-121.9157709000,21.3230
1787575673.960,2026-08-24 17:47:53,2021-06-19 10:10:39.500,37.3527209800,-121.9157724100,21.0370,555039.940000,37.3527215000,-121.9157708000,21.3390
1787575674.061,2026-08-24 17:47:54,2021-06-19 10:10:39.600,37.3527209100,-121.9157721400,21.0360,555040.045000,37.3527215000,-121.9157709000,21.3280
1787575674.162,2026-08-24 17:47:54,2021-06-19 10:10:39.700,37.3527210500,-121.9157721800,21.0320,555040.145000,37.3527215000,-121.9157709000,21.3300
1787575674.263,2026-08-24 17:47:54,2021-06-19 10:10:39.800,37.3527208700,-121.9157722700,21.0690,555040.250000,37.3527214000,-121.9157709000,21.3330
1787575674.363,2026-08-24 17:47:54,2021-06-19 10:10:39.900,37.3527206100,-121.9157723000,21.0030,555040.351000,37.3527214000,-121.9157709000,21.3500
1787575674.464,2026-08-24 17:47:54,2021-06-19 10:10:40.000,37.3527208200,-121.9157727100,20.8500,555040.451000,37.3527213000,-121.9157709000,21.3430
1787575674.564,2026-08-24 17:47:54,2021-06-19 10:10:40.100,37.3527205600,-121.9157724800,20.8470,555040.551000,37.3527212000,-121.9157709000,21.3380
1787575674.665,2026-08-24 17:47:54,2021-06-19 10:10:40.200,37.3527205700,-121.9157727200,20.8360,555040.651000,37.3527213000,-121.9157709000,21.3440
1787575674.765,2026-08-24 17:47:54,2021-06-19 10:10:40.300,37.3527206300,-121.9157724600,20.8040,555040.746000,37.3527213000,-121.9157709000,21.3480
1787575674.866,2026-08-24 17:47:54,2021-06-19 10:10:40.400,37.3527205800,-121.9157723000,20.6970,555040.851000,37.3527213000,-121.9157709000,21.3500
1787575674.966,2026-08-24 17:47:54,2021-06-19 10:10:40.500,37.3527207300,-121.9157722800,20.5680,555040.951000,37.3527213000,-121.9157709000,21.3510
1787575675.066,2026-08-24 17:47:55,2021-06-19 10:10:40.600,37.3527210300,-121.9157720800,20.5720,555041.051000,37.3527212000,-121.9157709000,21.3440
1787575675.167,2026-08-24 17:47:55,2021-06-19 10:10:40.700,37.3527211900,-121.9157722000,20.4900,555041.156000,37.3527212000,-121.9157709000,21.3420
1787575675.268,2026-08-24 17:47:55,2021-06-19 10:10:40.800,37.3527209300,-121.9157718900,20.4010,555041.256000,37.3527212000,-121.9157709000,21.3450
1787575675.369,2026-08-24 17:47:55,2021-06-19 10:10:40.900,37.3527208400,-121.9157720600,20.2430,555041.356000,37.3527212000,-121.9157709000,21.3410
1787575675.469,2026-08-24 17:47:55,2021-06-19 10:10:41.000,37.3527207700,-121.9157724000,20.0850,555041.451000,37.3527212000,-121.9157709000,21.3270
1787575675.569,2026-08-24 17:47:55,2021-06-19 10:10:41.100,37.3527210400,-121.9157724500,20.0150,555041.557000,37.3527212000,-121.9157709000,21.3130
1787575675.669,2026-08-24 17:47:55,2021-06-19 10:10:41.200,37.3527210800,-121.9157726700,19.9150,555041.652000,37.3527213000,-121.9157709000,21.3080
1787575675.770,2026-08-24 17:47:55,2021-06-19 10:10:41.300,37.3527210200,-121.9157726300,19.7790,555041.757000,37.3527213000,-121.9157710000,21.3000
1787575675.871,2026-08-24 17:47:55,2021-06-19 10:10:41.400,37.3527209400,-121.9157727900,19.6840,555041.857000,37.3527213000,-121.9157710000,21.2840
1787575675.972,2026-08-24 17:47:55,2021-06-19 10:10:41.500,37.3527211600,-121.9157729000,19.4500,555041.957000,37.3527213000,-121.9157709000,21.2700
1787575676.073,2026-08-24 17:47:56,2021-06-19 10:10:41.600,37.3527213200,-121.9157730600,19.4160,555042.062000,37.3527213000,-121.9157709000,21.2550
1787575676.173,2026-08-24 17:47:56,2021-06-19 10:10:41.700,37.3527214100,-121.9157734200,19.2520,555042.162000,37.3527213000,-121.9157709000,21.2350
1787575676.273,2026-08-24 17:47:56,2021-06-19 10:10:41.800,37.3527208000,-121.9157733600,19.0920,555042.262000,37.3527213000,-121.9157710000,21.2160
1787575676.374,2026-08-24 17:47:56,2021-06-19 10:10:41.900,37.3527209300,-121.9157735800,18.8570,555042.357000,37.3527213000,-121.9157710000,21.1990
1787575676.475,2026-08-24 17:47:56,2021-06-19 10:10:42.000,37.3527208700,-121.9157738100,18.6090,555042.462000,37.3527214000,-121.9157709000,21.1780
1787575676.575,2026-08-24 17:47:56,2021-06-19 10:10:42.100,37.3527209100,-121.9157743500,18.4500,555042.557000,37.3527214000,-121.9157710000,21.1570
1787575676.676,2026-08-24 17:47:56,2021-06-19 10:10:42.200,37.3527207400,-121.9157745300,18.2440,555042.663000,37.3527215000,-121.9157710000,21.1330
1787575676.777,2026-08-24 17:47:56,2021-06-19 10:10:42.300,37.3527205600,-121.9157746000,18.0210,555042.763000,37.3527214000,-121.9157709000,21.1040
1787575676.878,2026-08-24 17:47:56,2021-06-19 10:10:42.400,37.3527204800,-121.9157746200,17.9140,555042.863000,37.3527215000,-121.9157709000,21.0770
1787575676.978,2026-08-24 17:47:56,2021-06-19 10:10:42.500,37.3527206400,-121.9157747300,18.0840,555042.968000,37.3527215000,-121.9157710000,21.0540
1787575677.079,2026-08-24 17:47:57,2021-06-19 10:10:42.600,37.3527208400,-121.9157745500,18.2870,555043.068000,37.3527215000,-121.9157710000,21.0310
1787575677.180,2026-08-24 17:47:57,2021-06-19 10:10:42.700,37.3527209800,-121.9157744200,18.4390,555043.168000,37.3527215000,-121.9157711000,21.0110
1787575677.280,2026-08-24 17:47:57,2021-06-19 10:10:42.800,37.3527208500,-121.9157740800,18.6330,555043.263000,37.3527214000,-121.9157711000,20.9950
1787575677.381,2026-08-24 17:47:57,2021-06-19 10:10:42.900,37.3527208400,-121.9157739700,18.7990,555043.368000,37.3527214000,-121.9157711000,20.9870
1787575677.482,2026-08-24 17:47:57,2021-06-19 10:10:43.000,37.3527214300,-121.9157738000,19.0080,555043.468000,37.3527215000,-121.9157711000,20.9750
1787575677.583,2026-08-24 17:47:57,2021-06-19 10:10:43.100,37.3527217200,-121.9157736000,19.2380,555043.568000,37.3527214000,-121.9157711000,20.9570
1787575677.683,2026-08-24 17:47:57,2021-06-19 10:10:43.200,37.3527216600,-121.9157733600,19.4380,555043.673000,37.3527214000,-121.9157711000,20.9330
1787575677.784,2026-08-24 17:47:57,2021-06-19 10:10:43.300,37.3527215900,-121.9157729200,19.7350,555043.768000,37.3527214000,-121.9157711000,20.9250
1787575677.884,2026-08-24 17:47:57,2021-06-19 10:10:43.400,37.3527216900,-121.9157728000,19.8930,555043.869000,37.3527214000,-121.9157711000,20.9250
1787575677.985,2026-08-24 17:47:57,2021-06-19 10:10:43.500,37.3527222500,-121.9157727000,20.0630,555043.969000,37.3527215000,-121.9157711000,20.9220
1787575678.085,2026-08-24 17:47:58,2021-06-19 10:10:43.600,37.3527221000,-121.9157725500,20.3120,555044.069000,37.3527215000,-121.9157711000,20.9140
1787575678.187,2026-08-24 17:47:58,2021-06-19 10:10:43.700,37.3527220900,-121.9157722500,20.5250,555044.174000,37.3527216000,-121.9157711000,20.9210
1787575678.287,2026-08-24 17:47:58,2021-06-19 10:10:43.800,37.3527221700,-121.9157718000,20.7360,555044.274000,37.3527216000,-121.9157711000,20.9300
1787575678.387,2026-08-24 17:47:58,2021-06-19 10:10:43.900,37.3527222600,-121.9157715500,20.9480,555044.374000,37.3527216000,-121.9157711000,20.9420
1787575678.488,2026-08-24 17:47:58,2021-06-19 10:10:44.000,37.3527226000,-121.9157715300,21.1570,555044.474000,37.3527217000,-121.9157710000,20.9520
1787575678.589,2026-08-24 17:47:58,2021-06-19 10:10:44.100,37.3527226800,-121.9157712100,21.3930,555044.579000,37.3527217000,-121.9157710000,20.9620
1787575678.690,2026-08-24 17:47:58,2021-06-19 10:10:44.200,37.3527228500,-121.9157709200,21.5490,555044.679000,37.3527217000,-121.9157710000,20.9750
1787575678.791,2026-08-24 17:47:58,2021-06-19 10:10:44.300,37.3527226600,-121.9157704800,21.7600,555044.779000,37.3527217000,-121.9157709000,20.9840
1787575678.891,2026-08-24 17:47:58,2021-06-19 10:10:44.400,37.3527226100,-121.9157706700,21.9870,555044.879000,37.3527217000,-121.9157709000,20.9900
1787575678.992,2026-08-24 17:47:58,2021-06-19 10:10:44.500,37.3527229300,-121.9157703200,22.1530,555044.984000,37.3527217000,-121.9157709000,21.0080
1787575679.093,2026-08-24 17:47:59,2021-06-19 10:10:44.600,37.3527230400,-121.9157698700,22.3630,555045.079000,37.3527218000,-121.9157709000,21.0300
1787575679.193,2026-08-24 17:47:59,2021-06-19 10:10:44.700,37.3527228700,-121.9157697600,22.5620,555045.180000,37.3527218000,-121.9157709000,21.0450
1787575679.294,2026-08-24 17:47:59,2021-06-19 10:10:44.800,37.3527226500,-121.9157697100,22.7660,555045.280000,37.3527218000,-121.9157709000,21.0690
1787575679.395,2026-08-24 17:47:59,2021-06-19 10:10:44.900,37.3527229000,-121.9157695200,22.9610,555045.385000,37.3527217000,-121.9157709000,21.0920
1787575679.495,2026-08-24 17:47:59,2021-06-19 10:10:45.000,37.3527232400,-121.9157692900,23.0430,555045.485000,37.3527218000,-121.9157709000,21.1160
1787575679.596,2026-08-24 17:47:59,2021-06-19 10:10:45.100,37.3527232000,-121.9157690900,23.2140,555045.585000,37.3527219000,-121.9157708000,21.1470
1787575679.697,2026-08-24 17:47:59,2021-06-19 10:10:45.200,37.3527232800,-121.9157690400,23.3720,555045.685000,37.3527218000,-121.9157708000,21.1740
1787575679.798,2026-08-24 17:47:59,2021-06-19 10:10:45.300,37.3527231900,-121.9157685600,23.5400,555045.785000,37.3527218000,-121.9157708000,21.2030
1787575679.899,2026-08-24 17:47:59,2021-06-19 10:10:45.400,37.3527233800,-121.9157685000,23.6700,555045.890000,37.3527218000,-121.9157707000,21.2320
1787575680.001,2026-08-24 17:48:00,2021-06-19 10:10:45.500,37.3527233600,-121.9157686000,23.7400,555045.990000,37.3527218000,-121.9157707000,21.2600
1787575680.101,2026-08-24 17:48:00,2021-06-19 10:10:45.600,37.3527233900,-121.9157683100,23.8610,555046.090000,37.3527218000,-121.9157707000,21.2890
1787575680.201,2026-08-24 17:48:00,2021-06-19 10:10:45.700,37.3527236000,-121.9157683100,23.8980,555046.190000,37.3527219000,-121.9157707000,21.3210
1787575680.302,2026-08-24 17:48:00,2021-06-19 10:10:45.800,37.3527234700,-121.9157679400,24.0690,555046.295000,37.3527218000,-121.9157706000,21.3540
1787575680.403,2026-08-24 17:48:00,2021-06-19 10:10:45.900,37.3527234500,-121.9157680100,24.1600,555046.396000,37.3527218000,-121.9157705000,21.3840
1787575680.503,2026-08-24 17:48:00,2021-06-19 10:10:46.000,37.3527238400,-121.9157676900,24.1820,555046.491000,37.3527218000,-121.9157704000,21.4190
1787575680.604,2026-08-24 17:48:00,2021-06-19 10:10:46.100,37.3527238800,-121.9157675200,24.2390,555046.591000,37.3527219000,-121.9157704000,21.4560
1787575680.705,2026-08-24 17:48:00,2021-06-19 10:10:46.200,37.3527239500,-121.9157674100,24.2840,555046.691000,37.3527219000,-121.9157704000,21.4900
1787575680.805,2026-08-24 17:48:00,2021-06-19 10:10:46.300,37.3527239300,-121.9157674900,24.3920,555046.796000,37.3527219000,-121.9157704000,21.5240
1787575680.906,2026-08-24 17:48:00,2021-06-19 10:10:46.400,37.3527238400,-121.9157673800,24.4220,555046.896000,37.3527219000,-121.9157703000,21.5590
1787575681.011,2026-08-24 17:48:01,2021-06-19 10:10:46.500,37.3527241500,-121.9157672300,24.3800,555047.001000,37.3527219000,-121.9157702000,21.6050
1787575681.112,2026-08-24 17:48:01,2021-06-19 10:10:46.600,37.3527238900,-121.9157672100,24.4270,555047.106000,37.3527219000,-121.9157701000,21.6470
1787575681.212,2026-08-24 17:48:01,2021-06-19 10:10:46.700,37.3527237800,-121.9157674400,24.4600,555047.201000,37.3527219000,-121.9157701000,21.6830
1787575681.313,2026-08-24 17:48:01,2021-06-19 10:10:46.800,37.3527238200,-121.9157672900,24.4970,555047.301000,37.3527219000,-121.9157700000,21.7190
1787575681.414,2026-08-24 17:48:01,2021-06-19 10:10:47.000,37.3527236700,-121.9157673900,24.3000,555047.406000,37.3527219000,-121.9157699000,21.7530
1787575681.615,2026-08-24 17:48:01,2021-06-19 10:10:47.100,37.3527234500,-121.9157675100,24.2370,555047.606000,37.3527220000,-121.9157698000,21.8300
1787575681.715,2026-08-24 17:48:01,2021-06-19 10:10:47.200,37.3527234800,-121.9157676800,24.1480,555047.702000,37.3527220000,-121.9157698000,21.8680
1787575681.817,2026-08-24 17:48:01,2021-06-19 10:10:47.400,37.3527231200,-121.9157677200,23.9240,555047.812000,37.3527220000,-121.9157697000,21.8910
1787575682.018,2026-08-24 17:48:02,2021-06-19 10:10:47.500,37.3527230700,-121.9157680000,23.7000,555048.012000,37.3527220000,-121.9157696000,21.9550
1787575682.118,2026-08-24 17:48:02,2021-06-19 10:10:47.600,37.3527228700,-121.9157682100,23.5370,555048.112000,37.3527220000,-121.9157696000,21.9700
1787575682.224,2026-08-24 17:48:02,2021-06-19 10:10:47.800,37.3527226000,-121.9157687600,23.2150,555048.217000,37.3527220000,-121.9157695000,21.9950
1787575682.333,2026-08-24 17:48:02,2021-06-19 10:10:47.900,37.3527222800,-121.9157689000,23.0110,555048.327000,37.3527220000,-121.9157695000,22.0040
1787575682.434,2026-08-24 17:48:02,2021-06-19 10:10:48.000,37.3527222100,-121.9157691100,22.7110,555048.427000,37.3527220000,-121.9157695000,22.0230
1787575682.535,2026-08-24 17:48:02,2021-06-19 10:10:48.100,37.3527222000,-121.9157693700,22.4770,555048.527000,37.3527220000,-121.9157694000,22.0420
1787575682.637,2026-08-24 17:48:02,2021-06-19 10:10:48.200,37.3527223500,-121.9157697300,22.4360,555048.632000,37.3527221000,-121.9157693000,22.0500
1787575682.737,2026-08-24 17:48:02,2021-06-19 10:10:48.300,37.3527226300,-121.9157693500,22.5510,555048.727000,37.3527224000,-121.9157693000,22.0500
1787575682.838,2026-08-24 17:48:02,2021-06-19 10:10:48.400,37.3527229400,-121.9157694000,22.5710,555048.832000,37.3527227000,-121.9157693000,22.0530
1787575682.939,2026-08-24 17:48:02,2021-06-19 10:10:48.500,37.3527234600,-121.9157691900,22.5770,555048.927000,37.3527231000,-121.9157692000,22.0580
1787575683.040,2026-08-24 17:48:03,2021-06-19 10:10:48.600,37.3527241000,-121.9157693600,22.6620,555049.032000,37.3527236000,-121.9157691000,22.0640
1787575683.140,2026-08-24 17:48:03,2021-06-19 10:10:48.700,37.3527250100,-121.9157692800,22.7350,555049.133000,37.3527241000,-121.9157690000,22.0730
1787575683.241,2026-08-24 17:48:03,2021-06-19 10:10:48.800,37.3527255300,-121.9157691200,22.7640,555049.233000,37.3527248000,-121.9157689000,22.0810
1787575683.342,2026-08-24 17:48:03,2021-06-19 10:10:48.900,37.3527261600,-121.9157691600,22.7950,555049.333000,37.3527255000,-121.9157689000,22.0840
1787575683.443,2026-08-24 17:48:03,2021-06-19 10:10:49.000,37.3527269800,-121.9157692100,22.7860,555049.438000,37.3527263000,-121.9157688000,22.0990
1787575683.543,2026-08-24 17:48:03,2021-06-19 10:10:49.100,37.3527283800,-121.9157690500,22.9060,555049.533000,37.3527272000,-121.9157687000,22.1130
1787575683.643,2026-08-24 17:48:03,2021-06-19 10:10:49.200,37.3527296900,-121.9157691300,22.8850,555049.633000,37.3527283000,-121.9157686000,22.1240
1787575683.744,2026-08-24 17:48:03,2021-06-19 10:10:49.300,37.3527303900,-121.9157689900,22.8970,555049.738000,37.3527294000,-121.9157685000,22.1480
1787575683.844,2026-08-24 17:48:03,2021-06-19 10:10:49.400,37.3527316900,-121.9157690500,22.8980,555049.838000,37.3527307000,-121.9157685000,22.1640
1787575683.945,2026-08-24 17:48:03,2021-06-19 10:10:49.500,37.3527331300,-121.9157690100,22.8710,555049.938000,37.3527319000,-121.9157684000,22.1700
1787575684.046,2026-08-24 17:48:04,2021-06-19 10:10:49.600,37.3527347400,-121.9157691800,22.8720,555050.038000,37.3527333000,-121.9157683000,22.1850
1787575684.147,2026-08-24 17:48:04,2021-06-19 10:10:49.700,37.3527357800,-121.9157693100,22.8450,555050.138000,37.3527348000,-121.9157683000,22.1920
1787575684.248,2026-08-24 17:48:04,2021-06-19 10:10:49.800,37.3527369800,-121.9157693200,22.8120,555050.238000,37.3527364000,-121.9157683000,22.2010
1787575684.349,2026-08-24 17:48:04,2021-06-19 10:10:49.900,37.3527384500,-121.9157691700,22.7430,555050.338000,37.3527380000,-121.9157682000,22.2130
1787575684.450,2026-08-24 17:48:04,2021-06-19 10:10:50.000,37.3527403300,-121.9157693700,22.6180,555050.443000,37.3527398000,-121.9157681000,22.2240
1787575684.550,2026-08-24 17:48:04,2021-06-19 10:10:50.100,37.3527418400,-121.9157696000,22.6050,555050.544000,37.3527417000,-121.9157681000,22.2300
1787575684.651,2026-08-24 17:48:04,2021-06-19 10:10:50.200,37.3527437300,-121.9157695200,22.4210,555050.644000,37.3527437000,-121.9157680000,22.2350
1787575684.752,2026-08-24 17:48:04,2021-06-19 10:10:50.300,37.3527455800,-121.9157696200,22.2880,555050.744000,37.3527457000,-121.9157680000,22.2470
1787575684.852,2026-08-24 17:48:04,2021-06-19 10:10:50.400,37.3527475200,-121.9157699700,22.0790,555050.849000,37.3527480000,-121.9157679000,22.2530
1787575684.953,2026-08-24 17:48:04,2021-06-19 10:10:50.500,37.3527497700,-121.9157703400,21.9350,555050.944000,37.3527500000,-121.9157679000,22.2550
1787575685.054,2026-08-24 17:48:05,2021-06-19 10:10:50.600,37.3527520100,-121.9157705200,21.7820,555051.044000,37.3527523000,-121.9157679000,22.2610
1787575685.154,2026-08-24 17:48:05,2021-06-19 10:10:50.700,37.3527545000,-121.9157706000,21.5750,555051.149000,37.3527548000,-121.9157679000,22.2510
1787575685.255,2026-08-24 17:48:05,2021-06-19 10:10:50.800,37.3527566800,-121.9157709900,21.3480,555051.244000,37.3527572000,-121.9157679000,22.2470
1787575685.355,2026-08-24 17:48:05,2021-06-19 10:10:50.900,37.3527591800,-121.9157715700,21.0870,555051.349000,37.3527599000,-121.9157684000,22.2250
1787575685.456,2026-08-24 17:48:05,2021-06-19 10:10:51.000,37.3527622600,-121.9157716600,21.0330,555051.449000,37.3527626000,-121.9157678000,22.2340
1787575685.557,2026-08-24 17:48:05,2021-06-19 10:10:51.100,37.3527652600,-121.9157716800,21.0940,555051.549000,37.3527653000,-121.9157678000,22.2320
1787575685.657,2026-08-24 17:48:05,2021-06-19 10:10:51.200,37.3527679300,-121.9157716100,21.1840,555051.649000,37.3527682000,-121.9157678000,22.2330
1787575685.759,2026-08-24 17:48:05,2021-06-19 10:10:51.300,37.3527707900,-121.9157716100,21.2550,555051.754000,37.3527713000,-121.9157682000,22.2270
1787575685.860,2026-08-24 17:48:05,2021-06-19 10:10:51.400,37.3527738800,-121.9157715400,21.3350,555051.849000,37.3527742000,-121.9157683000,22.2250
1787575685.961,2026-08-24 17:48:05,2021-06-19 10:10:51.500,37.3527774800,-121.9157715200,21.3460,555051.955000,37.3527775000,-121.9157683000,22.2230
1787575686.061,2026-08-24 17:48:06,2021-06-19 10:10:51.600,37.3527804500,-121.9157714900,21.4240,555052.055000,37.3527806000,-121.9157682000,22.2230
1787575686.162,2026-08-24 17:48:06,2021-06-19 10:10:51.700,37.3527836300,-121.9157714500,21.4060,555052.150000,37.3527837000,-121.9157678000,22.2320
1787575686.263,2026-08-24 17:48:06,2021-06-19 10:10:51.800,37.3527868900,-121.9157713200,21.3760,555052.255000,37.3527874000,-121.9157682000,22.2270
1787575686.364,2026-08-24 17:48:06,2021-06-19 10:10:51.900,37.3527906700,-121.9157716400,21.3570,555052.360000,37.3527911000,-121.9157682000,22.2300
1787575686.464,2026-08-24 17:48:06,2021-06-19 10:10:52.000,37.3527943200,-121.9157718500,21.3080,555052.460000,37.3527947000,-121.9157682000,22.2220
1787575686.565,2026-08-24 17:48:06,2021-06-19 10:10:52.100,37.3527980500,-121.9157718700,21.3100,555052.560000,37.3527984000,-121.9157682000,22.2140
1787575686.666,2026-08-24 17:48:06,2021-06-19 10:10:52.200,37.3528015300,-121.9157717100,21.2500,555052.660000,37.3528022000,-121.9157682000,22.2080
1787575686.767,2026-08-24 17:48:06,2021-06-19 10:10:52.300,37.3528050600,-121.9157716800,21.1690,555052.760000,37.3528061000,-121.9157683000,22.2060
1787575686.867,2026-08-24 17:48:06,2021-06-19 10:10:52.400,37.3528092200,-121.9157719300,21.1610,555052.865000,37.3528102000,-121.9157682000,22.2050
1787575686.967,2026-08-24 17:48:06,2021-06-19 10:10:52.500,37.3528132100,-121.9157720400,21.0390,555052.965000,37.3528143000,-121.9157683000,22.1910
1787575687.068,2026-08-24 17:48:07,2021-06-19 10:10:52.600,37.3528174300,-121.9157720200,20.9730,555053.065000,37.3528184000,-121.9157683000,22.1880
1787575687.169,2026-08-24 17:48:07,2021-06-19 10:10:52.700,37.3528216400,-121.9157720100,20.9060,555053.165000,37.3528226000,-121.9157683000,22.1850
1787575687.270,2026-08-24 17:48:07,2021-06-19 10:10:52.800,37.3528257800,-121.9157724100,20.8480,555053.265000,37.3528270000,-121.9157684000,22.1750
1787575687.371,2026-08-24 17:48:07,2021-06-19 10:10:52.900,37.3528302200,-121.9157725100,20.7660,555053.360000,37.3528311000,-121.9157684000,22.1580
1787575687.471,2026-08-24 17:48:07,2021-06-19 10:10:53.000,37.3528349300,-121.9157727100,20.5720,555053.466000,37.3528358000,-121.9157684000,22.1460
1787575687.572,2026-08-24 17:48:07,2021-06-19 10:10:53.100,37.3528392800,-121.9157728900,20.4820,555053.566000,37.3528404000,-121.9157685000,22.1410
1787575687.672,2026-08-24 17:48:07,2021-06-19 10:10:53.200,37.3528437300,-121.9157730800,20.3640,555053.671000,37.3528451000,-121.9157685000,22.1250
1787575687.773,2026-08-24 17:48:07,2021-06-19 10:10:53.300,37.3528481900,-121.9157732800,20.2390,555053.766000,37.3528494000,-121.9157685000,22.1160
1787575687.873,2026-08-24 17:48:07,2021-06-19 10:10:53.400,37.3528529600,-121.9157735000,20.0430,555053.866000,37.3528539000,-121.9157685000,22.0990
1787575687.974,2026-08-24 17:48:07,2021-06-19 10:10:53.500,37.3528571400,-121.9157738700,19.7430,555053.971000,37.3528587000,-121.9157686000,22.0740
1787575688.074,2026-08-24 17:48:08,2021-06-19 10:10:53.600,37.3528614500,-121.9157740300,19.5710,555054.071000,37.3528632000,-121.9157686000,22.0590
1787575688.175,2026-08-24 17:48:08,2021-06-19 10:10:53.700,37.3528659900,-121.9157739100,19.6560,555054.166000,37.3528675000,-121.9157687000,22.0390
1787575688.276,2026-08-24 17:48:08,2021-06-19 10:10:53.800,37.3528705500,-121.9157738000,19.7710,555054.271000,37.3528722000,-121.9157687000,22.0130
1787575688.377,2026-08-24 17:48:08,2021-06-19 10:10:53.900,37.3528750500,-121.9157737900,19.8680,555054.371000,37.3528768000,-121.9157687000,21.9960
1787575688.478,2026-08-24 17:48:08,2021-06-19 10:10:54.000,37.3528800400,-121.9157737400,19.8840,555054.471000,37.3528813000,-121.9157688000,21.9730
1787575688.579,2026-08-24 17:48:08,2021-06-19 10:10:54.100,37.3528846100,-121.9157735100,19.9900,555054.576000,37.3528861000,-121.9157688000,21.9510
1787575688.680,2026-08-24 17:48:08,2021-06-19 10:10:54.200,37.3528897300,-121.9157735200,20.1050,555054.676000,37.3528906000,-121.9157688000,21.9340
1787575688.781,2026-08-24 17:48:08,2021-06-19 10:10:54.300,37.3528938800,-121.9157735900,20.1990,555054.776000,37.3528951000,-121.9157689000,21.9150
1787575688.881,2026-08-24 17:48:08,2021-06-19 10:10:54.400,37.3528982600,-121.9157734100,20.1960,555054.876000,37.3528997000,-121.9157689000,21.9010
1787575688.982,2026-08-24 17:48:08,2021-06-19 10:10:54.500,37.3529028400,-121.9157733700,20.1720,555054.977000,37.3529042000,-121.9157689000,21.8940
1787575689.083,2026-08-24 17:48:09,2021-06-19 10:10:54.600,37.3529073900,-121.9157734700,20.2560,555055.077000,37.3529087000,-121.9157690000,21.8800
1787575689.184,2026-08-24 17:48:09,2021-06-19 10:10:54.700,37.3529121400,-121.9157736000,20.3970,555055.182000,37.3529134000,-121.9157690000,21.8740
1787575689.285,2026-08-24 17:48:09,2021-06-19 10:10:54.800,37.3529166700,-121.9157732600,20.4720,555055.282000,37.3529179000,-121.9157690000,21.8610
1787575689.386,2026-08-24 17:48:09,2021-06-19 10:10:54.900,37.3529212000,-121.9157729700,20.5410,555055.382000,37.3529224000,-121.9157691000,21.8450
1787575689.486,2026-08-24 17:48:09,2021-06-19 10:10:55.000,37.3529257900,-121.9157731000,20.5450,555055.482000,37.3529270000,-121.9157691000,21.8380
1787575689.586,2026-08-24 17:48:09,2021-06-19 10:10:55.100,37.3529303100,-121.9157731500,20.6470,555055.582000,37.3529314000,-121.9157692000,21.8280
1787575689.687,2026-08-24 17:48:09,2021-06-19 10:10:55.200,37.3529347900,-121.9157729400,20.7310,555055.682000,37.3529359000,-121.9157692000,21.8160
1787575689.788,2026-08-24 17:48:09,2021-06-19 10:10:55.300,37.3529391400,-121.9157728700,20.7360,555055.787000,37.3529407000,-121.9157693000,21.8060
1787575689.889,2026-08-24 17:48:09,2021-06-19 10:10:55.400,37.3529435400,-121.9157728400,20.7890,555055.887000,37.3529451000,-121.9157693000,21.8020
1787575689.990,2026-08-24 17:48:09,2021-06-19 10:10:55.500,37.3529482000,-121.9157727600,20.7640,555055.987000,37.3529496000,-121.9157693000,21.7950
1787575690.091,2026-08-24 17:48:10,2021-06-19 10:10:55.600,37.3529532000,-121.9157726500,20.8350,555056.087000,37.3529540000,-121.9157693000,21.7810
1787575690.192,2026-08-24 17:48:10,2021-06-19 10:10:55.700,37.3529578700,-121.9157725300,20.8290,555056.187000,37.3529586000,-121.9157694000,21.7810
1787575690.292,2026-08-24 17:48:10,2021-06-19 10:10:55.800,37.3529620600,-121.9157725600,20.7840,555056.287000,37.3529630000,-121.9157694000,21.7660
1787575690.393,2026-08-24 17:48:10,2021-06-19 10:10:55.900,37.3529665700,-121.9157725700,20.7220,555056.392000,37.3529677000,-121.9157695000,21.7560
1787575690.494,2026-08-24 17:48:10,2021-06-19 10:10:56.000,37.3529712700,-121.9157725300,20.5930,555056.492000,37.3529723000,-121.9157695000,21.7410
1787575690.595,2026-08-24 17:48:10,2021-06-19 10:10:56.100,37.3529760000,-121.9157726800,20.6270,555056.593000,37.3529768000,-121.9157696000,21.7300
1787575690.695,2026-08-24 17:48:10,2021-06-19 10:10:56.200,37.3529804000,-121.9157727700,20.5610,555056.693000,37.3529814000,-121.9157696000,21.7260
1787575690.796,2026-08-24 17:48:10,2021-06-19 10:10:56.300,37.3529847500,-121.9157728300,20.4280,555056.793000,37.3529859000,-121.9157696000,21.7070
1787575690.896,2026-08-24 17:48:10,2021-06-19 10:10:56.400,37.3529893600,-121.9157727600,20.2910,555056.893000,37.3529904000,-121.9157696000,21.6980
1787575690.997,2026-08-24 17:48:10,2021-06-19 10:10:56.500,37.3529939200,-121.9157730800,20.0400,555056.993000,37.3529949000,-121.9157696000,21.6790
1787575691.099,2026-08-24 17:48:11,2021-06-19 10:10:56.700,37.3530028500,-121.9157733500,20.0080,555057.098000,37.3529996000,-121.9157697000,21.6650
1787575691.300,2026-08-24 17:48:11,2021-06-19 10:10:56.800,37.3530072900,-121.9157730100,20.1670,555057.298000,37.3530087000,-121.9157698000,21.6290
1787575691.400,2026-08-24 17:48:11,2021-06-19 10:10:56.900,37.3530117200,-121.9157727300,20.3260,555057.398000,37.3530131000,-121.9157699000,21.6120
1787575691.501,2026-08-24 17:48:11,2021-06-19 10:10:57.000,37.3530161800,-121.9157729100,20.3950,555057.498000,37.3530176000,-121.9157699000,21.5960
1787575691.601,2026-08-24 17:48:11,2021-06-19 10:10:57.100,37.3530208500,-121.9157725800,20.5710,555057.598000,37.3530221000,-121.9157700000,21.5890
1787575691.702,2026-08-24 17:48:11,2021-06-19 10:10:57.200,37.3530253100,-121.9157722700,20.6880,555057.703000,37.3530268000,-121.9157701000,21.5880
1787575691.803,2026-08-24 17:48:11,2021-06-19 10:10:57.300,37.3530293900,-121.9157720300,20.8340,555057.798000,37.3530310000,-121.9157701000,21.5780
1787575691.903,2026-08-24 17:48:11,2021-06-19 10:10:57.400,37.3530338900,-121.9157719100,20.9420,555057.903000,37.3530357000,-121.9157701000,21.5760
1787575692.004,2026-08-24 17:48:12,2021-06-19 10:10:57.500,37.3530386500,-121.9157720100,20.9850,555058.003000,37.3530402000,-121.9157702000,21.5740
1787575692.105,2026-08-24 17:48:12,2021-06-19 10:10:57.600,37.3530430300,-121.9157718800,21.0470,555058.103000,37.3530447000,-121.9157702000,21.5710
1787575692.206,2026-08-24 17:48:12,2021-06-19 10:10:57.700,37.3530471200,-121.9157717000,21.1010,555058.204000,37.3530493000,-121.9157702000,21.5710
1787575692.307,2026-08-24 17:48:12,2021-06-19 10:10:57.800,37.3530511600,-121.9157715100,21.1680,555058.304000,37.3530538000,-121.9157702000,21.5720
1787575692.408,2026-08-24 17:48:12,2021-06-19 10:10:57.900,37.3530557900,-121.9157712100,21.2450,555058.404000,37.3530583000,-121.9157703000,21.5740
1787575692.508,2026-08-24 17:48:12,2021-06-19 10:10:58.000,37.3530606900,-121.9157713900,21.2840,555058.504000,37.3530628000,-121.9157703000,21.5670
1787575692.609,2026-08-24 17:48:12,2021-06-19 10:10:58.100,37.3530650100,-121.9157714400,21.3890,555058.609000,37.3530675000,-121.9157704000,21.5680
1787575692.710,2026-08-24 17:48:12,2021-06-19 10:10:58.200,37.3530694800,-121.9157712900,21.3820,555058.709000,37.3530720000,-121.9157704000,21.5630
1787575692.811,2026-08-24 17:48:12,2021-06-19 10:10:58.300,37.3530735000,-121.9157711500,21.3360,555058.809000,37.3530765000,-121.9157705000,21.5640
1787575692.912,2026-08-24 17:48:12,2021-06-19 10:10:58.400,37.3530782700,-121.9157711700,21.3500,555058.909000,37.3530811000,-121.9157705000,21.5650
1787575693.013,2026-08-24 17:48:13,2021-06-19 10:10:58.500,37.3530828300,-121.9157715400,21.3010,555059.009000,37.3530858000,-121.9157706000,21.5630
1787575693.113,2026-08-24 17:48:13,2021-06-19 10:10:58.600,37.3530873400,-121.9157714800,21.2640,555059.109000,37.3530905000,-121.9157706000,21.5680
1787575693.214,2026-08-24 17:48:13,2021-06-19 10:10:58.700,37.3530922100,-121.9157714400,21.1920,555059.214000,37.3530955000,-121.9157706000,21.5560
1787575693.315,2026-08-24 17:48:13,2021-06-19 10:10:58.800,37.3530967700,-121.9157716000,21.1370,555059.314000,37.3531003000,-121.9157706000,21.5510
1787575693.416,2026-08-24 17:48:13,2021-06-19 10:10:58.900,37.3531018300,-121.9157718400,21.0860,555059.414000,37.3531053000,-121.9157706000,21.5560
1787575693.516,2026-08-24 17:48:13,2021-06-19 10:10:59.000,37.3531068600,-121.9157720200,20.8970,555059.514000,37.3531104000,-121.9157706000,21.5420
1787575693.617,2026-08-24 17:48:13,2021-06-19 10:10:59.100,37.3531116500,-121.9157718800,20.7780,555059.614000,37.3531156000,-121.9157707000,21.5380
1787575693.718,2026-08-24 17:48:13,2021-06-19 10:10:59.200,37.3531164400,-121.9157719800,20.6330,555059.719000,37.3531211000,-121.9157707000,21.5260
1787575693.820,2026-08-24 17:48:13,2021-06-19 10:10:59.300,37.3531213500,-121.9157724200,20.4580,555059.819000,37.3531264000,-121.9157707000,21.5190
1787575693.920,2026-08-24 17:48:13,2021-06-19 10:10:59.400,37.3531268200,-121.9157725800,20.3390,555059.915000,37.3531315000,-121.9157707000,21.5070
1787575694.023,2026-08-24 17:48:14,2021-06-19 10:10:59.600,37.3531380000,-121.9157724800,20.4460,555060.020000,37.3531373000,-121.9157707000,21.4950
1787575694.123,2026-08-24 17:48:14,2021-06-19 10:10:59.700,37.3531435300,-121.9157723300,20.4970,555060.120000,37.3531431000,-121.9157708000,21.4860
1787575694.232,2026-08-24 17:48:14,2021-06-19 10:10:59.800,37.3531493800,-121.9157723100,20.5730,555060.230000,37.3531496000,-121.9157708000,21.4790
1787575694.332,2026-08-24 17:48:14,2021-06-19 10:10:59.900,37.3531555300,-121.9157721100,20.6520,555060.335000,37.3531560000,-121.9157709000,21.4720
1787575694.434,2026-08-24 17:48:14,2021-06-19 10:11:00.000,37.3531618200,-121.9157722200,20.6650,555060.435000,37.3531622000,-121.9157709000,21.4620
1787575694.536,2026-08-24 17:48:14,2021-06-19 10:11:00.100,37.3531682200,-121.9157721300,20.7180,555060.535000,37.3531685000,-121.9157709000,21.4550
1787575694.637,2026-08-24 17:48:14,2021-06-19 10:11:00.200,37.3531746100,-121.9157720200,20.6940,555060.635000,37.3531750000,-121.9157708000,21.4580
1787575694.738,2026-08-24 17:48:14,2021-06-19 10:11:00.300,37.3531815900,-121.9157721400,20.7610,555060.740000,37.3531821000,-121.9157709000,21.4500
1787575694.839,2026-08-24 17:48:14,2021-06-19 10:11:00.400,37.3531884200,-121.9157721100,20.7850,555060.835000,37.3531887000,-121.9157709000,21.4460
1787575694.939,2026-08-24 17:48:14,2021-06-19 10:11:00.500,37.3531957400,-121.9157722400,20.6330,555060.935000,37.3531958000,-121.9157708000,21.4490
1787575695.040,2026-08-24 17:48:15,2021-06-19 10:11:00.600,37.3532030000,-121.9157720800,20.6260,555061.035000,37.3532032000,-121.9157708000,21.4420
1787575695.140,2026-08-24 17:48:15,2021-06-19 10:11:00.700,37.3532106600,-121.9157723200,20.5780,555061.140000,37.3532110000,-121.9157708000,21.4320
1787575695.241,2026-08-24 17:48:15,2021-06-19 10:11:00.800,37.3532184600,-121.9157725800,20.5770,555061.240000,37.3532188000,-121.9157709000,21.4130
1787575695.342,2026-08-24 17:48:15,2021-06-19 10:11:00.900,37.3532266600,-121.9157724800,20.4850,555061.340000,37.3532269000,-121.9157708000,21.4060
1787575695.442,2026-08-24 17:48:15,2021-06-19 10:11:01.000,37.3532353300,-121.9157725900,20.3090,555061.440000,37.3532352000,-121.9157709000,21.3980
1787575695.543,2026-08-24 17:48:15,2021-06-19 10:11:01.100,37.3532440600,-121.9157725700,20.2610,555061.545000,37.3532442000,-121.9157709000,21.3890
1787575695.643,2026-08-24 17:48:15,2021-06-19 10:11:01.200,37.3532529900,-121.9157729600,20.1610,555061.645000,37.3532530000,-121.9157709000,21.3740
1787575695.744,2026-08-24 17:48:15,2021-06-19 10:11:01.300,37.3532621700,-121.9157729100,20.0350,555061.746000,37.3532621000,-121.9157709000,21.3620
1787575695.845,2026-08-24 17:48:15,2021-06-19 10:11:01.400,37.3532714600,-121.9157729600,19.8990,555061.841000,37.3532711000,-121.9157710000,21.3480
1787575695.945,2026-08-24 17:48:15,2021-06-19 10:11:01.500,37.3532811900,-121.9157733100,19.6690,555061.946000,37.3532812000,-121.9157710000,21.3350
1787575696.046,2026-08-24 17:48:16,2021-06-19 10:11:01.600,37.3532911700,-121.9157734300,19.5330,555062.046000,37.3532911000,-121.9157709000,21.3190
1787575696.146,2026-08-24 17:48:16,2021-06-19 10:11:01.700,37.3533017100,-121.9157736000,19.4150,555062.146000,37.3533013000,-121.9157710000,21.2950
1787575696.247,2026-08-24 17:48:16,2021-06-19 10:11:01.800,37.3533121200,-121.9157733000,19.5780,555062.251000,37.3533123000,-121.9157710000,21.2820
1787575696.347,2026-08-24 17:48:16,2021-06-19 10:11:01.900,37.3533229700,-121.9157731400,19.7340,555062.346000,37.3533226000,-121.9157711000,21.2510
1787575696.448,2026-08-24 17:48:16,2021-06-19 10:11:02.000,37.3533341800,-121.9157732100,19.8030,555062.446000,37.3533336000,-121.9157711000,21.2400
1787575696.549,2026-08-24 17:48:16,2021-06-19 10:11:02.100,37.3533459000,-121.9157729300,20.0160,555062.551000,37.3533454000,-121.9157711000,21.2280
1787575696.650,2026-08-24 17:48:16,2021-06-19 10:11:02.200,37.3533577400,-121.9157729600,20.1720,555062.651000,37.3533570000,-121.9157711000,21.2130
1787575696.750,2026-08-24 17:48:16,2021-06-19 10:11:02.300,37.3533693000,-121.9157727900,20.2940,555062.751000,37.3533689000,-121.9157712000,21.2010
1787575696.851,2026-08-24 17:48:16,2021-06-19 10:11:02.400,37.3533816700,-121.9157725600,20.4240,555062.851000,37.3533810000,-121.9157712000,21.1880
1787575696.952,2026-08-24 17:48:16,2021-06-19 10:11:02.500,37.3533942700,-121.9157724700,20.4450,555062.951000,37.3533934000,-121.9157712000,21.1810
1787575697.052,2026-08-24 17:48:17,2021-06-19 10:11:02.600,37.3534074900,-121.9157723800,20.6240,555063.051000,37.3534060000,-121.9157712000,21.1700
1787575697.154,2026-08-24 17:48:17,2021-06-19 10:11:02.700,37.3534205200,-121.9157724500,20.7130,555063.156000,37.3534200000,-121.9157712000,21.1640
1787575697.255,2026-08-24 17:48:17,2021-06-19 10:11:02.800,37.3534334300,-121.9157722700,20.7540,555063.251000,37.3534321000,-121.9157712000,21.1640
1787575697.355,2026-08-24 17:48:17,2021-06-19 10:11:02.900,37.3534469400,-121.9157720300,20.8170,555063.356000,37.3534463000,-121.9157712000,21.1720
1787575697.456,2026-08-24 17:48:17,2021-06-19 10:11:03.000,37.3534608200,-121.9157722600,20.8270,555063.456000,37.3534601000,-121.9157712000,21.1650
1787575697.557,2026-08-24 17:48:17,2021-06-19 10:11:03.100,37.3534750200,-121.9157723100,20.9330,555063.557000,37.3534742000,-121.9157712000,21.1640
1787575697.657,2026-08-24 17:48:17,2021-06-19 10:11:03.200,37.3534891500,-121.9157722100,20.9160,555063.657000,37.3534889000,-121.9157712000,21.1620
1787575697.758,2026-08-24 17:48:17,2021-06-19 10:11:03.300,37.3535037000,-121.9157720800,20.8530,555063.757000,37.3535035000,-121.9157712000,21.1500
1787575697.858,2026-08-24 17:48:17,2021-06-19 10:11:03.400,37.3535182500,-121.9157720900,20.8250,555063.857000,37.3535179000,-121.9157712000,21.1500
1787575697.959,2026-08-24 17:48:17,2021-06-19 10:11:03.500,37.3535335300,-121.9157726000,20.7580,555063.957000,37.3535335000,-121.9157712000,21.1340
1787575698.060,2026-08-24 17:48:18,2021-06-19 10:11:03.600,37.3535490200,-121.9157725300,20.7400,555064.057000,37.3535485000,-121.9157712000,21.1340
1787575698.161,2026-08-24 17:48:18,2021-06-19 10:11:03.700,37.3535646400,-121.9157724900,20.6510,555064.162000,37.3535654000,-121.9157712000,21.1220
1787575698.262,2026-08-24 17:48:18,2021-06-19 10:11:03.800,37.3535801700,-121.9157723800,20.6190,555064.262000,37.3535813000,-121.9157711000,21.1210
1787575698.362,2026-08-24 17:48:18,2021-06-19 10:11:03.900,37.3535964900,-121.9157724600,20.5450,555064.357000,37.3535964000,-121.9157712000,21.1210
1787575698.462,2026-08-24 17:48:18,2021-06-19 10:11:04.000,37.3536133100,-121.9157727300,20.4160,555064.462000,37.3536141000,-121.9157712000,21.1060
1787575698.563,2026-08-24 17:48:18,2021-06-19 10:11:04.100,37.3536301300,-121.9157726900,20.2940,555064.562000,37.3536308000,-121.9157712000,21.0970
1787575698.663,2026-08-24 17:48:18,2021-06-19 10:11:04.200,37.3536469500,-121.9157729500,20.1550,555064.662000,37.3536479000,-121.9157712000,21.0860
1787575698.763,2026-08-24 17:48:18,2021-06-19 10:11:04.300,37.3536639000,-121.9157730700,20.0090,555064.762000,37.3536652000,-121.9157712000,21.0730
1787575698.864,2026-08-24 17:48:18,2021-06-19 10:11:04.400,37.3536815800,-121.9157731500,19.8620,555064.867000,37.3536836000,-121.9157712000,21.0640
1787575698.965,2026-08-24 17:48:18,2021-06-19 10:11:04.500,37.3536995800,-121.9157736300,19.6300,555064.967000,37.3537014000,-121.9157712000,21.0510
1787575699.065,2026-08-24 17:48:19,2021-06-19 10:11:04.600,37.3537174900,-121.9157736800,19.5510,555065.067000,37.3537196000,-121.9157712000,21.0350
1787575699.166,2026-08-24 17:48:19,2021-06-19 10:11:04.700,37.3537360600,-121.9157733700,19.7100,555065.167000,37.3537380000,-121.9157713000,21.0270
1787575699.267,2026-08-24 17:48:19,2021-06-19 10:11:04.800,37.3537548000,-121.9157730400,19.8850,555065.272000,37.3537576000,-121.9157713000,21.0170
1787575699.367,2026-08-24 17:48:19,2021-06-19 10:11:04.900,37.3537737600,-121.9157729600,20.1110,555065.367000,37.3537757000,-121.9157713000,21.0050
1787575699.468,2026-08-24 17:48:19,2021-06-19 10:11:05.000,37.3537931200,-121.9157729800,20.2060,555065.468000,37.3537950000,-121.9157713000,21.0030
1787575699.568,2026-08-24 17:48:19,2021-06-19 10:11:05.100,37.3538125900,-121.9157724700,20.3910,555065.568000,37.3538145000,-121.9157713000,20.9930
1787575699.670,2026-08-24 17:48:19,2021-06-19 10:11:05.200,37.3538324200,-121.9157722300,20.5390,555065.668000,37.3538343000,-121.9157713000,20.9920
1787575699.770,2026-08-24 17:48:19,2021-06-19 10:11:05.300,37.3538524700,-121.9157720200,20.7580,555065.768000,37.3538543000,-121.9157713000,20.9890
1787575699.871,2026-08-24 17:48:19,2021-06-19 10:11:05.400,37.3538728100,-121.9157720600,20.9120,555065.873000,37.3538756000,-121.9157713000,20.9900
1787575699.972,2026-08-24 17:48:19,2021-06-19 10:11:05.500,37.3538935200,-121.9157719300,20.9840,555065.973000,37.3538962000,-121.9157713000,20.9840
1787575700.072,2026-08-24 17:48:20,2021-06-19 10:11:05.600,37.3539146300,-121.9157716100,21.1580,555066.073000,37.3539171000,-121.9157713000,20.9830
1787575700.173,2026-08-24 17:48:20,2021-06-19 10:11:05.700,37.3539357100,-121.9157715300,21.3060,555066.173000,37.3539382000,-121.9157714000,20.9870
1787575700.274,2026-08-24 17:48:20,2021-06-19 10:11:05.800,37.3539573100,-121.9157714400,21.5010,555066.278000,37.3539607000,-121.9157714000,20.9880
1787575700.375,2026-08-24 17:48:20,2021-06-19 10:11:05.900,37.3539790000,-121.9157710500,21.6070,555066.378000,37.3539824000,-121.9157714000,20.9930
1787575700.476,2026-08-24 17:48:20,2021-06-19 10:11:06.000,37.3540010200,-121.9157711200,21.6110,555066.478000,37.3540044000,-121.9157714000,20.9890
1787575700.576,2026-08-24 17:48:20,2021-06-19 10:11:06.100,37.3540233600,-121.9157707600,21.7510,555066.578000,37.3540266000,-121.9157714000,20.9930
1787575700.677,2026-08-24 17:48:20,2021-06-19 10:11:06.200,37.3540459000,-121.9157707300,21.8590,555066.678000,37.3540491000,-121.9157714000,20.9960
1787575700.777,2026-08-24 17:48:20,2021-06-19 10:11:06.300,37.3540688200,-121.9157706100,21.9320,555066.778000,37.3540719000,-121.9157714000,21.0070
1787575700.877,2026-08-24 17:48:20,2021-06-19 10:11:06.400,37.3540914600,-121.9157705200,21.9510,555066.878000,37.3540950000,-121.9157714000,21.0130
1787575700.978,2026-08-24 17:48:20,2021-06-19 10:11:06.500,37.3541148600,-121.9157707400,21.9640,555066.978000,37.3541183000,-121.9157714000,21.0140
1787575701.078,2026-08-24 17:48:21,2021-06-19 10:11:06.600,37.3541385400,-121.9157703300,22.0700,555067.078000,37.3541419000,-121.9157713000,21.0260
1787575701.179,2026-08-24 17:48:21,2021-06-19 10:11:06.700,37.3541627000,-121.9157703800,22.1210,555067.183000,37.3541670000,-121.9157713000,21.0470
1787575701.287,2026-08-24 17:48:21,2021-06-19 10:11:06.800,37.3541866700,-121.9157701400,22.2000,555067.283000,37.3541912000,-121.9157713000,21.0540
1787575701.387,2026-08-24 17:48:21,2021-06-19 10:11:06.900,37.3542109500,-121.9157702800,22.1900,555067.389000,37.3542169000,-121.9157713000,21.0650
1787575701.488,2026-08-24 17:48:21,2021-06-19 10:11:07.000,37.3542355600,-121.9157703200,22.0900,555067.494000,37.3542429000,-121.9157713000,21.0720
1787575701.589,2026-08-24 17:48:21,2021-06-19 10:11:07.100,37.3542608500,-121.9157702600,22.1590,555067.594000,37.3542679000,-121.9157713000,21.0770
1787575701.691,2026-08-24 17:48:21,2021-06-19 10:11:07.200,37.3542860700,-121.9157703400,22.1550,555067.694000,37.3542932000,-121.9157713000,21.0840
1787575701.791,2026-08-24 17:48:21,2021-06-19 10:11:07.300,37.3543112200,-121.9157703600,22.1430,555067.794000,37.3543188000,-121.9157712000,21.1020
1787575701.892,2026-08-24 17:48:21,2021-06-19 10:11:07.400,37.3543369000,-121.9157703700,22.0380,555067.894000,37.3543446000,-121.9157713000,21.1120
1787575701.992,2026-08-24 17:48:21,2021-06-19 10:11:07.500,37.3543630600,-121.9157705300,21.9030,555067.994000,37.3543708000,-121.9157713000,21.1240
1787575702.093,2026-08-24 17:48:22,2021-06-19 10:11:07.600,37.3543894000,-121.9157706900,21.9150,555068.094000,37.3543972000,-121.9157713000,21.1330
1787575702.194,2026-08-24 17:48:22,2021-06-19 10:11:07.700,37.3544155700,-121.9157708100,21.7740,555068.194000,37.3544238000,-121.9157713000,21.1470
1787575702.295,2026-08-24 17:48:22,2021-06-19 10:11:07.800,37.3544424900,-121.9157707300,21.6670,555068.299000,37.3544520000,-121.9157713000,21.1540
1787575702.396,2026-08-24 17:48:22,2021-06-19 10:11:07.900,37.3544693400,-121.9157708700,21.5440,555068.399000,37.3544793000,-121.9157713000,21.1630
1787575702.496,2026-08-24 17:48:22,2021-06-19 10:11:08.000,37.3544969300,-121.9157713500,21.3560,555068.499000,37.3545068000,-121.9157713000,21.1660
1787575702.597,2026-08-24 17:48:22,2021-06-19 10:11:08.100,37.3545245900,-121.9157713600,21.2880,555068.599000,37.3545345000,-121.9157713000,21.1730
1787575702.697,2026-08-24 17:48:22,2021-06-19 10:11:08.200,37.3545523200,-121.9157714300,21.0760,555068.699000,37.3545626000,-121.9157713000,21.1690
1787575702.798,2026-08-24 17:48:22,2021-06-19 10:11:08.300,37.3545802100,-121.9157714600,20.9360,555068.804000,37.3545922000,-121.9157712000,21.1770
1787575702.899,2026-08-24 17:48:22,2021-06-19 10:11:08.400,37.3546085700,-121.9157717100,20.8930,555068.904000,37.3546208000,-121.9157712000,21.1700
1787575702.999,2026-08-24 17:48:22,2021-06-19 10:11:08.500,37.3546375800,-121.9157716500,20.9540,555069.004000,37.3546496000,-121.9157712000,21.1710
1787575703.100,2026-08-24 17:48:23,2021-06-19 10:11:08.600,37.3546667600,-121.9157712400,21.0800,555069.104000,37.3546788000,-121.9157712000,21.1760
1787575703.200,2026-08-24 17:48:23,2021-06-19 10:11:08.700,37.3546959000,-121.9157711300,21.2080,555069.204000,37.3547082000,-121.9157712000,21.1690
1787575703.300,2026-08-24 17:48:23,2021-06-19 10:11:08.800,37.3547253000,-121.9157709500,21.3840,555069.304000,37.3547379000,-121.9157712000,21.1720
1787575703.401,2026-08-24 17:48:23,2021-06-19 10:11:08.900,37.3547552500,-121.9157708400,21.5030,555069.404000,37.3547678000,-121.9157712000,21.1710
1787575703.502,2026-08-24 17:48:23,2021-06-19 10:11:09.000,37.3547857600,-121.9157707700,21.5610,555069.510000,37.3547995000,-121.9157713000,21.1800
1787575703.602,2026-08-24 17:48:23,2021-06-19 10:11:09.100,37.3548161000,-121.9157706600,21.6800,555069.605000,37.3548285000,-121.9157712000,21.1930
1787575703.703,2026-08-24 17:48:23,2021-06-19 10:11:09.200,37.3548465100,-121.9157706000,21.7520,555069.710000,37.3548607000,-121.9157712000,21.2010
1787575703.804,2026-08-24 17:48:23,2021-06-19 10:11:09.300,37.3548774000,-121.9157704600,21.8340,555069.805000,37.3548902000,-121.9157712000,21.2070
1787575703.905,2026-08-24 17:48:23,2021-06-19 10:11:09.400,37.3549087500,-121.9157704600,21.9020,555069.910000,37.3549231000,-121.9157711000,21.2140
1787575704.005,2026-08-24 17:48:24,2021-06-19 10:11:09.600,37.3549718500,-121.9157706100,21.9780,555070.010000,37.3549547000,-121.9157712000,21.2200
1787575704.207,2026-08-24 17:48:24,2021-06-19 10:11:09.700,37.3550038700,-121.9157704300,21.9930,555070.210000,37.3550186000,-121.9157712000,21.2330
1787575704.307,2026-08-24 17:48:24,2021-06-19 10:11:09.800,37.3550359400,-121.9157701600,22.0830,555070.310000,37.3550510000,-121.9157712000,21.2370
1787575704.407,2026-08-24 17:48:24,2021-06-19 10:11:09.900,37.3550683400,-121.9157703800,22.1320,555070.410000,37.3550837000,-121.9157712000,21.2400
1787575704.508,2026-08-24 17:48:24,2021-06-19 10:11:10.000,37.3551010500,-121.9157703400,22.0850,555070.510000,37.3551166000,-121.9157712000,21.2560
1787575704.608,2026-08-24 17:48:24,2021-06-19 10:11:10.100,37.3551342200,-121.9157702700,22.0840,555070.610000,37.3551499000,-121.9157712000,21.2600
1787575704.710,2026-08-24 17:48:24,2021-06-19 10:11:10.300,37.3552010900,-121.9157706500,22.1190,555070.715000,37.3551850000,-121.9157712000,21.2710
1787575704.911,2026-08-24 17:48:24,2021-06-19 10:11:10.400,37.3552350200,-121.9157705200,22.0740,555070.915000,37.3552527000,-121.9157711000,21.2920
1787575705.012,2026-08-24 17:48:25,2021-06-19 10:11:10.500,37.3552691000,-121.9157704000,21.9690,555071.015000,37.3552870000,-121.9157711000,21.2990
1787575705.113,2026-08-24 17:48:25,2021-06-19 10:11:10.700,37.3553380000,-121.9157709200,21.9000,555071.115000,37.3553215000,-121.9157711000,21.3110
1787575705.314,2026-08-24 17:48:25,2021-06-19 10:11:10.800,37.3553729100,-121.9157705100,21.8810,555071.320000,37.3553932000,-121.9157712000,21.3210
1787575705.415,2026-08-24 17:48:25,2021-06-19 10:11:10.900,37.3554077200,-121.9157705400,21.7680,555071.420000,37.3554286000,-121.9157712000,21.3230
1787575705.516,2026-08-24 17:48:25,2021-06-19 10:11:11.000,37.3554432000,-121.9157707200,21.6090,555071.520000,37.3554642000,-121.9157711000,21.3330
1787575705.617,2026-08-24 17:48:25,2021-06-19 10:11:11.100,37.3554790200,-121.9157709800,21.5490,555071.621000,37.3555002000,-121.9157711000,21.3400
1787575705.717,2026-08-24 17:48:25,2021-06-19 10:11:11.200,37.3555149800,-121.9157713700,21.3480,555071.721000,37.3555363000,-121.9157712000,21.3370
1787575705.818,2026-08-24 17:48:25,2021-06-19 10:11:11.300,37.3555509100,-121.9157711100,21.1940,555071.826000,37.3555746000,-121.9157711000,21.3490
1787575705.919,2026-08-24 17:48:25,2021-06-19 10:11:11.400,37.3555874400,-121.9157715000,21.0050,555071.926000,37.3556114000,-121.9157711000,21.3580
1787575706.019,2026-08-24 17:48:26,2021-06-19 10:11:11.500,37.3556242300,-121.9157718300,20.7670,555072.026000,37.3556483000,-121.9157712000,21.3520
1787575706.120,2026-08-24 17:48:26,2021-06-19 10:11:11.600,37.3556614900,-121.9157719100,20.6420,555072.126000,37.3556856000,-121.9157712000,21.3490
1787575706.222,2026-08-24 17:48:26,2021-06-19 10:11:11.800,37.3557359200,-121.9157720600,20.1630,555072.226000,37.3557232000,-121.9157712000,21.3400
1787575706.323,2026-08-24 17:48:26,2021-06-19 10:11:11.900,37.3557740200,-121.9157718500,20.1090,555072.326000,37.3557610000,-121.9157712000,21.3340
1787575706.422,2026-08-24 17:48:26,2021-06-19 10:11:12.000,37.3558125000,-121.9157718900,20.1290,555072.426000,37.3557991000,-121.9157712000,21.3300
1787575706.526,2026-08-24 17:48:26,2021-06-19 10:11:12.100,37.3558512000,-121.9157721100,20.2420,555072.531000,37.3558393000,-121.9157712000,21.3180
1787575706.628,2026-08-24 17:48:26,2021-06-19 10:11:12.200,37.3558897200,-121.9157719700,20.3300,555072.636000,37.3558798000,-121.9157712000,21.3170
1787575706.736,2026-08-24 17:48:26,2021-06-19 10:11:12.300,37.3559287200,-121.9157714200,20.3780,555072.741000,37.3559206000,-121.9157713000,21.3090
1787575706.837,2026-08-24 17:48:26,2021-06-19 10:11:12.400,37.3559677900,-121.9157714200,20.3600,555072.846000,37.3559618000,-121.9157713000,21.3130
1787575706.937,2026-08-24 17:48:26,2021-06-19 10:11:12.500,37.3560074300,-121.9157717200,20.3270,555072.941000,37.3559993000,-121.9157713000,21.3030
1787575707.037,2026-08-24 17:48:27,2021-06-19 10:11:12.600,37.3560470100,-121.9157717300,20.3650,555073.041000,37.3560389000,-121.9157713000,21.2860
1787575707.138,2026-08-24 17:48:27,2021-06-19 10:11:12.700,37.3560869300,-121.9157719700,20.2960,555073.141000,37.3560789000,-121.9157714000,21.2730
1787575707.238,2026-08-24 17:48:27,2021-06-19 10:11:12.800,37.3561270000,-121.9157714600,20.3440,555073.246000,37.3561211000,-121.9157714000,21.2650
1787575707.339,2026-08-24 17:48:27,2021-06-19 10:11:12.900,37.3561678800,-121.9157716700,20.4140,555073.341000,37.3561596000,-121.9157714000,21.2650
1787575707.439,2026-08-24 17:48:27,2021-06-19 10:11:13.000,37.3562090500,-121.9157716100,20.3940,555073.446000,37.3562024000,-121.9157714000,21.2710
1787575707.540,2026-08-24 17:48:27,2021-06-19 10:11:13.100,37.3562500800,-121.9157713600,20.3840,555073.541000,37.3562415000,-121.9157714000,21.2720
1787575707.640,2026-08-24 17:48:27,2021-06-19 10:11:13.200,37.3562912700,-121.9157714000,20.3380,555073.646000,37.3562849000,-121.9157715000,21.2620
1787575707.741,2026-08-24 17:48:27,2021-06-19 10:11:13.300,37.3563329500,-121.9157718500,20.4140,555073.746000,37.3563265000,-121.9157715000,21.2540
1787575707.842,2026-08-24 17:48:27,2021-06-19 10:11:13.400,37.3563751500,-121.9157720500,20.4080,555073.847000,37.3563684000,-121.9157714000,21.2510
1787575707.943,2026-08-24 17:48:27,2021-06-19 10:11:13.500,37.3564173700,-121.9157723700,20.2520,555073.947000,37.3564106000,-121.9157714000,21.2540
1787575708.043,2026-08-24 17:48:28,2021-06-19 10:11:13.600,37.3564600700,-121.9157723000,20.2410,555074.047000,37.3564531000,-121.9157714000,21.2480
1787575708.144,2026-08-24 17:48:28,2021-06-19 10:11:13.700,37.3565026000,-121.9157724300,20.2540,555074.147000,37.3564958000,-121.9157714000,21.2480
1787575708.245,2026-08-24 17:48:28,2021-06-19 10:11:13.800,37.3565459800,-121.9157723300,20.2460,555074.252000,37.3565409000,-121.9157714000,21.2420
1787575708.345,2026-08-24 17:48:28,2021-06-19 10:11:13.900,37.3565891800,-121.9157723300,20.2120,555074.352000,37.3565842000,-121.9157715000,21.2270
1787575708.446,2026-08-24 17:48:28,2021-06-19 10:11:14.000,37.3566326900,-121.9157722200,20.1270,555074.452000,37.3566277000,-121.9157714000,21.2220
1787575708.547,2026-08-24 17:48:28,2021-06-19 10:11:14.100,37.3566764100,-121.9157721300,20.0960,555074.552000,37.3566716000,-121.9157714000,21.2190
1787575708.648,2026-08-24 17:48:28,2021-06-19 10:11:14.200,37.3567204000,-121.9157722700,20.0070,555074.657000,37.3567179000,-121.9157715000,21.2010
1787575708.749,2026-08-24 17:48:28,2021-06-19 10:11:14.300,37.3567645800,-121.9157721900,19.9490,555074.757000,37.3567623000,-121.9157715000,21.1880
1787575708.850,2026-08-24 17:48:28,2021-06-19 10:11:14.400,37.3568088900,-121.9157724000,19.8540,555074.852000,37.3568047000,-121.9157716000,21.1790
1787575708.950,2026-08-24 17:48:28,2021-06-19 10:11:14.500,37.3568539700,-121.9157727100,19.6670,555074.957000,37.3568518000,-121.9157716000,21.1670
1787575709.051,2026-08-24 17:48:29,2021-06-19 10:11:14.600,37.3568989900,-121.9157729500,19.5820,555075.057000,37.3568970000,-121.9157716000,21.1580
1787575709.152,2026-08-24 17:48:29,2021-06-19 10:11:14.700,37.3569447300,-121.9157732900,19.4870,555075.157000,37.3569425000,-121.9157716000,21.1440
1787575709.253,2026-08-24 17:48:29,2021-06-19 10:11:14.800,37.3569901700,-121.9157733100,19.3990,555075.262000,37.3569906000,-121.9157717000,21.1210
1787575709.354,2026-08-24 17:48:29,2021-06-19 10:11:14.900,37.3570362300,-121.9157733200,19.2240,555075.357000,37.3570342000,-121.9157717000,21.1020
1787575709.454,2026-08-24 17:48:29,2021-06-19 10:11:15.000,37.3570825300,-121.9157733800,18.9900,555075.462000,37.3570828000,-121.9157718000,21.0800
1787575709.555,2026-08-24 17:48:29,2021-06-19 10:11:15.100,37.3571294500,-121.9157736200,18.9350,555075.562000,37.3571294000,-121.9157718000,21.0720
1787575709.656,2026-08-24 17:48:29,2021-06-19 10:11:15.200,37.3571758400,-121.9157740000,18.7680,555075.662000,37.3571762000,-121.9157718000,21.0180
1787575709.757,2026-08-24 17:48:29,2021-06-19 10:11:15.300,37.3572225300,-121.9157737000,18.6360,555075.762000,37.3572232000,-121.9157718000,20.9990
1787575709.857,2026-08-24 17:48:29,2021-06-19 10:11:15.400,37.3572696900,-121.9157738900,18.4100,555075.862000,37.3572707000,-121.9157720000,20.9990
1787575709.958,2026-08-24 17:48:29,2021-06-19 10:11:15.500,37.3573172100,-121.9157741200,18.2180,555075.962000,37.3573183000,-121.9157721000,20.9710
1787575710.059,2026-08-24 17:48:30,2021-06-19 10:11:15.600,37.3573652000,-121.9157741500,18.3640,555076.062000,37.3573662000,-121.9157719000,20.9370
1787575710.159,2026-08-24 17:48:30,2021-06-19 10:11:15.700,37.3574131600,-121.9157737300,18.5190,555076.168000,37.3574168000,-121.9157720000,20.9160
1787575710.260,2026-08-24 17:48:30,2021-06-19 10:11:15.800,37.3574615300,-121.9157732500,18.6860,555076.268000,37.3574652000,-121.9157720000,20.8870
1787575710.360,2026-08-24 17:48:30,2021-06-19 10:11:15.900,37.3575100700,-121.9157733600,18.8440,555076.368000,37.3575140000,-121.9157720000,20.8620
1787575710.461,2026-08-24 17:48:30,2021-06-19 10:11:16.000,37.3575594800,-121.9157733900,18.9640,555076.468000,37.3575630000,-121.9157720000,20.8390
1787575710.561,2026-08-24 17:48:30,2021-06-19 10:11:16.100,37.3576088000,-121.9157728700,19.1410,555076.568000,37.3576123000,-121.9157721000,20.8220
1787575710.662,2026-08-24 17:48:30,2021-06-19 10:11:16.200,37.3576582200,-121.9157725000,19.2830,555076.668000,37.3576619000,-121.9157721000,20.8080
1787575710.763,2026-08-24 17:48:30,2021-06-19 10:11:16.300,37.3577080100,-121.9157725700,19.4890,555076.763000,37.3577093000,-121.9157723000,20.8060
1787575710.864,2026-08-24 17:48:30,2021-06-19 10:11:16.400,37.3577584400,-121.9157724000,19.6570,555076.873000,37.3577644000,-121.9157721000,20.7860
1787575710.965,2026-08-24 17:48:30,2021-06-19 10:11:16.500,37.3578092100,-121.9157723700,19.7730,555076.973000,37.3578149000,-121.9157721000,20.7840
1787575711.066,2026-08-24 17:48:31,2021-06-19 10:11:16.600,37.3578599500,-121.9157722600,19.9690,555077.068000,37.3578630000,-121.9157721000,20.7800
1787575711.167,2026-08-24 17:48:31,2021-06-19 10:11:16.700,37.3579106900,-121.9157721000,20.1030,555077.173000,37.3579164000,-121.9157721000,20.7770
1787575711.267,2026-08-24 17:48:31,2021-06-19 10:11:16.800,37.3579616700,-121.9157720200,20.2950,555077.273000,37.3579676000,-121.9157721000,20.7820
1787575711.367,2026-08-24 17:48:31,2021-06-19 10:11:16.900,37.3580131600,-121.9157721100,20.4230,555077.373000,37.3580191000,-121.9157721000,20.7880
1787575711.468,2026-08-24 17:48:31,2021-06-19 10:11:17.000,37.3580649600,-121.9157718500,20.5320,555077.478000,37.3580734000,-121.9157722000,20.7990
1787575711.569,2026-08-24 17:48:31,2021-06-19 10:11:17.100,37.3581168000,-121.9157718500,20.7230,555077.573000,37.3581228000,-121.9157721000,20.8000
1787575711.670,2026-08-24 17:48:31,2021-06-19 10:11:17.200,37.3581692500,-121.9157717500,20.9010,555077.673000,37.3581750000,-121.9157722000,20.8020
1787575711.771,2026-08-24 17:48:31,2021-06-19 10:11:17.300,37.3582217900,-121.9157715300,21.0920,555077.778000,37.3582301000,-121.9157722000,20.8050
1787575711.872,2026-08-24 17:48:31,2021-06-19 10:11:17.400,37.3582742400,-121.9157715700,21.2050,555077.883000,37.3582856000,-121.9157722000,20.8060
1787575711.973,2026-08-24 17:48:31,2021-06-19 10:11:17.500,37.3583278600,-121.9157714800,21.3150,555077.983000,37.3583387000,-121.9157722000,20.8170
1787575712.073,2026-08-24 17:48:32,2021-06-19 10:11:17.600,37.3583812600,-121.9157711900,21.4570,555078.083000,37.3583920000,-121.9157722000,20.8310
1787575712.174,2026-08-24 17:48:32,2021-06-19 10:11:17.700,37.3584348700,-121.9157711200,21.6470,555078.183000,37.3584456000,-121.9157722000,20.8450
1787575712.274,2026-08-24 17:48:32,2021-06-19 10:11:17.800,37.3584884100,-121.9157711200,21.7730,555078.283000,37.3584996000,-121.9157722000,20.8570
1787575712.375,2026-08-24 17:48:32,2021-06-19 10:11:17.900,37.3585423600,-121.9157707300,21.8960,555078.383000,37.3585538000,-121.9157722000,20.8760
1787575712.476,2026-08-24 17:48:32,2021-06-19 10:11:18.000,37.3585970300,-121.9157704300,21.9620,555078.484000,37.3586083000,-121.9157722000,20.8980
1787575712.577,2026-08-24 17:48:32,2021-06-19 10:11:18.100,37.3586517000,-121.9157702700,22.1890,555078.584000,37.3586631000,-121.9157722000,20.9180
1787575712.677,2026-08-24 17:48:32,2021-06-19 10:11:18.200,37.3587066500,-121.9157701600,22.3100,555078.689000,37.3587209000,-121.9157722000,20.9300
1787575712.778,2026-08-24 17:48:32,2021-06-19 10:11:18.300,37.3587617500,-121.9157698000,22.4380,555078.784000,37.3587735000,-121.9157722000,20.9440
1787575712.879,2026-08-24 17:48:32,2021-06-19 10:11:18.400,37.3588176100,-121.9157698700,22.5220,555078.884000,37.3588291000,-121.9157722000,20.9550
1787575712.979,2026-08-24 17:48:32,2021-06-19 10:11:18.500,37.3588737500,-121.9157698700,22.6210,555078.989000,37.3588878000,-121.9157722000,20.9880
1787575713.080,2026-08-24 17:48:33,2021-06-19 10:11:18.600,37.3589295500,-121.9157698800,22.8100,555079.089000,37.3589439000,-121.9157722000,21.0130
1787575713.181,2026-08-24 17:48:33,2021-06-19 10:11:18.700,37.3589861400,-121.9157696000,22.9400,555079.189000,37.3590004000,-121.9157722000,21.0400
1787575713.282,2026-08-24 17:48:33,2021-06-19 10:11:18.800,37.3590423300,-121.9157694700,23.0450,555079.294000,37.3590599000,-121.9157722000,21.0660
1787575713.383,2026-08-24 17:48:33,2021-06-19 10:11:18.900,37.3590990400,-121.9157695500,23.1900,555079.394000,37.3591169000,-121.9157722000,21.0880
1787575713.484,2026-08-24 17:48:33,2021-06-19 10:11:19.000,37.3591564700,-121.9157695700,23.3060,555079.494000,37.3591742000,-121.9157722000,21.1120
1787575713.585,2026-08-24 17:48:33,2021-06-19 10:11:19.100,37.3592138000,-121.9157693100,23.4290,555079.589000,37.3592289000,-121.9157721000,21.1410
1787575713.685,2026-08-24 17:48:33,2021-06-19 10:11:19.200,37.3592713600,-121.9157691500,23.5650,555079.694000,37.3592896000,-121.9157721000,21.1680
1787575713.785,2026-08-24 17:48:33,2021-06-19 10:11:19.300,37.3593290000,-121.9157691400,23.6900,555079.794000,37.3593476000,-121.9157720000,21.1960
1787575713.886,2026-08-24 17:48:33,2021-06-19 10:11:19.400,37.3593874600,-121.9157690600,23.8200,555079.894000,37.3594060000,-121.9157720000,21.2280
1787575713.986,2026-08-24 17:48:33,2021-06-19 10:11:19.500,37.3594462300,-121.9157688400,23.8760,555079.994000,37.3594645000,-121.9157720000,21.2600
1787575714.087,2026-08-24 17:48:34,2021-06-19 10:11:19.600,37.3595050700,-121.9157688000,24.0140,555080.094000,37.3595233000,-121.9157719000,21.2900
1787575714.187,2026-08-24 17:48:34,2021-06-19 10:11:19.700,37.3595640300,-121.9157685500,24.1920,555080.194000,37.3595825000,-121.9157719000,21.3290
1787575714.287,2026-08-24 17:48:34,2021-06-19 10:11:19.800,37.3596235200,-121.9157684100,24.3210,555080.300000,37.3596449000,-121.9157719000,21.3760
1787575714.388,2026-08-24 17:48:34,2021-06-19 10:11:19.900,37.3596831100,-121.9157682800,24.4060,555080.395000,37.3597016000,-121.9157718000,21.4090
1787575714.488,2026-08-24 17:48:34,2021-06-19 10:11:20.000,37.3597431000,-121.9157680800,24.4790,555080.495000,37.3597615000,-121.9157718000,21.4400
1787575714.589,2026-08-24 17:48:34,2021-06-19 10:11:20.100,37.3598030700,-121.9157679300,24.6510,555080.600000,37.3598248000,-121.9157717000,21.4690
1787575714.690,2026-08-24 17:48:34,2021-06-19 10:11:20.200,37.3598635000,-121.9157678600,24.7630,555080.700000,37.3598852000,-121.9157717000,21.5190
1787575714.791,2026-08-24 17:48:34,2021-06-19 10:11:20.300,37.3599238000,-121.9157677000,24.9040,555080.800000,37.3599460000,-121.9157716000,21.5630
1787575714.891,2026-08-24 17:48:34,2021-06-19 10:11:20.400,37.3599849400,-121.9157675000,25.0200,555080.900000,37.3600070000,-121.9157715000,21.6100
1787575714.991,2026-08-24 17:48:34,2021-06-19 10:11:20.500,37.3600460700,-121.9157674000,25.0550,555081.000000,37.3600683000,-121.9157714000,21.6590
1787575715.092,2026-08-24 17:48:35,2021-06-19 10:11:20.600,37.3601078400,-121.9157672100,25.1540,555081.100000,37.3601298000,-121.9157714000,21.7120
1787575715.193,2026-08-24 17:48:35,2021-06-19 10:11:20.700,37.3601696700,-121.9157671500,25.2700,555081.200000,37.3601916000,-121.9157714000,21.7560
1787575715.294,2026-08-24 17:48:35,2021-06-19 10:11:20.800,37.3602311000,-121.9157671400,25.3830,555081.305000,37.3602567000,-121.9157713000,21.8050
1787575715.395,2026-08-24 17:48:35,2021-06-19 10:11:20.900,37.3602934500,-121.9157669700,25.4850,555081.405000,37.3603192000,-121.9157713000,21.8520
1787575715.495,2026-08-24 17:48:35,2021-06-19 10:11:21.000,37.3603560200,-121.9157667800,25.5030,555081.505000,37.3603819000,-121.9157712000,21.8990
1787575715.596,2026-08-24 17:48:35,2021-06-19 10:11:21.100,37.3604191000,-121.9157669300,25.6240,555081.600000,37.3604416000,-121.9157711000,21.9400
1787575715.696,2026-08-24 17:48:35,2021-06-19 10:11:21.200,37.3604820500,-121.9157668000,25.7070,555081.705000,37.3605079000,-121.9157711000,21.9800
1787575715.797,2026-08-24 17:48:35,2021-06-19 10:11:21.300,37.3605452100,-121.9157666100,25.7380,555081.805000,37.3605713000,-121.9157710000,22.0250
1787575715.897,2026-08-24 17:48:35,2021-06-19 10:11:21.400,37.3606087300,-121.9157665800,25.7590,555081.905000,37.3606350000,-121.9157709000,22.0670
1787575715.998,2026-08-24 17:48:35,2021-06-19 10:11:21.500,37.3606727600,-121.9157667000,25.8050,555082.005000,37.3606989000,-121.9157708000,22.1140
1787575716.098,2026-08-24 17:48:36,2021-06-19 10:11:21.600,37.3607371200,-121.9157666900,25.8520,555082.105000,37.3607630000,-121.9157708000,22.1580
1787575716.200,2026-08-24 17:48:36,2021-06-19 10:11:21.700,37.3608015400,-121.9157664700,25.9080,555082.210000,37.3608306000,-121.9157707000,22.1940
1787575716.300,2026-08-24 17:48:36,2021-06-19 10:11:21.800,37.3608659800,-121.9157663300,25.9440,555082.310000,37.3608951000,-121.9157707000,22.2370
1787575716.401,2026-08-24 17:48:36,2021-06-19 10:11:21.900,37.3609308300,-121.9157664600,26.0110,555082.410000,37.3609600000,-121.9157706000,22.2820
1787575716.501,2026-08-24 17:48:36,2021-06-19 10:11:22.000,37.3609961200,-121.9157666400,25.9220,555082.510000,37.3610250000,-121.9157706000,22.3220
1787575716.602,2026-08-24 17:48:36,2021-06-19 10:11:22.100,37.3610612900,-121.9157665800,25.9480,555082.610000,37.3610903000,-121.9157705000,22.3590
1787575716.703,2026-08-24 17:48:36,2021-06-19 10:11:22.200,37.3611265600,-121.9157664300,25.9490,555082.715000,37.3611589000,-121.9157705000,22.3870
1787575716.804,2026-08-24 17:48:36,2021-06-19 10:11:22.300,37.3611919200,-121.9157665200,26.0140,555082.811000,37.3612213000,-121.9157704000,22.4240
1787575716.904,2026-08-24 17:48:36,2021-06-19 10:11:22.400,37.3612578600,-121.9157664600,26.0200,555082.906000,37.3612839000,-121.9157703000,22.4610
1787575717.005,2026-08-24 17:48:37,2021-06-19 10:11:22.500,37.3613238800,-121.9157664500,25.9310,555083.016000,37.3613564000,-121.9157702000,22.5030
1787575717.105,2026-08-24 17:48:37,2021-06-19 10:11:22.600,37.3613900300,-121.9157665700,25.9350,555083.116000,37.3614227000,-121.9157702000,22.5380
1787575717.206,2026-08-24 17:48:37,2021-06-19 10:11:22.700,37.3614564500,-121.9157665700,25.9550,555083.216000,37.3614891000,-121.9157702000,22.5790
1787575717.307,2026-08-24 17:48:37,2021-06-19 10:11:22.800,37.3615231400,-121.9157666200,25.9480,555083.316000,37.3615557000,-121.9157701000,22.6150
1787575717.408,2026-08-24 17:48:37,2021-06-19 10:11:22.900,37.3615900800,-121.9157664900,25.8570,555083.416000,37.3616226000,-121.9157701000,22.6430
1787575717.509,2026-08-24 17:48:37,2021-06-19 10:11:23.000,37.3616570900,-121.9157667500,25.7710,555083.516000,37.3616896000,-121.9157700000,22.6760
1787575717.610,2026-08-24 17:48:37,2021-06-19 10:11:23.100,37.3617242900,-121.9157669000,25.7390,555083.621000,37.3617601000,-121.9157700000,22.7090
1787575717.710,2026-08-24 17:48:37,2021-06-19 10:11:23.200,37.3617919900,-121.9157669000,25.6670,555083.721000,37.3618275000,-121.9157700000,22.7330
1787575717.811,2026-08-24 17:48:37,2021-06-19 10:11:23.300,37.3618593000,-121.9157670000,25.5770,555083.821000,37.3618949000,-121.9157700000,22.7670
1787575717.911,2026-08-24 17:48:37,2021-06-19 10:11:23.400,37.3619266200,-121.9157671200,25.4710,555083.921000,37.3619626000,-121.9157700000,22.7880
1787575718.012,2026-08-24 17:48:38,2021-06-19 10:11:23.500,37.3619946200,-121.9157673500,25.2780,555084.021000,37.3620304000,-121.9157699000,22.8110
1787575718.113,2026-08-24 17:48:38,2021-06-19 10:11:23.600,37.3620629200,-121.9157676600,25.2090,555084.121000,37.3620985000,-121.9157698000,22.8350
1787575718.214,2026-08-24 17:48:38,2021-06-19 10:11:23.700,37.3621308900,-121.9157676200,25.0800,555084.221000,37.3621666000,-121.9157699000,22.8570
1787575718.314,2026-08-24 17:48:38,2021-06-19 10:11:23.800,37.3621990800,-121.9157677800,24.9270,555084.326000,37.3622384000,-121.9157699000,22.8720
1787575718.414,2026-08-24 17:48:38,2021-06-19 10:11:23.900,37.3622672800,-121.9157677800,24.7550,555084.426000,37.3623068000,-121.9157699000,22.8870
1787575718.515,2026-08-24 17:48:38,2021-06-19 10:11:24.000,37.3623362700,-121.9157681900,24.5650,555084.526000,37.3623755000,-121.9157699000,22.9040
1787575718.616,2026-08-24 17:48:38,2021-06-19 10:11:24.100,37.3624048100,-121.9157684300,24.4070,555084.626000,37.3624442000,-121.9157699000,22.9130
1787575718.717,2026-08-24 17:48:38,2021-06-19 10:11:24.200,37.3624736200,-121.9157684900,24.2280,555084.726000,37.3625131000,-121.9157699000,22.9230
1787575718.817,2026-08-24 17:48:38,2021-06-19 10:11:24.300,37.3625423900,-121.9157686100,24.0120,555084.826000,37.3625821000,-121.9157699000,22.9310
1787575718.918,2026-08-24 17:48:38,2021-06-19 10:11:24.400,37.3626114000,-121.9157688000,23.8340,555084.926000,37.3626512000,-121.9157699000,22.9370
1787575719.019,2026-08-24 17:48:39,2021-06-19 10:11:24.500,37.3626806800,-121.9157693000,23.5660,555085.031000,37.3627238000,-121.9157700000,22.9420
1787575719.119,2026-08-24 17:48:39,2021-06-19 10:11:24.600,37.3627497100,-121.9157694500,23.3590,555085.126000,37.3627898000,-121.9157700000,22.9430
1787575719.220,2026-08-24 17:48:39,2021-06-19 10:11:24.700,37.3628192000,-121.9157695200,23.0780,555085.231000,37.3628627000,-121.9157700000,22.9430
1787575719.321,2026-08-24 17:48:39,2021-06-19 10:11:24.800,37.3628885500,-121.9157697500,22.8550,555085.331000,37.3629322000,-121.9157700000,22.9480
1787575719.422,2026-08-24 17:48:39,2021-06-19 10:11:25.000,37.3630279700,-121.9157705100,22.2340,555085.432000,37.3630019000,-121.9157700000,22.9450
1787575719.523,2026-08-24 17:48:39,2021-06-19 10:11:25.100,37.3630977600,-121.9157708300,21.9260,555085.537000,37.3630751000,-121.9157700000,22.9290
1787575719.623,2026-08-24 17:48:39,2021-06-19 10:11:25.200,37.3631676200,-121.9157711600,21.6490,555085.637000,37.3631450000,-121.9157700000,22.9190
1787575719.725,2026-08-24 17:48:39,2021-06-19 10:11:25.300,37.3632374300,-121.9157714800,21.5010,555085.737000,37.3632150000,-121.9157700000,22.9120
1787575719.825,2026-08-24 17:48:39,2021-06-19 10:11:25.400,37.3633074800,-121.9157712300,21.5470,555085.837000,37.3632851000,-121.9157700000,22.8980
1787575719.935,2026-08-24 17:48:39,2021-06-19 10:11:25.500,37.3633777000,-121.9157712300,21.5200,555085.947000,37.3633622000,-121.9157700000,22.8820
1787575720.035,2026-08-24 17:48:40,2021-06-19 10:11:25.600,37.3634479200,-121.9157713800,21.6130,555086.047000,37.3634325000,-121.9157700000,22.8690
1787575720.136,2026-08-24 17:48:40,2021-06-19 10:11:25.700,37.3635182900,-121.9157713100,21.6940,555086.147000,37.3635028000,-121.9157700000,22.8570
1787575720.237,2026-08-24 17:48:40,2021-06-19 10:11:25.800,37.3635883300,-121.9157712900,21.7170,555086.247000,37.3635732000,-121.9157700000,22.8490
1787575720.338,2026-08-24 17:48:40,2021-06-19 10:11:25.900,37.3636587100,-121.9157710200,21.7620,555086.352000,37.3636473000,-121.9157700000,22.8440
1787575720.438,2026-08-24 17:48:40,2021-06-19 10:11:26.000,37.3637292300,-121.9157712400,21.7390,555086.447000,37.3637142000,-121.9157700000,22.8330
1787575720.539,2026-08-24 17:48:40,2021-06-19 10:11:26.100,37.3638000300,-121.9157713600,21.8060,555086.547000,37.3637848000,-121.9157700000,22.8250
1787575720.640,2026-08-24 17:48:40,2021-06-19 10:11:26.200,37.3638704000,-121.9157711200,21.8450,555086.647000,37.3638555000,-121.9157700000,22.8240
1787575720.741,2026-08-24 17:48:40,2021-06-19 10:11:26.300,37.3639407600,-121.9157709800,21.8900,555086.747000,37.3639262000,-121.9157700000,22.8160
1787575720.841,2026-08-24 17:48:40,2021-06-19 10:11:26.400,37.3640111300,-121.9157709200,21.9440,555086.852000,37.3640006000,-121.9157700000,22.8150
1787575720.942,2026-08-24 17:48:40,2021-06-19 10:11:26.500,37.3640821300,-121.9157711400,21.9530,555086.952000,37.3640714000,-121.9157701000,22.8080
1787575721.043,2026-08-24 17:48:41,2021-06-19 10:11:26.600,37.3641529400,-121.9157710900,22.0560,555087.057000,37.3641458000,-121.9157701000,22.7990
1787575721.144,2026-08-24 17:48:41,2021-06-19 10:11:26.700,37.3642235200,-121.9157709200,22.0860,555087.157000,37.3642167000,-121.9157700000,22.8070
1787575721.245,2026-08-24 17:48:41,2021-06-19 10:11:26.800,37.3642940200,-121.9157708800,22.1100,555087.257000,37.3642876000,-121.9157700000,22.8090
1787575721.345,2026-08-24 17:48:41,2021-06-19 10:11:26.900,37.3643650700,-121.9157707400,22.1780,555087.357000,37.3643586000,-121.9157700000,22.8090
1787575721.445,2026-08-24 17:48:41,2021-06-19 10:11:27.000,37.3644359000,-121.9157709100,22.1600,555087.457000,37.3644296000,-121.9157699000,22.8130
1787575721.546,2026-08-24 17:48:41,2021-06-19 10:11:27.100,37.3645066600,-121.9157707600,22.2430,555087.557000,37.3645005000,-121.9157699000,22.8230
1787575721.646,2026-08-24 17:48:41,2021-06-19 10:11:27.200,37.3645772000,-121.9157705800,22.2410,555087.657000,37.3645714000,-121.9157699000,22.8480
1787575721.747,2026-08-24 17:48:41,2021-06-19 10:11:27.300,37.3646479700,-121.9157705000,22.3340,555087.757000,37.3646423000,-121.9157698000,22.8960
1787575721.847,2026-08-24 17:48:41,2021-06-19 10:11:27.400,37.3647188900,-121.9157704000,22.4490,555087.857000,37.3647133000,-121.9157697000,22.9760
1787575721.948,2026-08-24 17:48:41,2021-06-19 10:11:27.500,37.3647894800,-121.9157706600,22.5190,555087.957000,37.3647842000,-121.9157697000,23.0650
1787575722.048,2026-08-24 17:48:42,2021-06-19 10:11:27.600,37.3648603800,-121.9157705600,22.6930,555088.057000,37.3648551000,-121.9157697000,23.1800
1787575722.149,2026-08-24 17:48:42,2021-06-19 10:11:27.700,37.3649312000,-121.9157704500,22.8450,555088.163000,37.3649296000,-121.9157696000,23.3230
1787575722.250,2026-08-24 17:48:42,2021-06-19 10:11:27.800,37.3650021200,-121.9157706000,23.0960,555088.263000,37.3650006000,-121.9157696000,23.4780
1787575722.351,2026-08-24 17:48:42,2021-06-19 10:11:27.900,37.3650726600,-121.9157705400,23.3280,555088.363000,37.3650715000,-121.9157695000,23.6500
1787575722.452,2026-08-24 17:48:42,2021-06-19 10:11:28.000,37.3651435000,-121.9157704200,23.5190,555088.463000,37.3651423000,-121.9157695000,23.8380
1787575722.553,2026-08-24 17:48:42,2021-06-19 10:11:28.100,37.3652141400,-121.9157701700,23.8080,555088.563000,37.3652132000,-121.9157695000,24.0550
1787575722.654,2026-08-24 17:48:42,2021-06-19 10:11:28.200,37.3652849800,-121.9157702500,24.1620,555088.663000,37.3652841000,-121.9157695000,24.2880
1787575722.755,2026-08-24 17:48:42,2021-06-19 10:11:28.300,37.3653556000,-121.9157701100,24.4740,555088.763000,37.3653549000,-121.9157694000,24.5400
1787575722.856,2026-08-24 17:48:42,2021-06-19 10:11:28.400,37.3654264400,-121.9157697300,24.7980,555088.868000,37.3654294000,-121.9157694000,24.8350
1787575722.956,2026-08-24 17:48:42,2021-06-19 10:11:28.500,37.3654972000,-121.9157698000,25.0470,555088.968000,37.3655002000,-121.9157694000,25.1430
1787575723.057,2026-08-24 17:48:43,2021-06-19 10:11:28.600,37.3655678300,-121.9157700900,25.2550,555089.068000,37.3655710000,-121.9157693000,25.4680
1787575723.158,2026-08-24 17:48:43,2021-06-19 10:11:28.700,37.3656385400,-121.9157702900,25.3230,555089.168000,37.3656408000,-121.9157694000,25.8210
1787575723.258,2026-08-24 17:48:43,2021-06-19 10:11:28.800,37.3657089200,-121.9157705300,25.4030,555089.268000,37.3657116000,-121.9157694000,26.1810
1787575723.359,2026-08-24 17:48:43,2021-06-19 10:11:28.900,37.3657792900,-121.9157706400,25.5000,555089.373000,37.3657860000,-121.9157694000,26.5650
1787575723.459,2026-08-24 17:48:43,2021-06-19 10:11:29.000,37.3658501200,-121.9157713100,25.6190,555089.468000,37.3658534000,-121.9157694000,26.9390
1787575723.560,2026-08-24 17:48:43,2021-06-19 10:11:29.100,37.3659206900,-121.9157714100,25.8240,555089.568000,37.3659252000,-121.9157691000,27.3480
1787575723.660,2026-08-24 17:48:43,2021-06-19 10:11:29.200,37.3659913200,-121.9157716400,25.9910,555089.673000,37.3659986000,-121.9157693000,27.7930
1787575723.761,2026-08-24 17:48:43,2021-06-19 10:11:29.300,37.3660615500,-121.9157717900,26.2110,555089.773000,37.3660694000,-121.9157694000,28.2340
1787575723.864,2026-08-24 17:48:43,2021-06-19 10:11:29.400,37.3661324200,-121.9157721000,26.5030,555089.878000,37.3661438000,-121.9157693000,28.7120
1787575723.965,2026-08-24 17:48:43,2021-06-19 10:11:29.500,37.3662031000,-121.9157723300,26.7270,555089.978000,37.3662147000,-121.9157693000,29.1900
1787575724.065,2026-08-24 17:48:44,2021-06-19 10:11:29.600,37.3662736200,-121.9157724900,27.0480,555090.073000,37.3662819000,-121.9157693000,29.6620
1787575724.165,2026-08-24 17:48:44,2021-06-19 10:11:29.700,37.3663441700,-121.9157727400,27.3830,555090.173000,37.3663527000,-121.9157694000,30.1700
1787575724.266,2026-08-24 17:48:44,2021-06-19 10:11:29.800,37.3664146500,-121.9157731000,27.8000,555090.278000,37.3664271000,-121.9157693000,30.7300
1787575724.366,2026-08-24 17:48:44,2021-06-19 10:11:29.900,37.3664855500,-121.9157731500,28.2130,555090.378000,37.3664980000,-121.9157694000,31.2740
1787575724.467,2026-08-24 17:48:44,2021-06-19 10:11:30.000,37.3665562600,-121.9157732000,28.6060,555090.478000,37.3665688000,-121.9157694000,31.8420
1787575724.567,2026-08-24 17:48:44,2021-06-19 10:11:30.100,37.3666267400,-121.9157734000,29.1420,555090.583000,37.3666432000,-121.9157694000,32.4590
1787575724.668,2026-08-24 17:48:44,2021-06-19 10:11:30.200,37.3666976400,-121.9157734900,29.7200,555090.683000,37.3667140000,-121.9157694000,33.0610
1787575724.769,2026-08-24 17:48:44,2021-06-19 10:11:30.300,37.3667680100,-121.9157735600,30.3030,555090.783000,37.3667848000,-121.9157694000,33.6820
1787575724.869,2026-08-24 17:48:44,2021-06-19 10:11:30.400,37.3668387300,-121.9157733700,30.9470,555090.883000,37.3668556000,-121.9157694000,34.3260
1787575724.969,2026-08-24 17:48:44,2021-06-19 10:11:30.500,37.3669095800,-121.9157736100,31.5860,555090.978000,37.3669228000,-121.9157695000,34.9570
1787575725.070,2026-08-24 17:48:45,2021-06-19 10:11:30.600,37.3669805100,-121.9157735200,32.3930,555091.083000,37.3669972000,-121.9157695000,35.6800
1787575725.171,2026-08-24 17:48:45,2021-06-19 10:11:30.700,37.3670512900,-121.9157735000,33.1860,555091.183000,37.3670680000,-121.9157695000,36.3800
1787575725.272,2026-08-24 17:48:45,2021-06-19 10:11:30.800,37.3671215200,-121.9157734200,34.0620,555091.283000,37.3671387000,-121.9157696000,37.1120
1787575725.372,2026-08-24 17:48:45,2021-06-19 10:11:30.900,37.3671925200,-121.9157731700,34.9770,555091.383000,37.3672095000,-121.9157696000,37.8600
1787575725.473,2026-08-24 17:48:45,2021-06-19 10:11:31.000,37.3672635600,-121.9157734000,35.6760,555091.483000,37.3672803000,-121.9157696000,38.6320
1787575725.574,2026-08-24 17:48:45,2021-06-19 10:11:31.100,37.3673342100,-121.9157735700,36.3590,555091.588000,37.3673547000,-121.9157696000,39.4600
1787575725.674,2026-08-24 17:48:45,2021-06-19 10:11:31.200,37.3674045100,-121.9157739200,37.0280,555091.688000,37.3674254000,-121.9157696000,40.2690
1787575725.775,2026-08-24 17:48:45,2021-06-19 10:11:31.300,37.3674749500,-121.9157740500,37.6920,555091.783000,37.3674926000,-121.9157696000,41.0500
1787575725.876,2026-08-24 17:48:45,2021-06-19 10:11:31.400,37.3675459600,-121.9157740500,38.4350,555091.889000,37.3675669000,-121.9157696000,41.9410
1787575725.977,2026-08-24 17:48:45,2021-06-19 10:11:31.500,37.3676167000,-121.9157743000,39.1770,555091.994000,37.3676413000,-121.9157696000,42.8470
1787575726.077,2026-08-24 17:48:46,2021-06-19 10:11:31.600,37.3676871500,-121.9157745100,40.0230,555092.089000,37.3677084000,-121.9157696000,43.6830
1787575726.178,2026-08-24 17:48:46,2021-06-19 10:11:31.700,37.3677576000,-121.9157745000,40.8740,555092.194000,37.3677827000,-121.9157696000,44.6320
1787575726.278,2026-08-24 17:48:46,2021-06-19 10:11:31.800,37.3678284300,-121.9157747100,41.8030,555092.289000,37.3678498000,-121.9157697000,45.5000
1787575726.379,2026-08-24 17:48:46,2021-06-19 10:11:31.900,37.3678991300,-121.9157748900,42.8250,555092.389000,37.3679205000,-121.9157697000,46.4420
1787575726.480,2026-08-24 17:48:46,2021-06-19 10:11:32.000,37.3679700200,-121.9157748300,43.8050,555092.494000,37.3679948000,-121.9157697000,47.4540
1787575726.580,2026-08-24 17:48:46,2021-06-19 10:11:32.100,37.3680406500,-121.9157748200,44.7830,555092.589000,37.3680620000,-121.9157698000,48.3890
1787575726.681,2026-08-24 17:48:46,2021-06-19 10:11:32.200,37.3681114600,-121.9157750400,45.7060,555092.694000,37.3681364000,-121.9157698000,49.4340
1787575726.781,2026-08-24 17:48:46,2021-06-19 10:11:32.300,37.3681817300,-121.9157754000,46.6410,555092.794000,37.3682071000,-121.9157699000,50.4480
1787575726.882,2026-08-24 17:48:46,2021-06-19 10:11:32.400,37.3682522400,-121.9157752200,47.5920,555092.894000,37.3682777000,-121.9157699000,51.4860
1787575726.982,2026-08-24 17:48:46,2021-06-19 10:11:32.500,37.3683231100,-121.9157754000,48.5930,555092.994000,37.3683484000,-121.9157699000,52.5480
1787575727.083,2026-08-24 17:48:47,2021-06-19 10:11:32.600,37.3683938400,-121.9157755000,49.8010,555093.099000,37.3684227000,-121.9157700000,53.6800
1787575727.183,2026-08-24 17:48:47,2021-06-19 10:11:32.700,37.3684644300,-121.9157756100,51.0560,555093.199000,37.3684934000,-121.9157700000,54.7880
1787575727.284,2026-08-24 17:48:47,2021-06-19 10:11:32.800,37.3685349000,-121.9157754600,52.3880,555093.299000,37.3685641000,-121.9157701000,55.9130
1787575727.384,2026-08-24 17:48:47,2021-06-19 10:11:32.900,37.3686057900,-121.9157753600,53.6050,555093.399000,37.3686347000,-121.9157701000,57.0590
1787575727.485,2026-08-24 17:48:47,2021-06-19 10:11:33.000,37.3686770600,-121.9157757300,54.6300,555093.499000,37.3687054000,-121.9157702000,58.2220
1787575727.586,2026-08-24 17:48:47,2021-06-19 10:11:33.100,37.3687478000,-121.9157756800,55.7470,555093.599000,37.3687762000,-121.9157703000,59.4140
1787575727.687,2026-08-24 17:48:47,2021-06-19 10:11:33.200,37.3688185100,-121.9157755400,56.9740,555093.699000,37.3688469000,-121.9157703000,60.6200
1787575727.787,2026-08-24 17:48:47,2021-06-19 10:11:33.300,37.3688889700,-121.9157752400,58.3090,555093.799000,37.3689176000,-121.9157703000,61.8430
1787575727.888,2026-08-24 17:48:47,2021-06-19 10:11:33.400,37.3689599100,-121.9157751900,59.7510,555093.904000,37.3689918000,-121.9157704000,63.1520
1787575727.988,2026-08-24 17:48:47,2021-06-19 10:11:33.500,37.3690306500,-121.9157750800,61.1190,555094.004000,37.3690625000,-121.9157704000,64.4250
1787575728.089,2026-08-24 17:48:48,2021-06-19 10:11:33.600,37.3691016500,-121.9157749500,62.4480,555094.099000,37.3691297000,-121.9157705000,65.6470
1787575728.190,2026-08-24 17:48:48,2021-06-19 10:11:33.700,37.3691723200,-121.9157748800,63.7540,555094.204000,37.3692040000,-121.9157706000,67.0140
1787575728.291,2026-08-24 17:48:48,2021-06-19 10:11:33.800,37.3692429700,-121.9157749500,65.0880,555094.304000,37.3692747000,-121.9157706000,68.3460
1787575728.392,2026-08-24 17:48:48,2021-06-19 10:11:33.900,37.3693135300,-121.9157747500,66.4810,555094.404000,37.3693454000,-121.9157706000,69.6960
1787575728.493,2026-08-24 17:48:48,2021-06-19 10:11:34.000,37.3693844500,-121.9157748000,67.8240,555094.509000,37.3694196000,-121.9157706000,71.1370
1787575728.594,2026-08-24 17:48:48,2021-06-19 10:11:34.100,37.3694551500,-121.9157746300,69.4440,555094.609000,37.3694902000,-121.9157707000,72.5250
1787575728.694,2026-08-24 17:48:48,2021-06-19 10:11:34.200,37.3695263300,-121.9157745000,70.9430,555094.709000,37.3695610000,-121.9157707000,73.9400
1787575728.795,2026-08-24 17:48:48,2021-06-19 10:11:34.300,37.3695968700,-121.9157745200,72.2580,555094.810000,37.3696317000,-121.9157707000,75.3750
1787575728.895,2026-08-24 17:48:48,2021-06-19 10:11:34.400,37.3696674000,-121.9157746100,73.6660,555094.910000,37.3697024000,-121.9157708000,76.8360
1787575728.996,2026-08-24 17:48:48,2021-06-19 10:11:34.500,37.3697381900,-121.9157748400,75.0630,555095.010000,37.3697731000,-121.9157708000,78.3040
1787575729.097,2026-08-24 17:48:49,2021-06-19 10:11:34.600,37.3698090900,-121.9157748300,76.6890,555095.110000,37.3698438000,-121.9157709000,79.7900
1787575729.197,2026-08-24 17:48:49,2021-06-19 10:11:34.700,37.3698798100,-121.9157745100,78.3740,555095.210000,37.3699145000,-121.9157710000,81.2980
1787575729.298,2026-08-24 17:48:49,2021-06-19 10:11:34.800,37.3699502700,-121.9157745000,79.9280,555095.315000,37.3699887000,-121.9157710000,82.9050
1787575729.398,2026-08-24 17:48:49,2021-06-19 10:11:34.900,37.3700211600,-121.9157745500,81.4520,555095.415000,37.3700594000,-121.9157710000,84.4560
1787575729.499,2026-08-24 17:48:49,2021-06-19 10:11:35.000,37.3700921900,-121.9157746100,83.0230,555095.510000,37.3701265000,-121.9157711000,85.9520
1787575729.600,2026-08-24 17:48:49,2021-06-19 10:11:35.100,37.3701630300,-121.9157744700,84.7500,555095.615000,37.3702009000,-121.9157711000,87.6270
1787575729.700,2026-08-24 17:48:49,2021-06-19 10:11:35.200,37.3702336100,-121.9157743400,86.6080,555095.715000,37.3702716000,-121.9157712000,89.2430
1787575729.801,2026-08-24 17:48:49,2021-06-19 10:11:35.300,37.3703046000,-121.9157742600,88.3120,555095.815000,37.3703423000,-121.9157713000,90.8750
1787575729.901,2026-08-24 17:48:49,2021-06-19 10:11:35.400,37.3703755700,-121.9157743000,89.9420,555095.910000,37.3704094000,-121.9157713000,92.4590
1787575730.002,2026-08-24 17:48:50,2021-06-19 10:11:35.500,37.3704464200,-121.9157741700,91.5910,555096.015000,37.3704837000,-121.9157713000,94.2160
1787575730.102,2026-08-24 17:48:50,2021-06-19 10:11:35.600,37.3705169300,-121.9157740100,93.4510,555096.115000,37.3705545000,-121.9157713000,95.9150
1787575730.202,2026-08-24 17:48:50,2021-06-19 10:11:35.700,37.3705879800,-121.9157738100,95.3620,555096.215000,37.3706252000,-121.9157714000,97.6340
1787575730.303,2026-08-24 17:48:50,2021-06-19 10:11:35.800,37.3706586000,-121.9157738700,97.0600,555096.315000,37.3706959000,-121.9157714000,99.3760
1787575730.404,2026-08-24 17:48:50,2021-06-19 10:11:35.900,37.3707292000,-121.9157738500,98.7870,555096.420000,37.3707701000,-121.9157714000,101.2210
1787575730.505,2026-08-24 17:48:50,2021-06-19 10:11:36.000,37.3708001300,-121.9157737800,100.4860,555096.515000,37.3708372000,-121.9157714000,102.9150
1787575730.605,2026-08-24 17:48:50,2021-06-19 10:11:36.100,37.3708709300,-121.9157738300,102.4600,555096.615000,37.3709080000,-121.9157714000,104.7230
1787575730.706,2026-08-24 17:48:50,2021-06-19 10:11:36.200,37.3709418300,-121.9157735700,104.4220,555096.715000,37.3709786000,-121.9157715000,106.5500
1787575730.807,2026-08-24 17:48:50,2021-06-19 10:11:36.300,37.3710121800,-121.9157736700,106.2650,555096.820000,37.3710528000,-121.9157716000,108.4850
1787575730.907,2026-08-24 17:48:50,2021-06-19 10:11:36.400,37.3710830300,-121.9157735700,108.1110,555096.920000,37.3711235000,-121.9157716000,110.3470
1787575731.008,2026-08-24 17:48:51,2021-06-19 10:11:36.500,37.3711539900,-121.9157735300,110.0960,555097.020000,37.3711942000,-121.9157716000,112.2380
1787575731.108,2026-08-24 17:48:51,2021-06-19 10:11:36.600,37.3712247200,-121.9157734500,112.2680,555097.125000,37.3712684000,-121.9157717000,114.2390
1787575731.209,2026-08-24 17:48:51,2021-06-19 10:11:36.700,37.3712951700,-121.9157735600,114.1200,555097.220000,37.3713355000,-121.9157717000,116.0760
1787575731.309,2026-08-24 17:48:51,2021-06-19 10:11:36.800,37.3713659200,-121.9157733900,116.0670,555097.320000,37.3714062000,-121.9157717000,118.0240
1787575731.410,2026-08-24 17:48:51,2021-06-19 10:11:36.900,37.3714370000,-121.9157734300,118.1470,555097.425000,37.3714805000,-121.9157717000,120.0890
1787575731.511,2026-08-24 17:48:51,2021-06-19 10:11:37.000,37.3715077800,-121.9157732100,120.2980,555097.525000,37.3715513000,-121.9157717000,122.0810
1787575731.612,2026-08-24 17:48:51,2021-06-19 10:11:37.100,37.3715784900,-121.9157732900,122.1850,555097.625000,37.3716220000,-121.9157717000,124.0750
1787575731.713,2026-08-24 17:48:51,2021-06-19 10:11:37.200,37.3716489200,-121.9157732100,124.1450,555097.725000,37.3716927000,-121.9157718000,126.0730
1787575731.814,2026-08-24 17:48:51,2021-06-19 10:11:37.300,37.3717197400,-121.9157732900,126.1640,555097.826000,37.3717634000,-121.9157717000,128.0600
1787575731.914,2026-08-24 17:48:51,2021-06-19 10:11:37.400,37.3717903800,-121.9157732800,128.1970,555097.931000,37.3718375000,-121.9157718000,130.1470
1787575732.015,2026-08-24 17:48:52,2021-06-19 10:11:37.500,37.3718609900,-121.9157733500,130.0360,555098.031000,37.3719082000,-121.9157717000,132.1360
1787575732.115,2026-08-24 17:48:52,2021-06-19 10:11:37.600,37.3719315900,-121.9157734600,132.0840,555098.131000,37.3719789000,-121.9157717000,134.1160
1787575732.216,2026-08-24 17:48:52,2021-06-19 10:11:37.700,37.3720021400,-121.9157736200,134.1560,555098.231000,37.3720495000,-121.9157718000,136.0970
1787575732.316,2026-08-24 17:48:52,2021-06-19 10:11:37.800,37.3720725000,-121.9157732100,136.2950,555098.331000,37.3721202000,-121.9157717000,138.0860
1787575732.417,2026-08-24 17:48:52,2021-06-19 10:11:37.900,37.3721431300,-121.9157730400,138.2940,555098.436000,37.3721943000,-121.9157717000,140.1700
1787575732.517,2026-08-24 17:48:52,2021-06-19 10:11:38.000,37.3722141200,-121.9157732700,140.2180,555098.531000,37.3722614000,-121.9157717000,142.0700
1787575732.618,2026-08-24 17:48:52,2021-06-19 10:11:38.100,37.3722847600,-121.9157733700,142.3100,555098.636000,37.3723356000,-121.9157718000,144.1590
1787575732.719,2026-08-24 17:48:52,2021-06-19 10:11:38.200,37.3723555700,-121.9157732800,144.3800,555098.736000,37.3724063000,-121.9157718000,146.1500
1787575732.819,2026-08-24 17:48:52,2021-06-19 10:11:38.300,37.3724262000,-121.9157731100,146.4030,555098.836000,37.3724769000,-121.9157718000,148.1380
1787575732.920,2026-08-24 17:48:52,2021-06-19 10:11:38.400,37.3724972200,-121.9157735500,148.3490,555098.936000,37.3725476000,-121.9157718000,150.1350
1787575733.022,2026-08-24 17:48:53,2021-06-19 10:11:38.600,37.3726387200,-121.9157732800,152.3600,555099.036000,37.3726182000,-121.9157717000,152.1300
1787575733.122,2026-08-24 17:48:53,2021-06-19 10:11:38.700,37.3727094600,-121.9157731600,154.4120,555099.136000,37.3726889000,-121.9157717000,154.1210
1787575733.223,2026-08-24 17:48:53,2021-06-19 10:11:38.800,37.3727802800,-121.9157734300,156.3480,555099.236000,37.3727595000,-121.9157717000,156.1190
1787575733.323,2026-08-24 17:48:53,2021-06-19 10:11:38.900,37.3728510200,-121.9157732500,158.2750,555099.336000,37.3728301000,-121.9157717000,158.1100
1787575733.424,2026-08-24 17:48:53,2021-06-19 10:11:39.000,37.3729219200,-121.9157731900,160.2240,555099.436000,37.3729007000,-121.9157717000,160.1020
1787575733.532,2026-08-24 17:48:53,2021-06-19 10:11:39.100,37.3729927600,-121.9157732200,162.3240,555099.551000,37.3729819000,-121.9157717000,162.3910
1787575733.634,2026-08-24 17:48:53,2021-06-19 10:11:39.200,37.3730637100,-121.9157735500,164.1930,555099.651000,37.3730525000,-121.9157718000,164.3730
1787575733.735,2026-08-24 17:48:53,2021-06-19 10:11:39.300,37.3731341800,-121.9157734000,166.2230,555099.751000,37.3731232000,-121.9157717000,166.3680
1787575733.837,2026-08-24 17:48:53,2021-06-19 10:11:39.400,37.3732048500,-121.9157733100,168.2910,555099.856000,37.3731974000,-121.9157717000,168.4580
1787575733.937,2026-08-24 17:48:53,2021-06-19 10:11:39.500,37.3732757000,-121.9157734300,170.4590,555099.956000,37.3732680000,-121.9157717000,170.4460
1787575734.038,2026-08-24 17:48:54,2021-06-19 10:11:39.600,37.3733464600,-121.9157733900,172.4030,555100.051000,37.3733351000,-121.9157717000,172.3400
1787575734.139,2026-08-24 17:48:54,2021-06-19 10:11:39.700,37.3734173100,-121.9157734800,174.3280,555100.156000,37.3734093000,-121.9157718000,174.4270
1787575734.239,2026-08-24 17:48:54,2021-06-19 10:11:39.800,37.3734876900,-121.9157732000,176.4050,555100.256000,37.3734800000,-121.9157718000,176.4200
1787575734.339,2026-08-24 17:48:54,2021-06-19 10:11:39.900,37.3735587600,-121.9157732700,178.5860,555100.356000,37.3735506000,-121.9157717000,178.4130
1787575734.440,2026-08-24 17:48:54,2021-06-19 10:11:40.000,37.3736294100,-121.9157733600,180.4640,555100.456000,37.3736212000,-121.9157718000,180.4030
1787575734.540,2026-08-24 17:48:54,2021-06-19 10:11:40.100,37.3737000300,-121.9157731800,182.4610,555100.556000,37.3736918000,-121.9157718000,182.3940
1787575734.641,2026-08-24 17:48:54,2021-06-19 10:11:40.200,37.3737704500,-121.9157730700,184.5040,555100.656000,37.3737625000,-121.9157718000,184.3920
1787575734.742,2026-08-24 17:48:54,2021-06-19 10:11:40.300,37.3738414200,-121.9157728000,186.6670,555100.756000,37.3738331000,-121.9157718000,186.3960
1787575734.842,2026-08-24 17:48:54,2021-06-19 10:11:40.400,37.3739122700,-121.9157725500,188.6420,555100.856000,37.3739038000,-121.9157718000,188.3910
1787575734.943,2026-08-24 17:48:54,2021-06-19 10:11:40.500,37.3739831600,-121.9157726600,190.5480,555100.956000,37.3739745000,-121.9157719000,190.3830
1787575735.043,2026-08-24 17:48:55,2021-06-19 10:11:40.600,37.3740536600,-121.9157725900,192.6600,555101.056000,37.3740451000,-121.9157718000,192.3900
1787575735.144,2026-08-24 17:48:55,2021-06-19 10:11:40.700,37.3741245800,-121.9157725300,194.7770,555101.157000,37.3741158000,-121.9157718000,194.3870
1787575735.245,2026-08-24 17:48:55,2021-06-19 10:11:40.800,37.3741951000,-121.9157722400,196.7920,555101.262000,37.3741900000,-121.9157718000,196.4990
1787575735.345,2026-08-24 17:48:55,2021-06-19 10:11:40.900,37.3742654800,-121.9157723100,198.7300,555101.362000,37.3742607000,-121.9157718000,198.5100
1787575735.445,2026-08-24 17:48:55,2021-06-19 10:11:41.000,37.3743368500,-121.9157727100,200.6640,555101.462000,37.3743314000,-121.9157717000,200.5120
1787575735.546,2026-08-24 17:48:55,2021-06-19 10:11:41.100,37.3744076800,-121.9157724700,202.8190,555101.562000,37.3744021000,-121.9157718000,202.5140
1787575735.647,2026-08-24 17:48:55,2021-06-19 10:11:41.200,37.3744785500,-121.9157724700,204.9000,555101.667000,37.3744763000,-121.9157718000,204.6090
1787575735.747,2026-08-24 17:48:55,2021-06-19 10:11:41.300,37.3745490100,-121.9157728400,206.7460,555101.762000,37.3745435000,-121.9157718000,206.5020
1787575735.848,2026-08-24 17:48:55,2021-06-19 10:11:41.400,37.3746197600,-121.9157727900,208.7060,555101.867000,37.3746177000,-121.9157718000,208.6010
1787575735.949,2026-08-24 17:48:55,2021-06-19 10:11:41.500,37.3746905900,-121.9157728900,210.6400,555101.967000,37.3746884000,-121.9157717000,210.6040
1787575736.049,2026-08-24 17:48:56,2021-06-19 10:11:41.600,37.3747614100,-121.9157726000,212.7190,555102.067000,37.3747591000,-121.9157717000,212.6030
1787575736.150,2026-08-24 17:48:56,2021-06-19 10:11:41.700,37.3748315600,-121.9157729800,214.5720,555102.167000,37.3748298000,-121.9157718000,214.6110
1787575736.250,2026-08-24 17:48:56,2021-06-19 10:11:41.800,37.3749025000,-121.9157730000,216.5090,555102.267000,37.3749004000,-121.9157718000,216.6100
1787575736.351,2026-08-24 17:48:56,2021-06-19 10:11:41.900,37.3749733100,-121.9157730200,218.4800,555102.367000,37.3749712000,-121.9157718000,218.6110
1787575736.452,2026-08-24 17:48:56,2021-06-19 10:11:42.000,37.3750438800,-121.9157730000,220.5490,555102.467000,37.3750419000,-121.9157718000,220.6070
1787575736.553,2026-08-24 17:48:56,2021-06-19 10:11:42.100,37.3751144400,-121.9157729900,222.5560,555102.572000,37.3751161000,-121.9157718000,222.6980
1787575736.654,2026-08-24 17:48:56,2021-06-19 10:11:42.200,37.3751852600,-121.9157731000,224.4860,555102.672000,37.3751870000,-121.9157718000,224.6950
1787575736.754,2026-08-24 17:48:56,2021-06-19 10:11:42.300,37.3752561600,-121.9157729600,226.4740,555102.772000,37.3752577000,-121.9157719000,226.6940
1787575736.855,2026-08-24 17:48:56,2021-06-19 10:11:42.400,37.3753270300,-121.9157727700,228.5890,555102.872000,37.3753283000,-121.9157719000,228.6940
1787575736.956,2026-08-24 17:48:56,2021-06-19 10:11:42.500,37.3753981600,-121.9157728000,230.5500,555102.972000,37.3753990000,-121.9157719000,230.6890
1787575737.057,2026-08-24 17:48:57,2021-06-19 10:11:42.600,37.3754690100,-121.9157728100,232.5120,555103.072000,37.3754697000,-121.9157719000,232.6850
1787575737.158,2026-08-24 17:48:57,2021-06-19 10:11:42.700,37.3755392600,-121.9157728200,234.4360,555103.172000,37.3755402000,-121.9157719000,234.6790
1787575737.259,2026-08-24 17:48:57,2021-06-19 10:11:42.800,37.3756094900,-121.9157727600,236.4910,555103.272000,37.3756109000,-121.9157719000,236.6810
1787575737.359,2026-08-24 17:48:57,2021-06-19 10:11:42.900,37.3756807800,-121.9157724200,238.6500,555103.377000,37.3756854000,-121.9157719000,238.7800
1787575737.460,2026-08-24 17:48:57,2021-06-19 10:11:43.000,37.3757515100,-121.9157726800,240.4330,555103.477000,37.3757561000,-121.9157719000,240.7720
1787575737.561,2026-08-24 17:48:57,2021-06-19 10:11:43.100,37.3758219500,-121.9157726800,242.4290,555103.577000,37.3758268000,-121.9157720000,242.7740
1787575737.662,2026-08-24 17:48:57,2021-06-19 10:11:43.200,37.3758929100,-121.9157725400,244.4000,555103.677000,37.3758976000,-121.9157720000,244.7750
1787575737.762,2026-08-24 17:48:57,2021-06-19 10:11:43.300,37.3759637600,-121.9157724200,246.4730,555103.782000,37.3759718000,-121.9157720000,246.8700
1787575737.862,2026-08-24 17:48:57,2021-06-19 10:11:43.400,37.3760345000,-121.9157724700,248.4560,555103.877000,37.3760389000,-121.9157720000,248.7670
1787575737.963,2026-08-24 17:48:57,2021-06-19 10:11:43.500,37.3761050200,-121.9157728700,250.3180,555103.982000,37.3761132000,-121.9157720000,250.8560
1787575738.064,2026-08-24 17:48:58,2021-06-19 10:11:43.600,37.3761762200,-121.9157726000,252.3730,555104.082000,37.3761839000,-121.9157721000,252.8480
1787575738.165,2026-08-24 17:48:58,2021-06-19 10:11:43.700,37.3762470300,-121.9157726300,254.5080,555104.182000,37.3762546000,-121.9157721000,254.8390
1787575738.266,2026-08-24 17:48:58,2021-06-19 10:11:43.800,37.3763175400,-121.9157726300,256.5350,555104.282000,37.3763253000,-121.9157722000,256.8380
1787575738.366,2026-08-24 17:48:58,2021-06-19 10:11:43.900,37.3763881500,-121.9157725700,258.4600,555104.382000,37.3763960000,-121.9157721000,258.8300
1787575738.467,2026-08-24 17:48:58,2021-06-19 10:11:44.000,37.3764591800,-121.9157727900,260.3480,555104.483000,37.3764667000,-121.9157722000,260.8250
1787575738.567,2026-08-24 17:48:58,2021-06-19 10:11:44.100,37.3765302400,-121.9157727900,262.4700,555104.588000,37.3765410000,-121.9157722000,262.9220
1787575738.668,2026-08-24 17:48:58,2021-06-19 10:11:44.200,37.3766008600,-121.9157728000,264.6050,555104.688000,37.3766118000,-121.9157722000,264.9270
1787575738.768,2026-08-24 17:48:58,2021-06-19 10:11:44.300,37.3766712100,-121.9157729300,266.4570,555104.788000,37.3766826000,-121.9157722000,266.9220
1787575738.869,2026-08-24 17:48:58,2021-06-19 10:11:44.400,37.3767423300,-121.9157727300,268.4040,555104.888000,37.3767533000,-121.9157722000,268.9220
1787575738.969,2026-08-24 17:48:58,2021-06-19 10:11:44.500,37.3768130900,-121.9157729900,270.3560,555104.988000,37.3768240000,-121.9157722000,270.9190
1787575739.070,2026-08-24 17:48:59,2021-06-19 10:11:44.600,37.3768837000,-121.9157727800,272.5050,555105.088000,37.3768948000,-121.9157722000,272.9030
1787575739.171,2026-08-24 17:48:59,2021-06-19 10:11:44.700,37.3769546600,-121.9157725000,274.4940,555105.188000,37.3769655000,-121.9157722000,274.8980
1787575739.272,2026-08-24 17:48:59,2021-06-19 10:11:44.800,37.3770254400,-121.9157724900,276.4770,555105.288000,37.3770362000,-121.9157722000,276.8980
1787575739.373,2026-08-24 17:48:59,2021-06-19 10:11:44.900,37.3770960700,-121.9157725800,278.5630,555105.393000,37.3771105000,-121.9157723000,278.9950
1787575739.473,2026-08-24 17:48:59,2021-06-19 10:11:45.000,37.3771669000,-121.9157725300,280.5900,555105.493000,37.3771812000,-121.9157723000,280.9890
1787575739.573,2026-08-24 17:48:59,2021-06-19 10:11:45.100,37.3772377300,-121.9157723800,282.6980,555105.593000,37.3772520000,-121.9157723000,282.9900
1787575739.674,2026-08-24 17:48:59,2021-06-19 10:11:45.200,37.3773083900,-121.9157722700,284.6740,555105.693000,37.3773227000,-121.9157723000,284.9850
1787575739.775,2026-08-24 17:48:59,2021-06-19 10:11:45.300,37.3773792000,-121.9157723300,286.6830,555105.788000,37.3773900000,-121.9157723000,286.8900
1787575739.875,2026-08-24 17:48:59,2021-06-19 10:11:45.400,37.3774499800,-121.9157721400,288.7250,555105.893000,37.3774642000,-121.9157723000,288.9900
1787575739.975,2026-08-24 17:48:59,2021-06-19 10:11:45.500,37.3775208700,-121.9157719500,290.8220,555105.993000,37.3775349000,-121.9157724000,290.9890
1787575740.076,2026-08-24 17:49:00,2021-06-19 10:11:45.600,37.3775916300,-121.9157722300,292.8000,555106.093000,37.3776056000,-121.9157723000,292.9880
1787575740.177,2026-08-24 17:49:00,2021-06-19 10:11:45.700,37.3776621800,-121.9157721800,294.7360,555106.193000,37.3776763000,-121.9157723000,294.9880
1787575740.277,2026-08-24 17:49:00,2021-06-19 10:11:45.800,37.3777327800,-121.9157719500,296.7230,555106.293000,37.3777471000,-121.9157723000,296.9830
1787575740.378,2026-08-24 17:49:00,2021-06-19 10:11:45.900,37.3778035200,-121.9157717600,298.7610,555106.398000,37.3778214000,-121.9157723000,299.0880
1787575740.478,2026-08-24 17:49:00,2021-06-19 10:11:46.000,37.3778742400,-121.9157722900,300.6980,555106.498000,37.3778921000,-121.9157723000,301.0910
1787575740.579,2026-08-24 17:49:00,2021-06-19 10:11:46.100,37.3779450200,-121.9157722400,302.5540,555106.593000,37.3779593000,-121.9157723000,302.9880
1787575740.679,2026-08-24 17:49:00,2021-06-19 10:11:46.200,37.3780160000,-121.9157720100,304.5210,555106.698000,37.3780336000,-121.9157724000,305.0770
1787575740.780,2026-08-24 17:49:00,2021-06-19 10:11:46.300,37.3780864400,-121.9157720000,306.5800,555106.798000,37.3781044000,-121.9157723000,307.0760
1787575740.881,2026-08-24 17:49:00,2021-06-19 10:11:46.400,37.3781571400,-121.9157721900,308.7000,555106.898000,37.3781752000,-121.9157723000,309.0820
1787575740.981,2026-08-24 17:49:00,2021-06-19 10:11:46.500,37.3782279100,-121.9157722400,310.5390,555106.998000,37.3782459000,-121.9157723000,311.0840
1787575741.081,2026-08-24 17:49:01,2021-06-19 10:11:46.600,37.3782987500,-121.9157722000,312.5260,555107.098000,37.3783166000,-121.9157723000,313.0880
1787575741.182,2026-08-24 17:49:01,2021-06-19 10:11:46.700,37.3783694300,-121.9157720400,314.6660,555107.198000,37.3783874000,-121.9157723000,315.0960
1787575741.284,2026-08-24 17:49:01,2021-06-19 10:11:46.800,37.3784400700,-121.9157718200,316.8530,555107.298000,37.3784581000,-121.9157723000,317.0950
1787575741.384,2026-08-24 17:49:01,2021-06-19 10:11:46.900,37.3785102700,-121.9157719200,318.7550,555107.398000,37.3785288000,-121.9157723000,319.1040
1787575741.485,2026-08-24 17:49:01,2021-06-19 10:11:47.000,37.3785811000,-121.9157719100,320.5940,555107.498000,37.3785997000,-121.9157723000,321.1050
1787575741.586,2026-08-24 17:49:01,2021-06-19 10:11:47.100,37.3786518100,-121.9157722000,322.6270,555107.604000,37.3786740000,-121.9157723000,323.1990
1787575741.687,2026-08-24 17:49:01,2021-06-19 10:11:47.200,37.3787224300,-121.9157722100,324.6990,555107.709000,37.3787483000,-121.9157723000,325.2830
1787575741.788,2026-08-24 17:49:01,2021-06-19 10:11:47.300,37.3787932000,-121.9157720700,326.7620,555107.809000,37.3788190000,-121.9157723000,327.2850
1787575741.889,2026-08-24 17:49:01,2021-06-19 10:11:47.400,37.3788635100,-121.9157723800,328.5680,555107.904000,37.3788863000,-121.9157723000,329.1800
1787575741.990,2026-08-24 17:49:01,2021-06-19 10:11:47.500,37.3789348000,-121.9157726700,330.4660,555108.004000,37.3789570000,-121.9157723000,331.1760
1787575742.090,2026-08-24 17:49:02,2021-06-19 10:11:47.600,37.3790056600,-121.9157724600,332.4850,555108.109000,37.3790313000,-121.9157723000,333.2770
1787575742.191,2026-08-24 17:49:02,2021-06-19 10:11:47.700,37.3790761600,-121.9157723000,334.5300,555108.209000,37.3791021000,-121.9157723000,335.2730
1787575742.292,2026-08-24 17:49:02,2021-06-19 10:11:47.800,37.3791463500,-121.9157724000,336.5240,555108.314000,37.3791763000,-121.9157723000,337.3710
1787575742.392,2026-08-24 17:49:02,2021-06-19 10:11:47.900,37.3792170900,-121.9157727300,338.4640,555108.409000,37.3792435000,-121.9157723000,339.2650
1787575742.493,2026-08-24 17:49:02,2021-06-19 10:11:48.000,37.3792876300,-121.9157727300,340.3580,555108.509000,37.3793143000,-121.9157723000,341.2610
1787575742.594,2026-08-24 17:49:02,2021-06-19 10:11:48.100,37.3793582400,-121.9157726500,342.4970,555108.614000,37.3793885000,-121.9157723000,343.3660
1787575742.695,2026-08-24 17:49:02,2021-06-19 10:11:48.200,37.3794286800,-121.9157727100,344.5840,555108.714000,37.3794593000,-121.9157724000,345.3710
1787575742.796,2026-08-24 17:49:02,2021-06-19 10:11:48.300,37.3794992700,-121.9157728900,346.5240,555108.814000,37.3795301000,-121.9157724000,347.3690
1787575742.897,2026-08-24 17:49:02,2021-06-19 10:11:48.400,37.3795698100,-121.9157730100,348.4560,555108.914000,37.3796007000,-121.9157724000,349.3670
1787575742.997,2026-08-24 17:49:02,2021-06-19 10:11:48.500,37.3796405000,-121.9157730700,350.4670,555109.019000,37.3796749000,-121.9157724000,351.4660
1787575743.097,2026-08-24 17:49:03,2021-06-19 10:11:48.600,37.3797111700,-121.9157729400,352.6740,555109.114000,37.3797421000,-121.9157724000,353.3640
1787575743.198,2026-08-24 17:49:03,2021-06-19 10:11:48.700,37.3797818000,-121.9157730600,354.5960,555109.214000,37.3798129000,-121.9157724000,355.3670
1787575743.298,2026-08-24 17:49:03,2021-06-19 10:11:48.800,37.3798524600,-121.9157729000,356.4980,555109.319000,37.3798871000,-121.9157725000,357.4680
1787575743.399,2026-08-24 17:49:03,2021-06-19 10:11:48.900,37.3799230600,-121.9157729900,358.4920,555109.419000,37.3799578000,-121.9157725000,359.4600
1787575743.500,2026-08-24 17:49:03,2021-06-19 10:11:49.000,37.3799942200,-121.9157731300,360.5410,555109.519000,37.3800286000,-121.9157725000,361.4600
1787575743.601,2026-08-24 17:49:03,2021-06-19 10:11:49.100,37.3800647000,-121.9157730200,362.6260,555109.619000,37.3800992000,-121.9157724000,363.4660
1787575743.703,2026-08-24 17:49:03,2021-06-19 10:11:49.300,37.3802059500,-121.9157727500,366.5730,555109.719000,37.3801699000,-121.9157724000,365.4610
1787575743.904,2026-08-24 17:49:03,2021-06-19 10:11:49.400,37.3802770200,-121.9157728000,368.6020,555109.919000,37.3803113000,-121.9157725000,369.4600
1787575744.004,2026-08-24 17:49:04,2021-06-19 10:11:49.500,37.3803478300,-121.9157725200,370.7140,555110.019000,37.3803819000,-121.9157725000,371.4520
1787575744.108,2026-08-24 17:49:04,2021-06-19 10:11:49.700,37.3804888900,-121.9157728700,374.6690,555110.129000,37.3804597000,-121.9157725000,373.6480
1787575744.308,2026-08-24 17:49:04,2021-06-19 10:11:49.800,37.3805596200,-121.9157726100,376.7560,555110.329000,37.3806012000,-121.9157725000,377.6580
1787575744.409,2026-08-24 17:49:04,2021-06-19 10:11:49.900,37.3806304000,-121.9157724400,378.8610,555110.429000,37.3806719000,-121.9157725000,379.6560
1787575744.509,2026-08-24 17:49:04,2021-06-19 10:11:50.000,37.3807011700,-121.9157723400,380.7970,555110.529000,37.3807427000,-121.9157725000,381.6590
1787575744.610,2026-08-24 17:49:04,2021-06-19 10:11:50.100,37.3807718000,-121.9157724500,382.7440,555110.629000,37.3808134000,-121.9157725000,383.6580
1787575744.710,2026-08-24 17:49:04,2021-06-19 10:11:50.200,37.3808426600,-121.9157727000,384.6910,555110.724000,37.3808805000,-121.9157726000,385.5590
1787575744.811,2026-08-24 17:49:04,2021-06-19 10:11:50.300,37.3809130400,-121.9157726000,386.7430,555110.829000,37.3809547000,-121.9157725000,387.6650
1787575744.912,2026-08-24 17:49:04,2021-06-19 10:11:50.400,37.3809836500,-121.9157725900,388.7930,555110.929000,37.3810254000,-121.9157725000,389.6730
1787575745.013,2026-08-24 17:49:05,2021-06-19 10:11:50.500,37.3810545800,-121.9157729200,390.5620,555111.029000,37.3810961000,-121.9157726000,391.6670
1787575745.114,2026-08-24 17:49:05,2021-06-19 10:11:50.600,37.3811252800,-121.9157727800,392.5130,555111.129000,37.3811667000,-121.9157726000,393.6620
1787575745.214,2026-08-24 17:49:05,2021-06-19 10:11:50.700,37.3811959700,-121.9157728300,394.4720,555111.234000,37.3812409000,-121.9157726000,395.7570
1787575745.315,2026-08-24 17:49:05,2021-06-19 10:11:50.800,37.3812666100,-121.9157724200,396.5200,555111.335000,37.3813115000,-121.9157726000,397.7560
1787575745.416,2026-08-24 17:49:05,2021-06-19 10:11:50.900,37.3813372800,-121.9157724800,398.6390,555111.435000,37.3813821000,-121.9157726000,399.7520
1787575745.516,2026-08-24 17:49:05,2021-06-19 10:11:51.000,37.3814080200,-121.9157728400,400.5090,555111.535000,37.3814528000,-121.9157726000,401.7530
1787575745.616,2026-08-24 17:49:05,2021-06-19 10:11:51.100,37.3814787900,-121.9157726200,402.5680,555111.635000,37.3815234000,-121.9157726000,403.7500
1787575745.717,2026-08-24 17:49:05,2021-06-19 10:11:51.200,37.3815496100,-121.9157725100,404.5650,555111.735000,37.3815942000,-121.9157726000,405.7460
1787575745.817,2026-08-24 17:49:05,2021-06-19 10:11:51.300,37.3816201900,-121.9157723800,406.7120,555111.835000,37.3816648000,-121.9157726000,407.7430
1787575745.917,2026-08-24 17:49:05,2021-06-19 10:11:51.400,37.3816907500,-121.9157725400,408.6210,555111.940000,37.3817390000,-121.9157727000,409.8370
1787575746.018,2026-08-24 17:49:06,2021-06-19 10:11:51.500,37.3817612800,-121.9157726400,410.4300,555112.035000,37.3818061000,-121.9157727000,411.7330
1787575746.118,2026-08-24 17:49:06,2021-06-19 10:11:51.600,37.3818322700,-121.9157725400,412.4090,555112.140000,37.3818803000,-121.9157727000,413.8370
1787575746.219,2026-08-24 17:49:06,2021-06-19 10:11:51.700,37.3819031500,-121.9157727000,414.4720,555112.240000,37.3819509000,-121.9157728000,415.8240
1787575746.321,2026-08-24 17:49:06,2021-06-19 10:11:51.800,37.3819736600,-121.9157727500,416.5930,555112.340000,37.3820216000,-121.9157728000,417.8190
1787575746.423,2026-08-24 17:49:06,2021-06-19 10:11:52.000,37.3821151800,-121.9157731200,420.3360,555112.440000,37.3820922000,-121.9157728000,419.8210
1787575746.523,2026-08-24 17:49:06,2021-06-19 10:11:52.100,37.3821861700,-121.9157729900,422.4290,555112.545000,37.3821664000,-121.9157728000,421.9130
1787575746.634,2026-08-24 17:49:06,2021-06-19 10:11:52.200,37.3822568800,-121.9157726200,424.4790,555112.640000,37.3822335000,-121.9157728000,423.8150
1787575746.736,2026-08-24 17:49:06,2021-06-19 10:11:52.300,37.3823272600,-121.9157725200,426.4330,555112.755000,37.3823148000,-121.9157728000,426.1080
1787575746.837,2026-08-24 17:49:06,2021-06-19 10:11:52.400,37.3823978500,-121.9157725400,428.3750,555112.860000,37.3823889000,-121.9157727000,428.2060
1787575746.938,2026-08-24 17:49:06,2021-06-19 10:11:52.500,37.3824689700,-121.9157728400,430.3050,555112.955000,37.3824560000,-121.9157727000,430.0930
1787575747.039,2026-08-24 17:49:07,2021-06-19 10:11:52.600,37.3825397100,-121.9157725300,432.3980,555113.060000,37.3825301000,-121.9157728000,432.1900
1787575747.140,2026-08-24 17:49:07,2021-06-19 10:11:52.700,37.3826104000,-121.9157722200,434.5350,555113.160000,37.3826008000,-121.9157727000,434.1890
1787575747.240,2026-08-24 17:49:07,2021-06-19 10:11:52.800,37.3826810600,-121.9157725900,436.4610,555113.260000,37.3826714000,-121.9157728000,436.1850
1787575747.341,2026-08-24 17:49:07,2021-06-19 10:11:52.900,37.3827519200,-121.9157727400,438.4390,555113.360000,37.3827420000,-121.9157728000,438.1830
1787575747.442,2026-08-24 17:49:07,2021-06-19 10:11:53.000,37.3828228100,-121.9157727800,440.4280,555113.460000,37.3828127000,-121.9157728000,440.1740
1787575747.542,2026-08-24 17:49:07,2021-06-19 10:11:53.100,37.3828937400,-121.9157726600,442.5420,555113.560000,37.3828833000,-121.9157728000,442.1620
1787575747.642,2026-08-24 17:49:07,2021-06-19 10:11:53.200,37.3829646300,-121.9157729400,444.6190,555113.665000,37.3829575000,-121.9157729000,444.2620
1787575747.743,2026-08-24 17:49:07,2021-06-19 10:11:53.300,37.3830351500,-121.9157730500,446.5200,555113.765000,37.3830282000,-121.9157729000,446.2570
1787575747.844,2026-08-24 17:49:07,2021-06-19 10:11:53.400,37.3831058600,-121.9157729200,448.4860,555113.865000,37.3830989000,-121.9157729000,448.2540
1787575747.945,2026-08-24 17:49:07,2021-06-19 10:11:53.500,37.3831766400,-121.9157732600,450.4570,555113.965000,37.3831697000,-121.9157729000,450.2590
1787575748.046,2026-08-24 17:49:08,2021-06-19 10:11:53.600,37.3832476500,-121.9157731200,452.6770,555114.065000,37.3832403000,-121.9157729000,452.2640
1787575748.147,2026-08-24 17:49:08,2021-06-19 10:11:53.700,37.3833185200,-121.9157728500,454.6040,555114.170000,37.3833147000,-121.9157729000,454.3590
1787575748.247,2026-08-24 17:49:08,2021-06-19 10:11:53.800,37.3833889900,-121.9157728000,456.5820,555114.265000,37.3833818000,-121.9157729000,456.2640
1787575748.348,2026-08-24 17:49:08,2021-06-19 10:11:53.900,37.3834597100,-121.9157726000,458.6500,555114.365000,37.3834525000,-121.9157729000,458.2650
1787575748.449,2026-08-24 17:49:08,2021-06-19 10:11:54.000,37.3835307300,-121.9157725900,460.7270,555114.465000,37.3835232000,-121.9157728000,460.2570
1787575748.549,2026-08-24 17:49:08,2021-06-19 10:11:54.100,37.3836010800,-121.9157723300,462.8320,555114.565000,37.3835938000,-121.9157728000,462.2590
1787575748.649,2026-08-24 17:49:08,2021-06-19 10:11:54.200,37.3836716700,-121.9157722900,464.7150,555114.665000,37.3836646000,-121.9157728000,464.2580
1787575748.750,2026-08-24 17:49:08,2021-06-19 10:11:54.300,37.3837421200,-121.9157724900,466.7470,555114.770000,37.3837388000,-121.9157728000,466.3640
1787575748.851,2026-08-24 17:49:08,2021-06-19 10:11:54.400,37.3838130500,-121.9157722500,468.8190,555114.865000,37.3838060000,-121.9157728000,468.2640
1787575748.952,2026-08-24 17:49:08,2021-06-19 10:11:54.500,37.3838840600,-121.9157720700,470.9120,555114.976000,37.3838838000,-121.9157728000,470.4670
1787575749.052,2026-08-24 17:49:09,2021-06-19 10:11:54.600,37.3839550200,-121.9157720200,472.8890,555115.071000,37.3839510000,-121.9157727000,472.3740
1787575749.153,2026-08-24 17:49:09,2021-06-19 10:11:54.700,37.3840258500,-121.9157721900,474.7950,555115.171000,37.3840216000,-121.9157727000,474.3680
1787575749.253,2026-08-24 17:49:09,2021-06-19 10:11:54.800,37.3840963300,-121.9157721300,476.7110,555115.271000,37.3840923000,-121.9157727000,476.3760
1787575749.354,2026-08-24 17:49:09,2021-06-19 10:11:54.900,37.3841665300,-121.9157718300,478.7120,555115.376000,37.3841665000,-121.9157727000,478.4760
1787575749.454,2026-08-24 17:49:09,2021-06-19 10:11:55.000,37.3842374400,-121.9157719800,480.7320,555115.476000,37.3842372000,-121.9157726000,480.4760
1787575749.555,2026-08-24 17:49:09,2021-06-19 10:11:55.100,37.3843080500,-121.9157721700,482.6400,555115.576000,37.3843080000,-121.9157726000,482.4830
1787575749.656,2026-08-24 17:49:09,2021-06-19 10:11:55.200,37.3843787900,-121.9157720000,484.5440,555115.676000,37.3843787000,-121.9157725000,484.4750
1787575749.756,2026-08-24 17:49:09,2021-06-19 10:11:55.300,37.3844494000,-121.9157718300,486.5250,555115.776000,37.3844495000,-121.9157726000,486.4690
1787575749.857,2026-08-24 17:49:09,2021-06-19 10:11:55.400,37.3845199100,-121.9157717000,488.6270,555115.876000,37.3845202000,-121.9157725000,488.4650
1787575749.957,2026-08-24 17:49:09,2021-06-19 10:11:55.500,37.3845911400,-121.9157717300,490.6500,555115.976000,37.3845909000,-121.9157726000,490.4620
1787575750.058,2026-08-24 17:49:10,2021-06-19 10:11:55.600,37.3846614700,-121.9157717200,492.5440,555116.076000,37.3846616000,-121.9157725000,492.4670
1787575750.159,2026-08-24 17:49:10,2021-06-19 10:11:55.700,37.3847323100,-121.9157715800,494.4850,555116.181000,37.3847359000,-121.9157725000,494.5690
1787575750.260,2026-08-24 17:49:10,2021-06-19 10:11:55.800,37.3848027800,-121.9157714500,496.5580,555116.276000,37.3848030000,-121.9157725000,496.4650
1787575750.360,2026-08-24 17:49:10,2021-06-19 10:11:55.900,37.3848735700,-121.9157713200,498.7110,555116.376000,37.3848737000,-121.9157725000,498.4620
1787575750.460,2026-08-24 17:49:10,2021-06-19 10:11:56.000,37.3849444700,-121.9157713100,500.6090,555116.481000,37.3849480000,-121.9157725000,500.5580
1787575750.561,2026-08-24 17:49:10,2021-06-19 10:11:56.100,37.3850152600,-121.9157713400,502.5270,555116.576000,37.3850151000,-121.9157725000,502.4540
1787575750.661,2026-08-24 17:49:10,2021-06-19 10:11:56.200,37.3850861900,-121.9157714100,504.4940,555116.681000,37.3850894000,-121.9157724000,504.5710
1787575750.762,2026-08-24 17:49:10,2021-06-19 10:11:56.300,37.3851567500,-121.9157714200,506.5490,555116.781000,37.3851602000,-121.9157725000,506.5720
1787575750.863,2026-08-24 17:49:10,2021-06-19 10:11:56.400,37.3852271500,-121.9157714200,508.6710,555116.886000,37.3852344000,-121.9157724000,508.6890
1787575750.963,2026-08-24 17:49:10,2021-06-19 10:11:56.500,37.3852978000,-121.9157717100,510.5660,555116.986000,37.3853052000,-121.9157724000,510.6900
1787575751.064,2026-08-24 17:49:11,2021-06-19 10:11:56.600,37.3853688400,-121.9157719500,512.5050,555117.086000,37.3853759000,-121.9157725000,512.7030
1787575751.165,2026-08-24 17:49:11,2021-06-19 10:11:56.700,37.3854397300,-121.9157719400,514.4880,555117.186000,37.3854467000,-121.9157725000,514.7090
1787575751.266,2026-08-24 17:49:11,2021-06-19 10:11:56.800,37.3855101500,-121.9157720600,516.5150,555117.286000,37.3855175000,-121.9157725000,516.7160
1787575751.366,2026-08-24 17:49:11,2021-06-19 10:11:56.900,37.3855808100,-121.9157720200,518.5950,555117.386000,37.3855882000,-121.9157726000,518.7170
1787575751.467,2026-08-24 17:49:11,2021-06-19 10:11:57.000,37.3856520700,-121.9157722200,520.4400,555117.486000,37.3856589000,-121.9157726000,520.7120
1787575751.568,2026-08-24 17:49:11,2021-06-19 10:11:57.100,37.3857228500,-121.9157722600,522.3640,555117.591000,37.3857332000,-121.9157726000,522.8050
1787575751.669,2026-08-24 17:49:11,2021-06-19 10:11:57.200,37.3857933600,-121.9157721300,524.3850,555117.691000,37.3858040000,-121.9157726000,524.8060
1787575751.770,2026-08-24 17:49:11,2021-06-19 10:11:57.300,37.3858640100,-121.9157718300,526.4840,555117.786000,37.3858711000,-121.9157726000,526.7010
1787575751.871,2026-08-24 17:49:11,2021-06-19 10:11:57.400,37.3859349100,-121.9157719100,528.5880,555117.891000,37.3859454000,-121.9157726000,528.7990
1787575751.972,2026-08-24 17:49:11,2021-06-19 10:11:57.500,37.3860056400,-121.9157721100,530.4230,555117.991000,37.3860161000,-121.9157726000,530.8030
1787575752.072,2026-08-24 17:49:12,2021-06-19 10:11:57.600,37.3860763400,-121.9157722400,532.4470,555118.091000,37.3860868000,-121.9157726000,532.8030
1787575752.173,2026-08-24 17:49:12,2021-06-19 10:11:57.700,37.3861473900,-121.9157721400,534.4700,555118.191000,37.3861577000,-121.9157726000,534.8100
1787575752.274,2026-08-24 17:49:12,2021-06-19 10:11:57.800,37.3862181100,-121.9157720100,536.6360,555118.296000,37.3862319000,-121.9157726000,536.9080
1787575752.375,2026-08-24 17:49:12,2021-06-19 10:11:57.900,37.3862889000,-121.9157722600,538.6560,555118.396000,37.3863027000,-121.9157726000,538.9110
1787575752.475,2026-08-24 17:49:12,2021-06-19 10:11:58.000,37.3863594900,-121.9157723200,540.4900,555118.491000,37.3863699000,-121.9157726000,540.8120
1787575752.576,2026-08-24 17:49:12,2021-06-19 10:11:58.100,37.3864307500,-121.9157724100,542.4760,555118.596000,37.3864443000,-121.9157726000,542.9140
1787575752.677,2026-08-24 17:49:12,2021-06-19 10:11:58.200,37.3865014200,-121.9157723500,544.5290,555118.697000,37.3865149000,-121.9157726000,544.9130
1787575752.777,2026-08-24 17:49:12,2021-06-19 10:11:58.300,37.3865718300,-121.9157722400,546.6580,555118.797000,37.3865857000,-121.9157726000,546.9180
1787575752.877,2026-08-24 17:49:12,2021-06-19 10:11:58.400,37.3866426100,-121.9157721800,548.6420,555118.897000,37.3866565000,-121.9157726000,548.9270
1787575752.978,2026-08-24 17:49:12,2021-06-19 10:11:58.500,37.3867135900,-121.9157722500,550.5810,555118.997000,37.3867273000,-121.9157726000,550.9300
1787575753.079,2026-08-24 17:49:13,2021-06-19 10:11:58.600,37.3867843900,-121.9157722600,552.6820,555119.097000,37.3867980000,-121.9157726000,552.9270
1787575753.180,2026-08-24 17:49:13,2021-06-19 10:11:58.700,37.3868549800,-121.9157722600,554.7810,555119.202000,37.3868722000,-121.9157726000,555.0250
1787575753.281,2026-08-24 17:49:13,2021-06-19 10:11:58.800,37.3869255700,-121.9157718800,556.9510,555119.302000,37.3869429000,-121.9157726000,557.0270
1787575753.382,2026-08-24 17:49:13,2021-06-19 10:11:58.900,37.3869963900,-121.9157721700,558.8950,555119.402000,37.3870136000,-121.9157726000,559.0350
1787575753.483,2026-08-24 17:49:13,2021-06-19 10:11:59.000,37.3870671800,-121.9157723700,560.8210,555119.502000,37.3870844000,-121.9157726000,561.0410
1787575753.583,2026-08-24 17:49:13,2021-06-19 10:11:59.100,37.3871378400,-121.9157723600,562.9170,555119.602000,37.3871551000,-121.9157725000,563.0500
1787575753.684,2026-08-24 17:49:13,2021-06-19 10:11:59.200,37.3872087900,-121.9157722100,565.0140,555119.707000,37.3872294000,-121.9157725000,565.1560
1787575753.784,2026-08-24 17:49:13,2021-06-19 10:11:59.300,37.3872792300,-121.9157720200,567.1690,555119.807000,37.3873001000,-121.9157726000,567.1680
1787575753.885,2026-08-24 17:49:13,2021-06-19 10:11:59.400,37.3873498100,-121.9157722500,569.0320,555119.902000,37.3873672000,-121.9157726000,569.0700
1787575753.985,2026-08-24 17:49:13,2021-06-19 10:11:59.500,37.3874207000,-121.9157723500,570.8830,555120.007000,37.3874415000,-121.9157726000,571.1800
1787575754.086,2026-08-24 17:49:14,2021-06-19 10:11:59.600,37.3874917600,-121.9157723700,572.8610,555120.107000,37.3875123000,-121.9157726000,573.1790
1787575754.187,2026-08-24 17:49:14,2021-06-19 10:11:59.700,37.3875625000,-121.9157726200,574.9080,555120.212000,37.3875865000,-121.9157726000,575.2810
1787575754.287,2026-08-24 17:49:14,2021-06-19 10:11:59.800,37.3876330100,-121.9157724500,576.9350,555120.307000,37.3876538000,-121.9157726000,577.1880
1787575754.388,2026-08-24 17:49:14,2021-06-19 10:11:59.900,37.3877034400,-121.9157725200,578.7450,555120.412000,37.3877280000,-121.9157726000,579.3010
1787575754.489,2026-08-24 17:49:14,2021-06-19 10:12:00.000,37.3877743300,-121.9157727200,580.6780,555120.507000,37.3877952000,-121.9157726000,581.2040
1787575754.589,2026-08-24 17:49:14,2021-06-19 10:12:00.100,37.3878451200,-121.9157727400,582.7810,555120.607000,37.3878659000,-121.9157726000,583.2010
1787575754.690,2026-08-24 17:49:14,2021-06-19 10:12:00.200,37.3879155600,-121.9157726600,584.8550,555120.712000,37.3879402000,-121.9157726000,585.3120
1787575754.790,2026-08-24 17:49:14,2021-06-19 10:12:00.300,37.3879864200,-121.9157724700,586.9120,555120.812000,37.3880109000,-121.9157726000,587.3140
1787575754.890,2026-08-24 17:49:14,2021-06-19 10:12:00.400,37.3880571400,-121.9157726000,588.8730,555120.912000,37.3880817000,-121.9157726000,589.3110
1787575754.998,2026-08-24 17:49:14,2021-06-19 10:12:00.600,37.3881987600,-121.9157727700,592.8890,555121.012000,37.3881524000,-121.9157726000,591.3110
1787575755.197,2026-08-24 17:49:15,2021-06-19 10:12:00.700,37.3882694200,-121.9157727400,595.0280,555121.217000,37.3882974000,-121.9157726000,595.4020
1787575755.298,2026-08-24 17:49:15,2021-06-19 10:12:00.800,37.3883400300,-121.9157727500,597.1180,555121.322000,37.3883718000,-121.9157726000,597.5070
1787575755.399,2026-08-24 17:49:15,2021-06-19 10:12:00.900,37.3884105900,-121.9157728300,598.9920,555121.422000,37.3884425000,-121.9157726000,599.5270
1787575755.500,2026-08-24 17:49:15,2021-06-19 10:12:01.000,37.3884814300,-121.9157728100,600.8260,555121.522000,37.3885132000,-121.9157726000,601.5350
1787575755.601,2026-08-24 17:49:15,2021-06-19 10:12:01.100,37.3885523200,-121.9157727300,602.8930,555121.622000,37.3885840000,-121.9157727000,603.5390
1787575755.701,2026-08-24 17:49:15,2021-06-19 10:12:01.200,37.3886230600,-121.9157729800,605.0460,555121.722000,37.3886547000,-121.9157727000,605.5370
1787575755.801,2026-08-24 17:49:15,2021-06-19 10:12:01.300,37.3886934400,-121.9157728700,606.9880,555121.822000,37.3887255000,-121.9157727000,607.5500
1787575755.902,2026-08-24 17:49:15,2021-06-19 10:12:01.400,37.3887642000,-121.9157729300,608.8180,555121.922000,37.3887962000,-121.9157728000,609.5550
1787575756.002,2026-08-24 17:49:16,2021-06-19 10:12:01.500,37.3888351100,-121.9157732600,610.7270,555122.027000,37.3888705000,-121.9157728000,611.6560
1787575756.103,2026-08-24 17:49:16,2021-06-19 10:12:01.600,37.3889061100,-121.9157734100,612.8390,555122.122000,37.3889377000,-121.9157727000,613.5510
1787575756.203,2026-08-24 17:49:16,2021-06-19 10:12:01.700,37.3889764700,-121.9157733300,614.8970,555122.222000,37.3890085000,-121.9157727000,615.5450
1787575756.304,2026-08-24 17:49:16,2021-06-19 10:12:01.800,37.3890470300,-121.9157731500,616.8220,555122.322000,37.3890792000,-121.9157728000,617.5410
1787575756.405,2026-08-24 17:49:16,2021-06-19 10:12:01.900,37.3891176600,-121.9157733800,618.7470,555122.427000,37.3891535000,-121.9157728000,619.6450
1787575756.505,2026-08-24 17:49:16,2021-06-19 10:12:02.000,37.3891887700,-121.9157735500,620.7250,555122.527000,37.3892243000,-121.9157729000,621.6460
1787575756.606,2026-08-24 17:49:16,2021-06-19 10:12:02.100,37.3892594800,-121.9157731900,622.8170,555122.628000,37.3892950000,-121.9157729000,623.6520
1787575756.707,2026-08-24 17:49:16,2021-06-19 10:12:02.200,37.3893301000,-121.9157730800,624.9780,555122.728000,37.3893657000,-121.9157729000,625.6520
1787575756.808,2026-08-24 17:49:16,2021-06-19 10:12:02.300,37.3894006900,-121.9157732400,626.9480,555122.833000,37.3894400000,-121.9157729000,627.7560
1787575756.908,2026-08-24 17:49:16,2021-06-19 10:12:02.400,37.3894715400,-121.9157732000,628.8790,555122.928000,37.3895073000,-121.9157729000,629.6590
1787575757.009,2026-08-24 17:49:17,2021-06-19 10:12:02.500,37.3895424300,-121.9157732300,630.8240,555123.028000,37.3895779000,-121.9157729000,631.6700
1787575757.110,2026-08-24 17:49:17,2021-06-19 10:12:02.600,37.3896128900,-121.9157727700,632.9680,555123.133000,37.3896522000,-121.9157729000,633.7790
1787575757.211,2026-08-24 17:49:17,2021-06-19 10:12:02.700,37.3896837800,-121.9157729900,635.1860,555123.233000,37.3897229000,-121.9157729000,635.7880
1787575757.311,2026-08-24 17:49:17,2021-06-19 10:12:02.800,37.3897541300,-121.9157729900,637.0740,555123.333000,37.3897937000,-121.9157729000,637.7950
1787575757.412,2026-08-24 17:49:17,2021-06-19 10:12:02.900,37.3898247700,-121.9157730300,638.9750,555123.438000,37.3898679000,-121.9157729000,639.8980
1787575757.513,2026-08-24 17:49:17,2021-06-19 10:12:03.000,37.3898957400,-121.9157731000,640.9320,555123.538000,37.3899386000,-121.9157730000,641.8980
1787575757.614,2026-08-24 17:49:17,2021-06-19 10:12:03.200,37.3900375300,-121.9157728300,645.2080,555123.638000,37.3900092000,-121.9157730000,643.8980
1787575757.815,2026-08-24 17:49:17,2021-06-19 10:12:03.300,37.3901080900,-121.9157727500,647.0990,555123.838000,37.3901507000,-121.9157730000,647.9140
1787575757.916,2026-08-24 17:49:17,2021-06-19 10:12:03.400,37.3901786400,-121.9157728300,649.1040,555123.938000,37.3902215000,-121.9157730000,649.9150
1787575758.016,2026-08-24 17:49:18,2021-06-19 10:12:03.500,37.3902498900,-121.9157732300,651.0690,555124.043000,37.3902957000,-121.9157730000,652.0170
1787575758.117,2026-08-24 17:49:18,2021-06-19 10:12:03.600,37.3903206100,-121.9157727900,653.1940,555124.143000,37.3903665000,-121.9157730000,654.0240
1787575758.218,2026-08-24 17:49:18,2021-06-19 10:12:03.700,37.3903912400,-121.9157727600,655.3210,555124.243000,37.3904372000,-121.9157730000,656.0290
1787575758.319,2026-08-24 17:49:18,2021-06-19 10:12:03.900,37.3905325200,-121.9157729000,659.2220,555124.343000,37.3905079000,-121.9157730000,658.0340
1787575758.520,2026-08-24 17:49:18,2021-06-19 10:12:04.000,37.3906034800,-121.9157729400,661.1790,555124.543000,37.3906493000,-121.9157730000,662.0470
1787575758.620,2026-08-24 17:49:18,2021-06-19 10:12:04.100,37.3906739200,-121.9157728600,663.3470,555124.643000,37.3907200000,-121.9157730000,664.0580
1787575758.721,2026-08-24 17:49:18,2021-06-19 10:12:04.300,37.3908151400,-121.9157728600,667.3190,555124.743000,37.3907907000,-121.9157731000,666.0660
1787575758.831,2026-08-24 17:49:18,2021-06-19 10:12:04.400,37.3908858700,-121.9157729700,669.2660,555124.853000,37.3908684000,-121.9157731000,668.2720
1787575758.936,2026-08-24 17:49:18,2021-06-19 10:12:04.500,37.3909566000,-121.9157730100,671.1580,555124.958000,37.3909427000,-121.9157731000,670.3770
1787575759.038,2026-08-24 17:49:19,2021-06-19 10:12:04.600,37.3910277900,-121.9157729700,673.2180,555125.058000,37.3910133000,-121.9157731000,672.3820
1787575759.138,2026-08-24 17:49:19,2021-06-19 10:12:04.700,37.3910984300,-121.9157728800,675.2890,555125.158000,37.3910840000,-121.9157731000,674.3820
1787575759.238,2026-08-24 17:49:19,2021-06-19 10:12:04.800,37.3911685100,-121.9157731500,677.0890,555125.258000,37.3911547000,-121.9157731000,676.3850
1787575759.338,2026-08-24 17:49:19,2021-06-19 10:12:04.900,37.3912393900,-121.9157732600,679.0220,555125.358000,37.3912254000,-121.9157731000,678.3870
1787575759.439,2026-08-24 17:49:19,2021-06-19 10:12:05.000,37.3913105300,-121.9157733600,680.9580,555125.458000,37.3912962000,-121.9157731000,680.3980
1787575759.540,2026-08-24 17:49:19,2021-06-19 10:12:05.100,37.3913811800,-121.9157732900,683.0550,555125.563000,37.3913704000,-121.9157731000,682.5060
1787575759.641,2026-08-24 17:49:19,2021-06-19 10:12:05.200,37.3914514900,-121.9157732700,685.2520,555125.663000,37.3914412000,-121.9157731000,684.5160
1787575759.741,2026-08-24 17:49:19,2021-06-19 10:12:05.300,37.3915218500,-121.9157734700,687.1160,555125.763000,37.3915120000,-121.9157731000,686.5240
1787575759.842,2026-08-24 17:49:19,2021-06-19 10:12:05.400,37.3915928400,-121.9157735300,689.0920,555125.863000,37.3915826000,-121.9157731000,688.5310
1787575759.944,2026-08-24 17:49:19,2021-06-19 10:12:05.500,37.3916636800,-121.9157735500,690.9900,555125.963000,37.3916534000,-121.9157731000,690.5410
1787575760.045,2026-08-24 17:49:20,2021-06-19 10:12:05.600,37.3917341600,-121.9157735000,693.1320,555126.068000,37.3917277000,-121.9157731000,692.6420
1787575760.146,2026-08-24 17:49:20,2021-06-19 10:12:05.700,37.3918050700,-121.9157733000,695.2930,555126.168000,37.3917984000,-121.9157731000,694.6450
1787575760.247,2026-08-24 17:49:20,2021-06-19 10:12:05.800,37.3918756400,-121.9157735100,697.1750,555126.268000,37.3918691000,-121.9157731000,696.6570
1787575760.347,2026-08-24 17:49:20,2021-06-19 10:12:05.900,37.3919461600,-121.9157736300,699.1060,555126.368000,37.3919398000,-121.9157730000,698.6690
1787575760.448,2026-08-24 17:49:20,2021-06-19 10:12:06.000,37.3920169000,-121.9157738400,700.9940,555126.474000,37.3920141000,-121.9157731000,700.7710
1787575760.549,2026-08-24 17:49:20,2021-06-19 10:12:06.100,37.3920878400,-121.9157737800,703.1380,555126.574000,37.3920849000,-121.9157731000,702.7680
1787575760.649,2026-08-24 17:49:20,2021-06-19 10:12:06.200,37.3921586400,-121.9157734600,705.2970,555126.674000,37.3921556000,-121.9157731000,704.7740
1787575760.750,2026-08-24 17:49:20,2021-06-19 10:12:06.300,37.3922288800,-121.9157735300,707.2060,555126.774000,37.3922264000,-121.9157732000,706.7810
1787575760.851,2026-08-24 17:49:20,2021-06-19 10:12:06.400,37.3922994700,-121.9157735000,709.0740,555126.874000,37.3922972000,-121.9157731000,708.7910
1787575760.952,2026-08-24 17:49:20,2021-06-19 10:12:06.500,37.3923705600,-121.9157737700,710.9910,555126.974000,37.3923680000,-121.9157732000,710.7960
1787575761.052,2026-08-24 17:49:21,2021-06-19 10:12:06.600,37.3924411800,-121.9157738300,713.0210,555127.074000,37.3924387000,-121.9157732000,712.8040
1787575761.153,2026-08-24 17:49:21,2021-06-19 10:12:06.700,37.3925117100,-121.9157735700,715.0820,555127.174000,37.3925094000,-121.9157732000,714.8130
1787575761.254,2026-08-24 17:49:21,2021-06-19 10:12:06.800,37.3925823700,-121.9157734300,717.0400,555127.279000,37.3925837000,-121.9157732000,716.9290
1787575761.355,2026-08-24 17:49:21,2021-06-19 10:12:06.900,37.3926530900,-121.9157735100,718.9900,555127.379000,37.3926545000,-121.9157732000,718.9360
1787575761.456,2026-08-24 17:49:21,2021-06-19 10:12:07.000,37.3927237600,-121.9157736600,720.9280,555127.479000,37.3927252000,-121.9157732000,720.9530
1787575761.556,2026-08-24 17:49:21,2021-06-19 10:12:07.100,37.3927944400,-121.9157735100,723.0160,555127.579000,37.3927959000,-121.9157732000,722.9550
1787575761.657,2026-08-24 17:49:21,2021-06-19 10:12:07.200,37.3928652600,-121.9157733400,725.1670,555127.679000,37.3928667000,-121.9157733000,724.9600
1787575761.757,2026-08-24 17:49:21,2021-06-19 10:12:07.300,37.3929359100,-121.9157734900,727.2030,555127.779000,37.3929375000,-121.9157733000,726.9830
1787575761.858,2026-08-24 17:49:21,2021-06-19 10:12:07.400,37.3930063700,-121.9157735600,729.0970,555127.879000,37.3930083000,-121.9157733000,728.9860
1787575761.959,2026-08-24 17:49:21,2021-06-19 10:12:07.500,37.3930773000,-121.9157735700,731.0340,555127.979000,37.3930790000,-121.9157733000,730.9900
1787575762.060,2026-08-24 17:49:22,2021-06-19 10:12:07.600,37.3931479600,-121.9157735500,733.1590,555128.079000,37.3931498000,-121.9157733000,732.9970
1787575762.160,2026-08-24 17:49:22,2021-06-19 10:12:07.700,37.3932187300,-121.9157733400,735.3170,555128.184000,37.3932240000,-121.9157733000,735.0960
1787575762.260,2026-08-24 17:49:22,2021-06-19 10:12:07.800,37.3932891800,-121.9157732000,737.3300,555128.279000,37.3932912000,-121.9157733000,737.0000
1787575762.361,2026-08-24 17:49:22,2021-06-19 10:12:07.900,37.3933599200,-121.9157732300,739.1830,555128.379000,37.3933620000,-121.9157733000,739.0070
1787575762.462,2026-08-24 17:49:22,2021-06-19 10:12:08.000,37.3934310100,-121.9157732100,741.1390,555128.484000,37.3934362000,-121.9157733000,741.1210
1787575762.563,2026-08-24 17:49:22,2021-06-19 10:12:08.100,37.3935017100,-121.9157735700,743.1650,555128.589000,37.3935105000,-121.9157733000,743.2330
1787575762.664,2026-08-24 17:49:22,2021-06-19 10:12:08.200,37.3935722700,-121.9157733200,745.2310,555128.689000,37.3935812000,-121.9157733000,745.2390
1787575762.765,2026-08-24 17:49:22,2021-06-19 10:12:08.300,37.3936427100,-121.9157730600,747.2960,555128.789000,37.3936519000,-121.9157733000,747.2470
1787575762.865,2026-08-24 17:49:22,2021-06-19 10:12:08.400,37.3937133400,-121.9157732300,749.2210,555128.889000,37.3937226000,-121.9157733000,749.2580
1787575762.966,2026-08-24 17:49:22,2021-06-19 10:12:08.500,37.3937841800,-121.9157734200,751.1910,555128.989000,37.3937933000,-121.9157732000,751.2670
1787575763.066,2026-08-24 17:49:23,2021-06-19 10:12:08.600,37.3938548900,-121.9157733500,753.2360,555129.089000,37.3938641000,-121.9157732000,753.2730
1787575763.166,2026-08-24 17:49:23,2021-06-19 10:12:08.700,37.3939256200,-121.9157730100,755.3280,555129.184000,37.3939313000,-121.9157732000,755.1740
1787575763.267,2026-08-24 17:49:23,2021-06-19 10:12:08.800,37.3939963100,-121.9157730500,757.4820,555129.289000,37.3940056000,-121.9157732000,757.2820
1787575763.368,2026-08-24 17:49:23,2021-06-19 10:12:08.900,37.3940668900,-121.9157732400,759.3620,555129.394000,37.3940798000,-121.9157732000,759.3850
1787575763.468,2026-08-24 17:49:23,2021-06-19 10:12:09.000,37.3941378900,-121.9157731300,761.2460,555129.494000,37.3941506000,-121.9157733000,761.3870
1787575763.569,2026-08-24 17:49:23,2021-06-19 10:12:09.100,37.3942085500,-121.9157730900,763.3000,555129.594000,37.3942213000,-121.9157732000,763.3950
1787575763.670,2026-08-24 17:49:23,2021-06-19 10:12:09.200,37.3942794500,-121.9157731100,765.4450,555129.689000,37.3942885000,-121.9157732000,765.2980
1787575763.770,2026-08-24 17:49:23,2021-06-19 10:12:09.300,37.3943500000,-121.9157726200,767.6100,555129.794000,37.3943629000,-121.9157732000,767.4070
1787575763.872,2026-08-24 17:49:23,2021-06-19 10:12:09.400,37.3944205800,-121.9157728200,769.4480,555129.894000,37.3944336000,-121.9157732000,769.4090
1787575763.976,2026-08-24 17:49:23,2021-06-19 10:12:09.500,37.3944913800,-121.9157730100,771.3140,555129.994000,37.3945044000,-121.9157732000,771.4190
1787575764.076,2026-08-24 17:49:24,2021-06-19 10:12:09.600,37.3945621300,-121.9157732800,773.3320,555130.099000,37.3945786000,-121.9157732000,773.5200
1787575764.177,2026-08-24 17:49:24,2021-06-19 10:12:09.700,37.3946328600,-121.9157732700,775.2920,555130.204000,37.3946529000,-121.9157732000,775.6320
1787575764.278,2026-08-24 17:49:24,2021-06-19 10:12:09.800,37.3947031600,-121.9157730300,777.3450,555130.299000,37.3947201000,-121.9157732000,777.5390
1787575764.378,2026-08-24 17:49:24,2021-06-19 10:12:09.900,37.3947741000,-121.9157733400,779.2480,555130.400000,37.3947908000,-121.9157732000,779.5460
1787575764.479,2026-08-24 17:49:24,2021-06-19 10:12:10.000,37.3948450400,-121.9157735400,781.0880,555130.505000,37.3948652000,-121.9157732000,781.6490
1787575764.580,2026-08-24 17:49:24,2021-06-19 10:12:10.100,37.3949156000,-121.9157733100,783.0570,555130.605000,37.3949359000,-121.9157732000,783.6480
1787575764.680,2026-08-24 17:49:24,2021-06-19 10:12:10.200,37.3949860700,-121.9157733100,785.0810,555130.700000,37.3950031000,-121.9157732000,785.5490
1787575764.781,2026-08-24 17:49:24,2021-06-19 10:12:10.300,37.3950566200,-121.9157732000,787.2650,555130.805000,37.3950773000,-121.9157732000,787.6540
1787575764.881,2026-08-24 17:49:24,2021-06-19 10:12:10.400,37.3951273800,-121.9157731000,789.2990,555130.905000,37.3951480000,-121.9157732000,789.6610
1787575764.982,2026-08-24 17:49:24,2021-06-19 10:12:10.500,37.3951983600,-121.9157731900,791.1270,555131.005000,37.3952187000,-121.9157732000,791.6690
1787575765.083,2026-08-24 17:49:25,2021-06-19 10:12:10.600,37.3952688500,-121.9157732100,793.1440,555131.105000,37.3952894000,-121.9157732000,793.6780
1787575765.184,2026-08-24 17:49:25,2021-06-19 10:12:10.700,37.3953395900,-121.9157734300,795.2270,555131.205000,37.3953601000,-121.9157732000,795.6840
1787575765.284,2026-08-24 17:49:25,2021-06-19 10:12:10.800,37.3954101800,-121.9157730800,797.3240,555131.305000,37.3954309000,-121.9157732000,797.6860
1787575765.385,2026-08-24 17:49:25,2021-06-19 10:12:10.900,37.3954809600,-121.9157728500,799.4170,555131.405000,37.3955015000,-121.9157732000,799.6920
1787575765.486,2026-08-24 17:49:25,2021-06-19 10:12:11.000,37.3955518900,-121.9157732900,801.2270,555131.510000,37.3955758000,-121.9157732000,801.7990
1787575765.587,2026-08-24 17:49:25,2021-06-19 10:12:11.100,37.3956227200,-121.9157733200,803.2200,555131.615000,37.3956501000,-121.9157732000,803.8960
1787575765.688,2026-08-24 17:49:25,2021-06-19 10:12:11.200,37.3956932000,-121.9157733600,805.1680,555131.715000,37.3957208000,-121.9157732000,805.9010
1787575765.788,2026-08-24 17:49:25,2021-06-19 10:12:11.300,37.3957636500,-121.9157731900,807.2150,555131.810000,37.3957880000,-121.9157732000,807.8090
1787575765.889,2026-08-24 17:49:25,2021-06-19 10:12:11.400,37.3958345600,-121.9157732000,809.3570,555131.915000,37.3958622000,-121.9157732000,809.9090
1787575765.989,2026-08-24 17:49:25,2021-06-19 10:12:11.500,37.3959055800,-121.9157733600,811.2090,555132.015000,37.3959329000,-121.9157732000,811.9150
1787575766.090,2026-08-24 17:49:26,2021-06-19 10:12:11.600,37.3959762700,-121.9157734000,813.1040,555132.115000,37.3960037000,-121.9157732000,813.9160
1787575766.191,2026-08-24 17:49:26,2021-06-19 10:12:11.700,37.3960467700,-121.9157733400,815.0680,555132.215000,37.3960744000,-121.9157732000,815.9230
1787575766.292,2026-08-24 17:49:26,2021-06-19 10:12:11.800,37.3961173700,-121.9157734700,817.1380,555132.320000,37.3961487000,-121.9157732000,818.0220
1787575766.393,2026-08-24 17:49:26,2021-06-19 10:12:11.900,37.3961882200,-121.9157734200,819.1820,555132.420000,37.3962194000,-121.9157732000,820.0190
1787575766.494,2026-08-24 17:49:26,2021-06-19 10:12:12.000,37.3962591300,-121.9157734700,821.0960,555132.520000,37.3962901000,-121.9157732000,822.0250
1787575766.594,2026-08-24 17:49:26,2021-06-19 10:12:12.100,37.3963296800,-121.9157734600,823.1010,555132.620000,37.3963609000,-121.9157732000,824.0210
1787575766.695,2026-08-24 17:49:26,2021-06-19 10:12:12.200,37.3964003600,-121.9157734800,825.0860,555132.720000,37.3964316000,-121.9157732000,826.0180
1787575766.795,2026-08-24 17:49:26,2021-06-19 10:12:12.300,37.3964710900,-121.9157733100,827.1260,555132.820000,37.3965023000,-121.9157731000,828.0190
1787575766.896,2026-08-24 17:49:26,2021-06-19 10:12:12.400,37.3965416800,-121.9157731700,829.2190,555132.920000,37.3965730000,-121.9157731000,830.0220
1787575766.997,2026-08-24 17:49:26,2021-06-19 10:12:12.500,37.3966123700,-121.9157733000,831.2840,555133.020000,37.3966437000,-121.9157731000,832.0220
1787575767.097,2026-08-24 17:49:27,2021-06-19 10:12:12.600,37.3966833500,-121.9157733900,833.2630,555133.120000,37.3967145000,-121.9157731000,834.0240
1787575767.198,2026-08-24 17:49:27,2021-06-19 10:12:12.700,37.3967540900,-121.9157733300,835.1590,555133.225000,37.3967887000,-121.9157731000,836.1250
1787575767.298,2026-08-24 17:49:27,2021-06-19 10:12:12.800,37.3968246300,-121.9157730600,837.1840,555133.320000,37.3968559000,-121.9157731000,838.0270
1787575767.398,2026-08-24 17:49:27,2021-06-19 10:12:12.900,37.3968955900,-121.9157729700,839.2640,555133.420000,37.3969266000,-121.9157731000,840.0370
1787575767.499,2026-08-24 17:49:27,2021-06-19 10:12:13.000,37.3969665800,-121.9157730200,841.3450,555133.520000,37.3969972000,-121.9157731000,842.0410
1787575767.599,2026-08-24 17:49:27,2021-06-19 10:12:13.100,37.3970374700,-121.9157729000,843.2990,555133.625000,37.3970714000,-121.9157731000,844.1450
1787575767.700,2026-08-24 17:49:27,2021-06-19 10:12:13.200,37.3971078400,-121.9157731000,845.2140,555133.725000,37.3971421000,-121.9157731000,846.1520
1787575767.800,2026-08-24 17:49:27,2021-06-19 10:12:13.300,37.3971786200,-121.9157728900,847.2200,555133.825000,37.3972127000,-121.9157730000,848.1540
1787575767.901,2026-08-24 17:49:27,2021-06-19 10:12:13.400,37.3972496200,-121.9157729100,849.2570,555133.925000,37.3972835000,-121.9157730000,850.1600
1787575768.002,2026-08-24 17:49:28,2021-06-19 10:12:13.500,37.3973203400,-121.9157729400,851.2940,555134.025000,37.3973542000,-121.9157730000,852.1650
1787575768.102,2026-08-24 17:49:28,2021-06-19 10:12:13.600,37.3973908700,-121.9157728300,853.4020,555134.125000,37.3974250000,-121.9157729000,854.1700
1787575768.203,2026-08-24 17:49:28,2021-06-19 10:12:13.700,37.3974614400,-121.9157729800,855.3450,555134.230000,37.3974992000,-121.9157730000,856.2810
1787575768.303,2026-08-24 17:49:28,2021-06-19 10:12:13.800,37.3975321000,-121.9157730400,857.3770,555134.330000,37.3975700000,-121.9157729000,858.2810
1787575768.403,2026-08-24 17:49:28,2021-06-19 10:12:13.900,37.3976026800,-121.9157729300,859.4320,555134.430000,37.3976407000,-121.9157730000,860.2770
1787575768.504,2026-08-24 17:49:28,2021-06-19 10:12:14.000,37.3976734000,-121.9157730200,861.4790,555134.526000,37.3977079000,-121.9157730000,862.1760
1787575768.605,2026-08-24 17:49:28,2021-06-19 10:12:14.100,37.3977442100,-121.9157728100,863.6670,555134.631000,37.3977822000,-121.9157730000,864.2910
1787575768.706,2026-08-24 17:49:28,2021-06-19 10:12:14.200,37.3978150400,-121.9157731100,865.5430,555134.731000,37.3978529000,-121.9157729000,866.2960
1787575768.807,2026-08-24 17:49:28,2021-06-19 10:12:14.300,37.3978853400,-121.9157730800,867.5080,555134.831000,37.3979236000,-121.9157729000,868.2990
1787575768.907,2026-08-24 17:49:28,2021-06-19 10:12:14.400,37.3979559300,-121.9157728700,869.5530,555134.931000,37.3979943000,-121.9157730000,870.3080
1787575769.008,2026-08-24 17:49:29,2021-06-19 10:12:14.500,37.3980272800,-121.9157729700,871.6190,555135.031000,37.3980650000,-121.9157730000,872.3070
1787575769.109,2026-08-24 17:49:29,2021-06-19 10:12:14.600,37.3980979200,-121.9157726900,873.8500,555135.136000,37.3981393000,-121.9157730000,874.4150
1787575769.209,2026-08-24 17:49:29,2021-06-19 10:12:14.700,37.3981685400,-121.9157728300,875.7830,555135.236000,37.3982100000,-121.9157729000,876.4240
1787575769.310,2026-08-24 17:49:29,2021-06-19 10:12:14.800,37.3982389200,-121.9157729000,877.6680,555135.336000,37.3982807000,-121.9157729000,878.4380
1787575769.411,2026-08-24 17:49:29,2021-06-19 10:12:14.900,37.3983097400,-121.9157729700,879.6340,555135.436000,37.3983514000,-121.9157729000,880.4490
1787575769.512,2026-08-24 17:49:29,2021-06-19 10:12:15.000,37.3983805700,-121.9157732100,881.5240,555135.536000,37.3984220000,-121.9157728000,882.4580
1787575769.613,2026-08-24 17:49:29,2021-06-19 10:12:15.100,37.3984512800,-121.9157731600,883.5770,555135.641000,37.3984962000,-121.9157728000,884.5690
1787575769.713,2026-08-24 17:49:29,2021-06-19 10:12:15.200,37.3985220000,-121.9157729700,885.6270,555135.741000,37.3985669000,-121.9157728000,886.5700
1787575769.814,2026-08-24 17:49:29,2021-06-19 10:12:15.300,37.3985927500,-121.9157731900,887.4930,555135.836000,37.3986340000,-121.9157729000,888.4790
1787575769.915,2026-08-24 17:49:29,2021-06-19 10:12:15.400,37.3986631500,-121.9157732300,889.4280,555135.941000,37.3987083000,-121.9157729000,890.5780
1787575770.016,2026-08-24 17:49:30,2021-06-19 10:12:15.500,37.3987339300,-121.9157734300,891.3640,555136.041000,37.3987790000,-121.9157729000,892.5890
1787575770.116,2026-08-24 17:49:30,2021-06-19 10:12:15.600,37.3988047000,-121.9157732500,893.4860,555136.141000,37.3988496000,-121.9157729000,894.5810
1787575770.217,2026-08-24 17:49:30,2021-06-19 10:12:15.700,37.3988753700,-121.9157732700,895.6440,555136.246000,37.3989238000,-121.9157729000,896.6870
1787575770.318,2026-08-24 17:49:30,2021-06-19 10:12:15.800,37.3989458200,-121.9157733600,897.6230,555136.341000,37.3989909000,-121.9157728000,898.5920
1787575770.419,2026-08-24 17:49:30,2021-06-19 10:12:15.900,37.3990166000,-121.9157732600,899.5170,555136.441000,37.3990616000,-121.9157729000,900.5880
1787575770.519,2026-08-24 17:49:30,2021-06-19 10:12:16.000,37.3990875900,-121.9157736100,901.4310,555136.546000,37.3991359000,-121.9157729000,902.6870
1787575770.620,2026-08-24 17:49:30,2021-06-19 10:12:16.100,37.3991579000,-121.9157736900,903.5020,555136.646000,37.3992065000,-121.9157729000,904.6860
1787575770.722,2026-08-24 17:49:30,2021-06-19 10:12:16.300,37.3992987200,-121.9157734100,907.6790,555136.746000,37.3992772000,-121.9157729000,906.6930
1787575770.923,2026-08-24 17:49:30,2021-06-19 10:12:16.500,37.3994403600,-121.9157738000,911.4310,555136.946000,37.3994184000,-121.9157729000,910.6960
1787575771.023,2026-08-24 17:49:31,2021-06-19 10:12:16.600,37.3995112900,-121.9157738300,913.3830,555137.051000,37.3994926000,-121.9157729000,912.7950
1787575771.132,2026-08-24 17:49:31,2021-06-19 10:12:16.700,37.3995819400,-121.9157736100,915.4250,555137.161000,37.3995704000,-121.9157729000,914.9930
1787575771.233,2026-08-24 17:49:31,2021-06-19 10:12:16.800,37.3996527900,-121.9157736600,917.5690,555137.261000,37.3996410000,-121.9157729000,916.9860
1787575771.333,2026-08-24 17:49:31,2021-06-19 10:12:16.900,37.3997233500,-121.9157736400,919.5530,555137.361000,37.3997116000,-121.9157729000,918.9920
1787575771.435,2026-08-24 17:49:31,2021-06-19 10:12:17.000,37.3997939800,-121.9157737800,921.3480,555137.461000,37.3997823000,-121.9157729000,920.9870
1787575771.535,2026-08-24 17:49:31,2021-06-19 10:12:17.100,37.3998648200,-121.9157739200,923.2970,555137.561000,37.3998530000,-121.9157729000,922.9950
1787575771.636,2026-08-24 17:49:31,2021-06-19 10:12:17.200,37.3999353700,-121.9157739700,925.3490,555137.661000,37.3999236000,-121.9157729000,924.9990
1787575771.736,2026-08-24 17:49:31,2021-06-19 10:12:17.300,37.4000058800,-121.9157739000,927.3520,555137.756000,37.3999908000,-121.9157729000,926.9110
1787575771.837,2026-08-24 17:49:31,2021-06-19 10:12:17.400,37.4000767500,-121.9157736000,929.4000,555137.867000,37.4000685000,-121.9157729000,929.1130
1787575771.937,2026-08-24 17:49:31,2021-06-19 10:12:17.500,37.4001476700,-121.9157737200,931.2420,555137.962000,37.4001356000,-121.9157729000,931.0110
1787575772.038,2026-08-24 17:49:32,2021-06-19 10:12:17.600,37.4002183300,-121.9157740200,933.2300,555138.067000,37.4002097000,-121.9157729000,933.1060
1787575772.139,2026-08-24 17:49:32,2021-06-19 10:12:17.700,37.4002893000,-121.9157739400,935.1760,555138.162000,37.4002769000,-121.9157729000,935.0020
1787575772.240,2026-08-24 17:49:32,2021-06-19 10:12:17.800,37.4003598200,-121.9157736400,937.1960,555138.267000,37.4003511000,-121.9157730000,937.1030
1787575772.341,2026-08-24 17:49:32,2021-06-19 10:12:17.900,37.4004307700,-121.9157736600,939.3390,555138.367000,37.4004218000,-121.9157730000,939.1010
1787575772.442,2026-08-24 17:49:32,2021-06-19 10:12:18.000,37.4005013700,-121.9157735100,941.4160,555138.472000,37.4004961000,-121.9157730000,941.2020
1787575772.542,2026-08-24 17:49:32,2021-06-19 10:12:18.100,37.4005721300,-121.9157735200,943.2890,555138.567000,37.4005632000,-121.9157730000,943.1070
1787575772.643,2026-08-24 17:49:32,2021-06-19 10:12:18.200,37.4006428900,-121.9157733100,945.2390,555138.672000,37.4006374000,-121.9157730000,945.2050
1787575772.744,2026-08-24 17:49:32,2021-06-19 10:12:18.300,37.4007135900,-121.9157733000,947.2760,555138.767000,37.4007045000,-121.9157730000,947.1010
1787575772.845,2026-08-24 17:49:32,2021-06-19 10:12:18.400,37.4007845000,-121.9157732200,949.3740,555138.872000,37.4007788000,-121.9157730000,949.2000
1787575772.946,2026-08-24 17:49:32,2021-06-19 10:12:18.500,37.4008553800,-121.9157728400,951.4550,555138.972000,37.4008495000,-121.9157730000,951.2060
1787575773.047,2026-08-24 17:49:33,2021-06-19 10:12:18.600,37.4009260500,-121.9157728700,953.4380,555139.072000,37.4009202000,-121.9157730000,953.2150
1787575773.147,2026-08-24 17:49:33,2021-06-19 10:12:18.700,37.4009967100,-121.9157731400,955.4050,555139.172000,37.4009909000,-121.9157730000,955.2200
1787575773.248,2026-08-24 17:49:33,2021-06-19 10:12:18.800,37.4010671600,-121.9157729800,957.3470,555139.277000,37.4010651000,-121.9157731000,957.3170
1787575773.349,2026-08-24 17:49:33,2021-06-19 10:12:18.900,37.4011376900,-121.9157728300,959.3330,555139.372000,37.4011322000,-121.9157731000,959.2220
1787575773.449,2026-08-24 17:49:33,2021-06-19 10:12:19.000,37.4012084800,-121.9157728300,961.3640,555139.472000,37.4012029000,-121.9157730000,961.2300
1787575773.550,2026-08-24 17:49:33,2021-06-19 10:12:19.100,37.4012791500,-121.9157728000,963.6400,555139.577000,37.4012772000,-121.9157730000,963.3380
1787575773.650,2026-08-24 17:49:33,2021-06-19 10:12:19.200,37.4013498900,-121.9157728400,965.5140,555139.677000,37.4013479000,-121.9157730000,965.3440
1787575773.751,2026-08-24 17:49:33,2021-06-19 10:12:19.300,37.4014204300,-121.9157728600,967.4890,555139.777000,37.4014187000,-121.9157730000,967.3430
1787575773.852,2026-08-24 17:49:33,2021-06-19 10:12:19.400,37.4014909200,-121.9157729200,969.5610,555139.877000,37.4014893000,-121.9157730000,969.3460
1787575773.953,2026-08-24 17:49:33,2021-06-19 10:12:19.500,37.4015621200,-121.9157728700,971.6250,555139.977000,37.4015600000,-121.9157730000,971.3500
1787575774.054,2026-08-24 17:49:34,2021-06-19 10:12:19.600,37.4016327900,-121.9157725600,973.7690,555140.077000,37.4016307000,-121.9157730000,973.3580
1787575774.154,2026-08-24 17:49:34,2021-06-19 10:12:19.700,37.4017035300,-121.9157725700,975.7980,555140.182000,37.4017050000,-121.9157730000,975.4620
1787575774.255,2026-08-24 17:49:34,2021-06-19 10:12:19.800,37.4017738300,-121.9157728800,977.7420,555140.282000,37.4017757000,-121.9157730000,977.4710
1787575774.355,2026-08-24 17:49:34,2021-06-19 10:12:19.900,37.4018450000,-121.9157729800,979.7170,555140.383000,37.4018464000,-121.9157730000,979.4850
1787575774.457,2026-08-24 17:49:34,2021-06-19 10:12:20.000,37.4019155000,-121.9157728500,981.7060,555140.483000,37.4019171000,-121.9157730000,981.4870
1787575774.557,2026-08-24 17:49:34,2021-06-19 10:12:20.100,37.4019862400,-121.9157727700,983.8410,555140.583000,37.4019879000,-121.9157730000,983.4950
1787575774.657,2026-08-24 17:49:34,2021-06-19 10:12:20.200,37.4020569900,-121.9157726800,986.0410,555140.683000,37.4020585000,-121.9157729000,985.5060
1787575774.759,2026-08-24 17:49:34,2021-06-19 10:12:20.300,37.4021277300,-121.9157727300,987.9780,555140.788000,37.4021328000,-121.9157729000,987.6120
1787575774.859,2026-08-24 17:49:34,2021-06-19 10:12:20.400,37.4021984400,-121.9157727100,989.8460,555140.883000,37.4022000000,-121.9157730000,989.5230
1787575774.960,2026-08-24 17:49:34,2021-06-19 10:12:20.500,37.4022691300,-121.9157728400,991.7080,555140.983000,37.4022707000,-121.9157730000,991.5280
1787575775.061,2026-08-24 17:49:35,2021-06-19 10:12:20.600,37.4023401600,-121.9157729800,993.7620,555141.088000,37.4023449000,-121.9157730000,993.6380
1787575775.161,2026-08-24 17:49:35,2021-06-19 10:12:20.700,37.4024107100,-121.9157728300,995.7630,555141.188000,37.4024157000,-121.9157730000,995.6450
1787575775.262,2026-08-24 17:49:35,2021-06-19 10:12:20.800,37.4024816900,-121.9157725200,997.8810,555141.288000,37.4024864000,-121.9157730000,997.6470
1787575775.362,2026-08-24 17:49:35,2021-06-19 10:12:20.900,37.4025519500,-121.9157727400,999.7400,555141.388000,37.4025572000,-121.9157730000,999.6570
1787575775.463,2026-08-24 17:49:35,2021-06-19 10:12:21.000,37.4026231100,-121.9157729700,1001.5920,555141.493000,37.4026314000,-121.9157730000,1001.7650
1787575775.563,2026-08-24 17:49:35,2021-06-19 10:12:21.100,37.4026936400,-121.9157728900,1003.5760,555141.588000,37.4026986000,-121.9157730000,1003.6660
1787575775.664,2026-08-24 17:49:35,2021-06-19 10:12:21.200,37.4027642400,-121.9157729400,1005.5820,555141.693000,37.4027729000,-121.9157730000,1005.7690
1787575775.765,2026-08-24 17:49:35,2021-06-19 10:12:21.300,37.4028346100,-121.9157726500,1007.7400,555141.793000,37.4028436000,-121.9157730000,1007.7780
1787575775.866,2026-08-24 17:49:35,2021-06-19 10:12:21.400,37.4029056200,-121.9157725200,1009.8330,555141.893000,37.4029144000,-121.9157730000,1009.7880
1787575775.967,2026-08-24 17:49:35,2021-06-19 10:12:21.500,37.4029765400,-121.9157726700,1011.6460,555141.993000,37.4029852000,-121.9157730000,1011.7910
1787575776.067,2026-08-24 17:49:36,2021-06-19 10:12:21.600,37.4030470900,-121.9157727900,1013.6670,555142.093000,37.4030559000,-121.9157730000,1013.7950
1787575776.168,2026-08-24 17:49:36,2021-06-19 10:12:21.700,37.4031178700,-121.9157729400,1015.6200,555142.198000,37.4031302000,-121.9157730000,1015.9030
1787575776.269,2026-08-24 17:49:36,2021-06-19 10:12:21.800,37.4031887200,-121.9157727900,1017.7320,555142.298000,37.4032010000,-121.9157729000,1017.9180
1787575776.369,2026-08-24 17:49:36,2021-06-19 10:12:21.900,37.4032595200,-121.9157726000,1019.8480,555142.393000,37.4032682000,-121.9157729000,1019.8200
1787575776.469,2026-08-24 17:49:36,2021-06-19 10:12:22.000,37.4033299900,-121.9157727300,1021.8310,555142.498000,37.4033424000,-121.9157729000,1021.9290
1787575776.570,2026-08-24 17:49:36,2021-06-19 10:12:22.100,37.4034008200,-121.9157728400,1023.7380,555142.598000,37.4034132000,-121.9157729000,1023.9410
1787575776.671,2026-08-24 17:49:36,2021-06-19 10:12:22.200,37.4034717100,-121.9157729100,1025.6350,555142.694000,37.4034804000,-121.9157728000,1025.8470
1787575776.771,2026-08-24 17:49:36,2021-06-19 10:12:22.300,37.4035422500,-121.9157728800,1027.5870,555142.799000,37.4035547000,-121.9157729000,1027.9460
1787575776.872,2026-08-24 17:49:36,2021-06-19 10:12:22.400,37.4036128400,-121.9157728800,1029.6490,555142.904000,37.4036290000,-121.9157728000,1030.0600
1787575776.972,2026-08-24 17:49:36,2021-06-19 10:12:22.500,37.4036841100,-121.9157728900,1031.7520,555143.004000,37.4036997000,-121.9157728000,1032.0500
1787575777.074,2026-08-24 17:49:37,2021-06-19 10:12:22.600,37.4037546900,-121.9157727900,1033.7900,555143.104000,37.4037705000,-121.9157728000,1034.0510
1787575777.174,2026-08-24 17:49:37,2021-06-19 10:12:22.700,37.4038252200,-121.9157732100,1035.6440,555143.204000,37.4038413000,-121.9157729000,1036.0570
1787575777.274,2026-08-24 17:49:37,2021-06-19 10:12:22.800,37.4038958200,-121.9157730600,1037.5740,555143.304000,37.4039119000,-121.9157729000,1038.0620
1787575777.375,2026-08-24 17:49:37,2021-06-19 10:12:22.900,37.4039667300,-121.9157731500,1039.5460,555143.404000,37.4039827000,-121.9157729000,1040.0690
1787575777.476,2026-08-24 17:49:37,2021-06-19 10:12:23.000,37.4040376400,-121.9157732100,1041.5220,555143.504000,37.4040534000,-121.9157728000,1042.0810
1787575777.576,2026-08-24 17:49:37,2021-06-19 10:12:23.100,37.4041080200,-121.9157730400,1043.6530,555143.604000,37.4041241000,-121.9157728000,1044.0770
1787575777.677,2026-08-24 17:49:37,2021-06-19 10:12:23.200,37.4041790000,-121.9157730900,1045.6160,555143.709000,37.4041984000,-121.9157728000,1046.1860
1787575777.777,2026-08-24 17:49:37,2021-06-19 10:12:23.300,37.4042495200,-121.9157730700,1047.5450,555143.809000,37.4042691000,-121.9157728000,1048.1840
1787575777.878,2026-08-24 17:49:37,2021-06-19 10:12:23.400,37.4043203200,-121.9157731700,1049.5150,555143.909000,37.4043399000,-121.9157728000,1050.1910
1787575777.979,2026-08-24 17:49:37,2021-06-19 10:12:23.500,37.4043911300,-121.9157733600,1051.4920,555144.009000,37.4044106000,-121.9157728000,1052.1980
1787575778.080,2026-08-24 17:49:38,2021-06-19 10:12:23.600,37.4044620000,-121.9157730100,1053.6260,555144.109000,37.4044813000,-121.9157728000,1054.2040
1787575778.181,2026-08-24 17:49:38,2021-06-19 10:12:23.700,37.4045330900,-121.9157728400,1055.8380,555144.209000,37.4045520000,-121.9157727000,1056.2140
1787575778.282,2026-08-24 17:49:38,2021-06-19 10:12:23.800,37.4046033600,-121.9157728800,1057.7800,555144.309000,37.4046228000,-121.9157727000,1058.2230
1787575778.383,2026-08-24 17:49:38,2021-06-19 10:12:23.900,37.4046741200,-121.9157728700,1059.7030,555144.414000,37.4046970000,-121.9157727000,1060.3190
1787575778.483,2026-08-24 17:49:38,2021-06-19 10:12:24.000,37.4047449200,-121.9157731000,1061.6420,555144.514000,37.4047678000,-121.9157727000,1062.3230
1787575778.584,2026-08-24 17:49:38,2021-06-19 10:12:24.100,37.4048157600,-121.9157729600,1063.7480,555144.614000,37.4048386000,-121.9157726000,1064.3370
1787575778.685,2026-08-24 17:49:38,2021-06-19 10:12:24.200,37.4048862200,-121.9157729300,1065.8440,555144.709000,37.4049058000,-121.9157726000,1066.2440
1787575778.786,2026-08-24 17:49:38,2021-06-19 10:12:24.300,37.4049567900,-121.9157725300,1068.0370,555144.814000,37.4049801000,-121.9157726000,1068.3560
1787575778.886,2026-08-24 17:49:38,2021-06-19 10:12:24.400,37.4050277700,-121.9157727000,1069.9390,555144.909000,37.4050472000,-121.9157726000,1070.2570
1787575778.987,2026-08-24 17:49:38,2021-06-19 10:12:24.500,37.4050983200,-121.9157730000,1071.8010,555145.014000,37.4051214000,-121.9157726000,1072.3620
1787575779.088,2026-08-24 17:49:39,2021-06-19 10:12:24.600,37.4051688300,-121.9157729800,1073.8030,555145.115000,37.4051922000,-121.9157726000,1074.3680
1787575779.189,2026-08-24 17:49:39,2021-06-19 10:12:24.700,37.4052395200,-121.9157730600,1075.7560,555145.220000,37.4052665000,-121.9157726000,1076.4740
1787575779.289,2026-08-24 17:49:39,2021-06-19 10:12:24.800,37.4053102500,-121.9157729000,1077.8920,555145.315000,37.4053336000,-121.9157726000,1078.3800
1787575779.390,2026-08-24 17:49:39,2021-06-19 10:12:24.900,37.4053810000,-121.9157727000,1080.0850,555145.420000,37.4054079000,-121.9157726000,1080.4800
1787575779.491,2026-08-24 17:49:39,2021-06-19 10:12:25.000,37.4054518400,-121.9157730000,1081.9260,555145.520000,37.4054787000,-121.9157726000,1082.4870
1787575779.592,2026-08-24 17:49:39,2021-06-19 10:12:25.100,37.4055224300,-121.9157729500,1083.9390,555145.625000,37.4055529000,-121.9157726000,1084.5900
1787575779.692,2026-08-24 17:49:39,2021-06-19 10:12:25.200,37.4055932700,-121.9157731900,1085.9600,555145.725000,37.4056236000,-121.9157726000,1086.6010
1787575779.793,2026-08-24 17:49:39,2021-06-19 10:12:25.300,37.4056635500,-121.9157731700,1088.0670,555145.825000,37.4056943000,-121.9157726000,1088.6150
1787575779.894,2026-08-24 17:49:39,2021-06-19 10:12:25.400,37.4057343200,-121.9157730000,1090.1880,555145.925000,37.4057651000,-121.9157726000,1090.6280
1787575779.995,2026-08-24 17:49:39,2021-06-19 10:12:25.500,37.4058051100,-121.9157730000,1092.2510,555146.025000,37.4058358000,-121.9157725000,1092.6340
1787575780.095,2026-08-24 17:49:40,2021-06-19 10:12:25.600,37.4058760700,-121.9157731200,1094.2160,555146.120000,37.4059030000,-121.9157726000,1094.5460
1787575780.196,2026-08-24 17:49:40,2021-06-19 10:12:25.700,37.4059464100,-121.9157731700,1096.1590,555146.225000,37.4059773000,-121.9157726000,1096.6560
1787575780.297,2026-08-24 17:49:40,2021-06-19 10:12:25.800,37.4060171000,-121.9157730800,1098.1540,555146.325000,37.4060481000,-121.9157726000,1098.6640
1787575780.397,2026-08-24 17:49:40,2021-06-19 10:12:25.900,37.4060878700,-121.9157727600,1100.2720,555146.430000,37.4061223000,-121.9157726000,1100.7780
1787575780.498,2026-08-24 17:49:40,2021-06-19 10:12:26.000,37.4061588400,-121.9157728900,1102.3930,555146.530000,37.4061930000,-121.9157726000,1102.7890
1787575780.598,2026-08-24 17:49:40,2021-06-19 10:12:26.100,37.4062296400,-121.9157726300,1104.5620,555146.630000,37.4062638000,-121.9157726000,1104.7970
1787575780.699,2026-08-24 17:49:40,2021-06-19 10:12:26.200,37.4063001600,-121.9157726600,1106.3850,555146.730000,37.4063344000,-121.9157725000,1106.8120
1787575780.801,2026-08-24 17:49:40,2021-06-19 10:12:26.300,37.4063708500,-121.9157729300,1108.2830,555146.830000,37.4064052000,-121.9157726000,1108.8120
1787575780.901,2026-08-24 17:49:40,2021-06-19 10:12:26.400,37.4064417000,-121.9157730700,1110.2740,555146.930000,37.4064759000,-121.9157726000,1110.8160
1787575781.009,2026-08-24 17:49:41,2021-06-19 10:12:26.600,37.4065831500,-121.9157729300,1114.2170,555147.040000,37.4065537000,-121.9157725000,1113.0160
1787575781.210,2026-08-24 17:49:41,2021-06-19 10:12:26.700,37.4066541200,-121.9157728700,1116.3020,555147.235000,37.4066916000,-121.9157726000,1116.9330
1787575781.311,2026-08-24 17:49:41,2021-06-19 10:12:26.800,37.4067245100,-121.9157730500,1118.1700,555147.340000,37.4067658000,-121.9157726000,1119.0500
1787575781.411,2026-08-24 17:49:41,2021-06-19 10:12:26.900,37.4067952800,-121.9157730500,1120.0600,555147.440000,37.4068366000,-121.9157726000,1121.0550
1787575781.512,2026-08-24 17:49:41,2021-06-19 10:12:27.000,37.4068660000,-121.9157731400,1121.9600,555147.546000,37.4069109000,-121.9157725000,1123.1610
1787575781.612,2026-08-24 17:49:41,2021-06-19 10:12:27.100,37.4069368500,-121.9157733300,1124.0600,555147.641000,37.4069780000,-121.9157725000,1125.0650
1787575781.713,2026-08-24 17:49:41,2021-06-19 10:12:27.200,37.4070073300,-121.9157732000,1126.1470,555147.741000,37.4070487000,-121.9157725000,1127.0710
1787575781.815,2026-08-24 17:49:41,2021-06-19 10:12:27.300,37.4070779800,-121.9157729700,1128.2840,555147.846000,37.4071230000,-121.9157725000,1129.1870
1787575781.916,2026-08-24 17:49:41,2021-06-19 10:12:27.400,37.4071485400,-121.9157729200,1130.2350,555147.946000,37.4071937000,-121.9157725000,1131.1950
1787575782.016,2026-08-24 17:49:42,2021-06-19 10:12:27.500,37.4072192200,-121.9157734900,1132.1280,555148.041000,37.4072608000,-121.9157725000,1133.1040
1787575782.117,2026-08-24 17:49:42,2021-06-19 10:12:27.600,37.4072898000,-121.9157734900,1134.1270,555148.146000,37.4073351000,-121.9157726000,1135.2000
1787575782.218,2026-08-24 17:49:42,2021-06-19 10:12:27.700,37.4073605100,-121.9157732200,1136.1420,555148.251000,37.4074092000,-121.9157725000,1137.3150
1787575782.318,2026-08-24 17:49:42,2021-06-19 10:12:27.800,37.4074310300,-121.9157731400,1138.2250,555148.346000,37.4074763000,-121.9157726000,1139.2250
1787575782.419,2026-08-24 17:49:42,2021-06-19 10:12:27.900,37.4075018300,-121.9157730900,1140.4250,555148.451000,37.4075505000,-121.9157726000,1141.3320
1787575782.519,2026-08-24 17:49:42,2021-06-19 10:12:28.000,37.4075728000,-121.9157733000,1142.2640,555148.551000,37.4076211000,-121.9157726000,1143.3350
1787575782.621,2026-08-24 17:49:42,2021-06-19 10:12:28.100,37.4076431700,-121.9157734600,1144.1410,555148.651000,37.4076917000,-121.9157725000,1145.3370
1787575782.723,2026-08-24 17:49:42,2021-06-19 10:12:28.300,37.4077847000,-121.9157736100,1148.1060,555148.751000,37.4077624000,-121.9157725000,1147.3450
1787575782.823,2026-08-24 17:49:42,2021-06-19 10:12:28.400,37.4078555000,-121.9157733400,1150.1190,555148.851000,37.4078330000,-121.9157725000,1149.3530
1787575782.922,2026-08-24 17:49:42,2021-06-19 10:12:28.500,37.4079265100,-121.9157733300,1152.1960,555148.956000,37.4079071000,-121.9157725000,1151.4530
1787575783.023,2026-08-24 17:49:43,2021-06-19 10:12:28.600,37.4079970200,-121.9157735300,1154.2380,555149.056000,37.4079777000,-121.9157725000,1153.4580
1787575783.132,2026-08-24 17:49:43,2021-06-19 10:12:28.700,37.4080679300,-121.9157736700,1156.1310,555149.166000,37.4080554000,-121.9157725000,1155.6670
1787575783.236,2026-08-24 17:49:43,2021-06-19 10:12:28.800,37.4081382700,-121.9157736200,1158.0340,555149.266000,37.4081260000,-121.9157725000,1157.6670
1787575783.336,2026-08-24 17:49:43,2021-06-19 10:12:28.900,37.4082089500,-121.9157735600,1159.9860,555149.366000,37.4081966000,-121.9157725000,1159.6650
1787575783.437,2026-08-24 17:49:43,2021-06-19 10:12:29.000,37.4082798100,-121.9157738700,1162.0010,555149.466000,37.4082673000,-121.9157726000,1161.6600
1787575783.538,2026-08-24 17:49:43,2021-06-19 10:12:29.100,37.4083503800,-121.9157738900,1164.0640,555149.566000,37.4083379000,-121.9157726000,1163.6690
1787575783.638,2026-08-24 17:49:43,2021-06-19 10:12:29.200,37.4084211000,-121.9157736900,1166.1510,555149.671000,37.4084121000,-121.9157726000,1165.7760
1787575783.739,2026-08-24 17:49:43,2021-06-19 10:12:29.300,37.4084915000,-121.9157739200,1168.0110,555149.771000,37.4084827000,-121.9157727000,1167.7690
1787575783.839,2026-08-24 17:49:43,2021-06-19 10:12:29.400,37.4085623600,-121.9157740700,1169.9670,555149.866000,37.4085498000,-121.9157727000,1169.6720
1787575783.940,2026-08-24 17:49:43,2021-06-19 10:12:29.500,37.4086333900,-121.9157740900,1171.8740,555149.971000,37.4086240000,-121.9157727000,1171.7750
1787575784.040,2026-08-24 17:49:44,2021-06-19 10:12:29.600,37.4087040700,-121.9157738500,1173.9290,555150.072000,37.4086947000,-121.9157727000,1173.7740
1787575784.141,2026-08-24 17:49:44,2021-06-19 10:12:29.700,37.4087747900,-121.9157738300,1176.0510,555150.172000,37.4087654000,-121.9157727000,1175.7820
1787575784.242,2026-08-24 17:49:44,2021-06-19 10:12:29.800,37.4088456200,-121.9157736300,1178.2670,555150.272000,37.4088360000,-121.9157727000,1177.7820
1787575784.342,2026-08-24 17:49:44,2021-06-19 10:12:29.900,37.4089162500,-121.9157735900,1180.0990,555150.372000,37.4089067000,-121.9157728000,1179.7840
1787575784.443,2026-08-24 17:49:44,2021-06-19 10:12:30.000,37.4089870500,-121.9157737100,1181.9840,555150.472000,37.4089774000,-121.9157727000,1181.7880
1787575784.544,2026-08-24 17:49:44,2021-06-19 10:12:30.100,37.4090575200,-121.9157738400,1183.9920,555150.572000,37.4090481000,-121.9157727000,1183.7940
1787575784.644,2026-08-24 17:49:44,2021-06-19 10:12:30.200,37.4091284100,-121.9157738700,1186.0410,555150.677000,37.4091223000,-121.9157727000,1185.8980
1787575784.744,2026-08-24 17:49:44,2021-06-19 10:12:30.300,37.4091986200,-121.9157735100,1188.1330,555150.777000,37.4091930000,-121.9157727000,1187.9020
1787575784.845,2026-08-24 17:49:44,2021-06-19 10:12:30.400,37.4092693400,-121.9157734400,1190.2500,555150.877000,37.4092638000,-121.9157727000,1189.9120
1787575784.946,2026-08-24 17:49:44,2021-06-19 10:12:30.500,37.4093404400,-121.9157736500,1192.1620,555150.977000,37.4093344000,-121.9157727000,1191.9210
1787575785.046,2026-08-24 17:49:45,2021-06-19 10:12:30.600,37.4094111800,-121.9157735600,1194.1450,555151.072000,37.4094016000,-121.9157727000,1193.8300
1787575785.147,2026-08-24 17:49:45,2021-06-19 10:12:30.700,37.4094816500,-121.9157733900,1196.1140,555151.177000,37.4094759000,-121.9157727000,1195.9280
1787575785.247,2026-08-24 17:49:45,2021-06-19 10:12:30.800,37.4095518000,-121.9157733000,1198.1390,555151.277000,37.4095465000,-121.9157728000,1197.9350
1787575785.348,2026-08-24 17:49:45,2021-06-19 10:12:30.900,37.4096227700,-121.9157734000,1200.1780,555151.382000,37.4096208000,-121.9157727000,1200.0500
1787575785.449,2026-08-24 17:49:45,2021-06-19 10:12:31.000,37.4096936400,-121.9157731200,1202.2440,555151.477000,37.4096880000,-121.9157727000,1201.9620
1787575785.550,2026-08-24 17:49:45,2021-06-19 10:12:31.100,37.4097645400,-121.9157729800,1204.3080,555151.577000,37.4097587000,-121.9157728000,1203.9670
1787575785.650,2026-08-24 17:49:45,2021-06-19 10:12:31.200,37.4098348100,-121.9157730900,1206.2340,555151.682000,37.4098329000,-121.9157728000,1206.0750
1787575785.750,2026-08-24 17:49:45,2021-06-19 10:12:31.300,37.4099056400,-121.9157730900,1208.2840,555151.782000,37.4099036000,-121.9157728000,1208.0830
1787575785.851,2026-08-24 17:49:45,2021-06-19 10:12:31.400,37.4099762500,-121.9157729700,1210.2920,555151.882000,37.4099743000,-121.9157728000,1210.0890
1787575785.952,2026-08-24 17:49:45,2021-06-19 10:12:31.500,37.4100469400,-121.9157729500,1212.3040,555151.987000,37.4100486000,-121.9157728000,1212.1880
1787575786.053,2026-08-24 17:49:46,2021-06-19 10:12:31.600,37.4101174600,-121.9157728300,1214.4910,555152.087000,37.4101193000,-121.9157728000,1214.2010
1787575786.154,2026-08-24 17:49:46,2021-06-19 10:12:31.700,37.4101884800,-121.9157727600,1216.5530,555152.187000,37.4101900000,-121.9157728000,1216.2070
1787575786.255,2026-08-24 17:49:46,2021-06-19 10:12:31.800,37.4102590400,-121.9157726300,1218.4440,555152.287000,37.4102607000,-121.9157728000,1218.2170
1787575786.356,2026-08-24 17:49:46,2021-06-19 10:12:31.900,37.4103295000,-121.9157726700,1220.4270,555152.387000,37.4103314000,-121.9157728000,1220.2210
1787575786.456,2026-08-24 17:49:46,2021-06-19 10:12:32.000,37.4104004100,-121.9157727500,1222.3680,555152.487000,37.4104022000,-121.9157728000,1222.2320
1787575786.557,2026-08-24 17:49:46,2021-06-19 10:12:32.100,37.4104714700,-121.9157726400,1224.4900,555152.587000,37.4104728000,-121.9157728000,1224.2420
1787575786.657,2026-08-24 17:49:46,2021-06-19 10:12:32.200,37.4105420500,-121.9157724800,1226.5640,555152.688000,37.4105435000,-121.9157728000,1226.2480
1787575786.758,2026-08-24 17:49:46,2021-06-19 10:12:32.300,37.4106124600,-121.9157721100,1228.8090,555152.788000,37.4106143000,-121.9157727000,1228.2550
1787575786.858,2026-08-24 17:49:46,2021-06-19 10:12:32.400,37.4106831400,-121.9157723500,1230.6620,555152.888000,37.4106850000,-121.9157727000,1230.2680
1787575786.959,2026-08-24 17:49:46,2021-06-19 10:12:32.500,37.4107538900,-121.9157724500,1232.5190,555152.988000,37.4107557000,-121.9157727000,1232.2740
1787575787.060,2026-08-24 17:49:47,2021-06-19 10:12:32.600,37.4108246500,-121.9157725400,1234.4550,555153.088000,37.4108264000,-121.9157727000,1234.2920
1787575787.161,2026-08-24 17:49:47,2021-06-19 10:12:32.700,37.4108951800,-121.9157725900,1236.3910,555153.193000,37.4109006000,-121.9157727000,1236.3900
1787575787.262,2026-08-24 17:49:47,2021-06-19 10:12:32.800,37.4109658600,-121.9157725700,1238.4130,555153.293000,37.4109713000,-121.9157727000,1238.3940
1787575787.363,2026-08-24 17:49:47,2021-06-19 10:12:32.900,37.4110367700,-121.9157724400,1240.4970,555153.393000,37.4110420000,-121.9157727000,1240.4040
1787575787.463,2026-08-24 17:49:47,2021-06-19 10:12:33.000,37.4111073600,-121.9157726200,1242.4260,555153.493000,37.4111128000,-121.9157728000,1242.4060
1787575787.564,2026-08-24 17:49:47,2021-06-19 10:12:33.100,37.4111779800,-121.9157727700,1244.3430,555153.598000,37.4111870000,-121.9157728000,1244.5060
1787575787.665,2026-08-24 17:49:47,2021-06-19 10:12:33.200,37.4112490700,-121.9157728200,1246.2720,555153.693000,37.4112543000,-121.9157728000,1246.4150
1787575787.765,2026-08-24 17:49:47,2021-06-19 10:12:33.300,37.4113197100,-121.9157725800,1248.2880,555153.798000,37.4113285000,-121.9157728000,1248.5190
1787575787.865,2026-08-24 17:49:47,2021-06-19 10:12:33.400,37.4113901500,-121.9157725700,1250.3290,555153.898000,37.4113993000,-121.9157728000,1250.5210
1787575787.966,2026-08-24 17:49:47,2021-06-19 10:12:33.500,37.4114610100,-121.9157725200,1252.3440,555153.998000,37.4114700000,-121.9157727000,1252.5270
1787575788.066,2026-08-24 17:49:48,2021-06-19 10:12:33.600,37.4115321600,-121.9157723600,1254.5580,555154.098000,37.4115406000,-121.9157727000,1254.5330
1787575788.166,2026-08-24 17:49:48,2021-06-19 10:12:33.700,37.4116029500,-121.9157726300,1256.4500,555154.198000,37.4116113000,-121.9157727000,1256.5410
1787575788.267,2026-08-24 17:49:48,2021-06-19 10:12:33.800,37.4116732000,-121.9157725600,1258.4000,555154.303000,37.4116856000,-121.9157727000,1258.6450
1787575788.367,2026-08-24 17:49:48,2021-06-19 10:12:33.900,37.4117441800,-121.9157726000,1260.3460,555154.398000,37.4117527000,-121.9157727000,1260.5520
1787575788.468,2026-08-24 17:49:48,2021-06-19 10:12:34.000,37.4118153700,-121.9157728000,1262.3330,555154.498000,37.4118234000,-121.9157727000,1262.5620
1787575788.569,2026-08-24 17:49:48,2021-06-19 10:12:34.100,37.4118859400,-121.9157726700,1264.4730,555154.603000,37.4118977000,-121.9157728000,1264.6690
1787575788.670,2026-08-24 17:49:48,2021-06-19 10:12:34.200,37.4119567800,-121.9157724600,1266.6190,555154.703000,37.4119684000,-121.9157728000,1266.6820
1787575788.770,2026-08-24 17:49:48,2021-06-19 10:12:34.300,37.4120275200,-121.9157724200,1268.6270,555154.803000,37.4120391000,-121.9157727000,1268.6890
1787575788.871,2026-08-24 17:49:48,2021-06-19 10:12:34.400,37.4120983600,-121.9157726300,1270.5040,555154.903000,37.4121099000,-121.9157727000,1270.6990
1787575788.972,2026-08-24 17:49:48,2021-06-19 10:12:34.500,37.4121688700,-121.9157729900,1272.3210,555155.003000,37.4121806000,-121.9157727000,1272.7030
1787575789.073,2026-08-24 17:49:49,2021-06-19 10:12:34.600,37.4122396200,-121.9157727300,1274.3170,555155.103000,37.4122513000,-121.9157727000,1274.7100
1787575789.174,2026-08-24 17:49:49,2021-06-19 10:12:34.700,37.4123103700,-121.9157727300,1276.3530,555155.208000,37.4123256000,-121.9157727000,1276.8140
1787575789.275,2026-08-24 17:49:49,2021-06-19 10:12:34.800,37.4123812900,-121.9157726100,1278.4570,555155.304000,37.4123928000,-121.9157728000,1278.7280
1787575789.375,2026-08-24 17:49:49,2021-06-19 10:12:34.900,37.4124517400,-121.9157724200,1280.6320,555155.409000,37.4124672000,-121.9157727000,1280.8400
1787575789.475,2026-08-24 17:49:49,2021-06-19 10:12:35.000,37.4125225400,-121.9157727400,1282.4070,555155.509000,37.4125380000,-121.9157727000,1282.8490
1787575789.576,2026-08-24 17:49:49,2021-06-19 10:12:35.100,37.4125932700,-121.9157727100,1284.3510,555155.609000,37.4126087000,-121.9157726000,1284.8580
1787575789.679,2026-08-24 17:49:49,2021-06-19 10:12:35.200,37.4126638400,-121.9157728600,1286.2630,555155.714000,37.4126830000,-121.9157726000,1286.9640
1787575789.780,2026-08-24 17:49:49,2021-06-19 10:12:35.300,37.4127341600,-121.9157727500,1288.2610,555155.814000,37.4127537000,-121.9157726000,1288.9680
1787575789.881,2026-08-24 17:49:49,2021-06-19 10:12:35.400,37.4128049800,-121.9157725400,1290.2410,555155.914000,37.4128245000,-121.9157725000,1290.9740
1787575789.982,2026-08-24 17:49:49,2021-06-19 10:12:35.500,37.4128762800,-121.9157727400,1292.3050,555156.014000,37.4128953000,-121.9157726000,1292.9760
1787575790.083,2026-08-24 17:49:50,2021-06-19 10:12:35.600,37.4129468400,-121.9157725500,1294.4700,555156.119000,37.4129696000,-121.9157725000,1295.0880
1787575790.183,2026-08-24 17:49:50,2021-06-19 10:12:35.700,37.4130171000,-121.9157728900,1296.3640,555156.214000,37.4130368000,-121.9157725000,1296.9870
1787575790.284,2026-08-24 17:49:50,2021-06-19 10:12:35.800,37.4130875000,-121.9157727600,1298.2580,555156.314000,37.4131075000,-121.9157726000,1298.9870
1787575790.385,2026-08-24 17:49:50,2021-06-19 10:12:35.900,37.4131584400,-121.9157728800,1300.2770,555156.419000,37.4131818000,-121.9157726000,1301.0950
1787575790.485,2026-08-24 17:49:50,2021-06-19 10:12:36.000,37.4132288000,-121.9157730000,1302.2760,555156.519000,37.4132526000,-121.9157725000,1303.1060
1787575790.586,2026-08-24 17:49:50,2021-06-19 10:12:36.100,37.4132996800,-121.9157726200,1304.3860,555156.619000,37.4133233000,-121.9157725000,1305.1090
1787575790.687,2026-08-24 17:49:50,2021-06-19 10:12:36.200,37.4133705600,-121.9157723600,1306.5210,555156.719000,37.4133940000,-121.9157725000,1307.1170
1787575790.788,2026-08-24 17:49:50,2021-06-19 10:12:36.300,37.4134412000,-121.9157723500,1308.5920,555156.824000,37.4134683000,-121.9157725000,1309.2230
1787575790.889,2026-08-24 17:49:50,2021-06-19 10:12:36.400,37.4135118000,-121.9157722700,1310.5200,555156.924000,37.4135390000,-121.9157725000,1311.2330
1787575790.989,2026-08-24 17:49:50,2021-06-19 10:12:36.500,37.4135826600,-121.9157723500,1312.3980,555157.019000,37.4136061000,-121.9157725000,1313.1370
1787575791.090,2026-08-24 17:49:51,2021-06-19 10:12:36.600,37.4136535300,-121.9157722100,1314.4370,555157.124000,37.4136804000,-121.9157726000,1315.2370
1787575791.191,2026-08-24 17:49:51,2021-06-19 10:12:36.700,37.4137243000,-121.9157723300,1316.5210,555157.224000,37.4137512000,-121.9157725000,1317.2470
1787575791.291,2026-08-24 17:49:51,2021-06-19 10:12:36.800,37.4137946800,-121.9157722300,1318.6050,555157.324000,37.4138218000,-121.9157725000,1319.2500
1787575791.392,2026-08-24 17:49:51,2021-06-19 10:12:36.900,37.4138652600,-121.9157717700,1320.7920,555157.424000,37.4138926000,-121.9157725000,1321.2600
1787575791.492,2026-08-24 17:49:51,2021-06-19 10:12:37.000,37.4139360500,-121.9157721300,1322.6430,555157.529000,37.4139668000,-121.9157725000,1323.3670
1787575791.592,2026-08-24 17:49:51,2021-06-19 10:12:37.100,37.4140067300,-121.9157721500,1324.6660,555157.624000,37.4140340000,-121.9157725000,1325.2750
1787575791.693,2026-08-24 17:49:51,2021-06-19 10:12:37.200,37.4140772500,-121.9157721300,1326.5900,555157.724000,37.4141046000,-121.9157725000,1327.2830
1787575791.794,2026-08-24 17:49:51,2021-06-19 10:12:37.300,37.4141477200,-121.9157720100,1328.5420,555157.825000,37.4141753000,-121.9157724000,1329.2860
1787575791.894,2026-08-24 17:49:51,2021-06-19 10:12:37.400,37.4142187800,-121.9157720000,1330.6140,555157.925000,37.4142460000,-121.9157724000,1331.2910
1787575792.000,2026-08-24 17:49:52,2021-06-19 10:12:37.500,37.4142893900,-121.9157721000,1332.6960,555158.030000,37.4143202000,-121.9157725000,1333.3930
1787575792.101,2026-08-24 17:49:52,2021-06-19 10:12:37.600,37.4143603000,-121.9157717100,1334.8830,555158.135000,37.4143945000,-121.9157725000,1335.5030
1787575792.202,2026-08-24 17:49:52,2021-06-19 10:12:37.700,37.4144309800,-121.9157717700,1336.7490,555158.235000,37.4144652000,-121.9157724000,1337.5080
1787575792.308,2026-08-24 17:49:52,2021-06-19 10:12:37.800,37.4145014200,-121.9157719800,1338.7600,555158.340000,37.4145395000,-121.9157724000,1339.6190
1787575792.409,2026-08-24 17:49:52,2021-06-19 10:12:37.900,37.4145721200,-121.9157720200,1340.7390,555158.440000,37.4146102000,-121.9157725000,1341.6190
1787575792.510,2026-08-24 17:49:52,2021-06-19 10:12:38.000,37.4146430300,-121.9157718900,1342.7080,555158.545000,37.4146844000,-121.9157724000,1343.7300
1787575792.610,2026-08-24 17:49:52,2021-06-19 10:12:38.100,37.4147140600,-121.9157717800,1344.8210,555158.645000,37.4147551000,-121.9157725000,1345.7380
1787575792.711,2026-08-24 17:49:52,2021-06-19 10:12:38.200,37.4147848000,-121.9157717100,1347.0280,555158.745000,37.4148258000,-121.9157724000,1347.7540
1787575792.812,2026-08-24 17:49:52,2021-06-19 10:12:38.300,37.4148552800,-121.9157716900,1349.0120,555158.845000,37.4148965000,-121.9157724000,1349.7600
1787575792.912,2026-08-24 17:49:52,2021-06-19 10:12:38.400,37.4149260300,-121.9157716200,1350.9310,555158.950000,37.4149707000,-121.9157724000,1351.8740
1787575793.013,2026-08-24 17:49:53,2021-06-19 10:12:38.500,37.4149965600,-121.9157719200,1352.8320,555159.045000,37.4150378000,-121.9157724000,1353.7830
1787575793.114,2026-08-24 17:49:53,2021-06-19 10:12:38.600,37.4150674500,-121.9157720600,1354.9390,555159.145000,37.4151085000,-121.9157724000,1355.7890
1787575793.215,2026-08-24 17:49:53,2021-06-19 10:12:38.700,37.4151381300,-121.9157717700,1356.9630,555159.250000,37.4151827000,-121.9157723000,1357.9040
1787575793.316,2026-08-24 17:49:53,2021-06-19 10:12:38.800,37.4152085500,-121.9157716000,1359.0800,555159.350000,37.4152534000,-121.9157723000,1359.9100
1787575793.417,2026-08-24 17:49:53,2021-06-19 10:12:38.900,37.4152794900,-121.9157715400,1361.2650,555159.450000,37.4153239000,-121.9157723000,1361.9230
1787575793.517,2026-08-24 17:49:53,2021-06-19 10:12:39.000,37.4153503400,-121.9157719100,1363.1010,555159.550000,37.4153946000,-121.9157724000,1363.9370
1787575793.618,2026-08-24 17:49:53,2021-06-19 10:12:39.200,37.4154915100,-121.9157719000,1366.9200,555159.650000,37.4154652000,-121.9157723000,1365.9470
1787575793.819,2026-08-24 17:49:53,2021-06-19 10:12:39.300,37.4155620300,-121.9157721100,1368.9210,555159.855000,37.4156101000,-121.9157723000,1370.0550
1787575793.920,2026-08-24 17:49:53,2021-06-19 10:12:39.400,37.4156327400,-121.9157721100,1370.9160,555159.955000,37.4156806000,-121.9157724000,1372.0540
1787575794.030,2026-08-24 17:49:54,2021-06-19 10:12:39.600,37.4157740800,-121.9157720000,1374.9850,555160.050000,37.4157477000,-121.9157724000,1373.9580
1787575794.136,2026-08-24 17:49:54,2021-06-19 10:12:39.700,37.4158447200,-121.9157722300,1376.9340,555160.165000,37.4158289000,-121.9157723000,1376.2750
1787575794.237,2026-08-24 17:49:54,2021-06-19 10:12:39.800,37.4159152100,-121.9157723300,1378.7790,555160.275000,37.4159066000,-121.9157723000,1378.4920
1787575794.337,2026-08-24 17:49:54,2021-06-19 10:12:39.900,37.4159861700,-121.9157723100,1380.6710,555160.375000,37.4159772000,-121.9157724000,1380.4960
1787575794.438,2026-08-24 17:49:54,2021-06-19 10:12:40.000,37.4160569700,-121.9157724100,1382.5970,555160.475000,37.4160478000,-121.9157723000,1382.5030
1787575794.539,2026-08-24 17:49:54,2021-06-19 10:12:40.100,37.4161277500,-121.9157725900,1384.7070,555160.570000,37.4161149000,-121.9157723000,1384.4050
1787575794.639,2026-08-24 17:49:54,2021-06-19 10:12:40.200,37.4161982200,-121.9157723500,1386.7940,555160.676000,37.4161891000,-121.9157723000,1386.5130
1787575794.741,2026-08-24 17:49:54,2021-06-19 10:12:40.300,37.4162689500,-121.9157721800,1388.9260,555160.776000,37.4162597000,-121.9157723000,1388.5200
1787575794.842,2026-08-24 17:49:54,2021-06-19 10:12:40.400,37.4163395400,-121.9157722500,1390.9090,555160.876000,37.4163303000,-121.9157723000,1390.5290
1787575794.942,2026-08-24 17:49:54,2021-06-19 10:12:40.500,37.4164105900,-121.9157725500,1392.8100,555160.971000,37.4163975000,-121.9157723000,1392.4340
1787575795.043,2026-08-24 17:49:55,2021-06-19 10:12:40.600,37.4164813000,-121.9157724100,1394.7790,555161.076000,37.4164717000,-121.9157723000,1394.5380
1787575795.144,2026-08-24 17:49:55,2021-06-19 10:12:40.700,37.4165518500,-121.9157723700,1396.8160,555161.176000,37.4165424000,-121.9157724000,1396.5410
1787575795.245,2026-08-24 17:49:55,2021-06-19 10:12:40.800,37.4166223700,-121.9157725200,1398.8930,555161.276000,37.4166131000,-121.9157724000,1398.5430
1787575795.346,2026-08-24 17:49:55,2021-06-19 10:12:40.900,37.4166931700,-121.9157724400,1401.0390,555161.381000,37.4166873000,-121.9157724000,1400.6520
1787575795.447,2026-08-24 17:49:55,2021-06-19 10:12:41.000,37.4167643100,-121.9157721100,1403.1630,555161.481000,37.4167579000,-121.9157724000,1402.6540
1787575795.548,2026-08-24 17:49:55,2021-06-19 10:12:41.100,37.4168347400,-121.9157721600,1405.1000,555161.581000,37.4168287000,-121.9157724000,1404.6620
1787575795.648,2026-08-24 17:49:55,2021-06-19 10:12:41.200,37.4169058100,-121.9157724100,1407.0220,555161.681000,37.4168994000,-121.9157724000,1406.6740
1787575795.749,2026-08-24 17:49:55,2021-06-19 10:12:41.300,37.4169766100,-121.9157725200,1408.9460,555161.781000,37.4169701000,-121.9157724000,1408.6820
1787575795.849,2026-08-24 17:49:55,2021-06-19 10:12:41.400,37.4170473400,-121.9157725600,1410.8510,555161.881000,37.4170409000,-121.9157724000,1410.6940
1787575795.950,2026-08-24 17:49:55,2021-06-19 10:12:41.500,37.4171182200,-121.9157724800,1412.8450,555161.986000,37.4171151000,-121.9157724000,1412.8050
1787575796.051,2026-08-24 17:49:56,2021-06-19 10:12:41.600,37.4171888800,-121.9157725400,1414.9740,555162.081000,37.4171822000,-121.9157724000,1414.7000
1787575796.152,2026-08-24 17:49:56,2021-06-19 10:12:41.700,37.4172597400,-121.9157723100,1417.1300,555162.186000,37.4172564000,-121.9157725000,1416.8070
1787575796.252,2026-08-24 17:49:56,2021-06-19 10:12:41.800,37.4173300300,-121.9157723900,1419.0030,555162.286000,37.4173272000,-121.9157725000,1418.8110
1787575796.353,2026-08-24 17:49:56,2021-06-19 10:12:41.900,37.4174006000,-121.9157726500,1420.8580,555162.391000,37.4174015000,-121.9157725000,1420.9190
1787575796.454,2026-08-24 17:49:56,2021-06-19 10:12:42.000,37.4174716900,-121.9157727700,1422.7730,555162.486000,37.4174686000,-121.9157724000,1422.8240
1787575796.555,2026-08-24 17:49:56,2021-06-19 10:12:42.100,37.4175423600,-121.9157727200,1424.7630,555162.586000,37.4175393000,-121.9157725000,1424.8300
1787575796.656,2026-08-24 17:49:56,2021-06-19 10:12:42.200,37.4176126900,-121.9157727100,1426.7710,555162.691000,37.4176135000,-121.9157725000,1426.9340
1787575796.757,2026-08-24 17:49:56,2021-06-19 10:12:42.300,37.4176829600,-121.9157727100,1428.8060,555162.791000,37.4176842000,-121.9157725000,1428.9410
1787575796.858,2026-08-24 17:49:56,2021-06-19 10:12:42.400,37.4177540200,-121.9157726900,1430.8830,555162.891000,37.4177550000,-121.9157725000,1430.9550
1787575796.958,2026-08-24 17:49:56,2021-06-19 10:12:42.500,37.4178249300,-121.9157727500,1432.8090,555162.991000,37.4178257000,-121.9157725000,1432.9620
1787575797.058,2026-08-24 17:49:57,2021-06-19 10:12:42.600,37.4178950100,-121.9157727800,1434.7430,555163.091000,37.4178965000,-121.9157725000,1434.9610
1787575797.159,2026-08-24 17:49:57,2021-06-19 10:12:42.700,37.4179657800,-121.9157728000,1436.6980,555163.191000,37.4179672000,-121.9157725000,1436.9680
1787575797.261,2026-08-24 17:49:57,2021-06-19 10:12:42.800,37.4180363700,-121.9157726300,1438.7520,555163.296000,37.4180415000,-121.9157725000,1439.0660
1787575797.361,2026-08-24 17:49:57,2021-06-19 10:12:42.900,37.4181073100,-121.9157725600,1440.7780,555163.397000,37.4181123000,-121.9157724000,1441.0780
1787575797.462,2026-08-24 17:49:57,2021-06-19 10:12:43.000,37.4181781300,-121.9157726700,1442.8270,555163.497000,37.4181830000,-121.9157724000,1443.0810
1787575797.562,2026-08-24 17:49:57,2021-06-19 10:12:43.100,37.4182488600,-121.9157725600,1445.0160,555163.597000,37.4182537000,-121.9157724000,1445.0900
1787575797.663,2026-08-24 17:49:57,2021-06-19 10:12:43.200,37.4183199400,-121.9157725200,1447.0480,555163.697000,37.4183244000,-121.9157724000,1447.0960
1787575797.764,2026-08-24 17:49:57,2021-06-19 10:12:43.300,37.4183902800,-121.9157723200,1448.9710,555163.797000,37.4183951000,-121.9157723000,1449.1020
1787575797.864,2026-08-24 17:49:57,2021-06-19 10:12:43.400,37.4184609600,-121.9157725000,1450.9220,555163.902000,37.4184694000,-121.9157724000,1451.2040
1787575797.965,2026-08-24 17:49:57,2021-06-19 10:12:43.500,37.4185317800,-121.9157725600,1452.8860,555163.997000,37.4185365000,-121.9157724000,1453.1080
1787575798.066,2026-08-24 17:49:58,2021-06-19 10:12:43.600,37.4186026100,-121.9157725500,1454.9970,555164.102000,37.4186108000,-121.9157724000,1455.2130
1787575798.166,2026-08-24 17:49:58,2021-06-19 10:12:43.700,37.4186729400,-121.9157724900,1457.0430,555164.202000,37.4186815000,-121.9157724000,1457.2240
1787575798.267,2026-08-24 17:49:58,2021-06-19 10:12:43.800,37.4187434600,-121.9157722300,1459.2340,555164.302000,37.4187523000,-121.9157724000,1459.2350
1787575798.368,2026-08-24 17:49:58,2021-06-19 10:12:43.900,37.4188143300,-121.9157719700,1461.3620,555164.407000,37.4188265000,-121.9157724000,1461.3380
1787575798.469,2026-08-24 17:49:58,2021-06-19 10:12:44.000,37.4188850400,-121.9157721400,1463.1850,555164.507000,37.4188972000,-121.9157724000,1463.3450
1787575798.569,2026-08-24 17:49:58,2021-06-19 10:12:44.100,37.4189554600,-121.9157723500,1465.1420,555164.602000,37.4189644000,-121.9157724000,1465.2480
1787575798.670,2026-08-24 17:49:58,2021-06-19 10:12:44.200,37.4190258500,-121.9157726400,1467.0400,555164.702000,37.4190352000,-121.9157724000,1467.2560
1787575798.770,2026-08-24 17:49:58,2021-06-19 10:12:44.300,37.4190965500,-121.9157726300,1469.0930,555164.802000,37.4191059000,-121.9157724000,1469.2720
1787575798.871,2026-08-24 17:49:58,2021-06-19 10:12:44.400,37.4191671600,-121.9157726700,1471.0660,555164.907000,37.4191801000,-121.9157724000,1471.3750
1787575798.972,2026-08-24 17:49:58,2021-06-19 10:12:44.500,37.4192376900,-121.9157729400,1473.1090,555165.007000,37.4192508000,-121.9157723000,1473.3870
1787575799.072,2026-08-24 17:49:59,2021-06-19 10:12:44.600,37.4193084900,-121.9157725200,1475.3560,555165.107000,37.4193214000,-121.9157723000,1475.3980
1787575799.173,2026-08-24 17:49:59,2021-06-19 10:12:44.700,37.4193793900,-121.9157728400,1477.2400,555165.207000,37.4193922000,-121.9157723000,1477.4130
1787575799.274,2026-08-24 17:49:59,2021-06-19 10:12:44.800,37.4194499000,-121.9157729400,1479.2320,555165.312000,37.4194664000,-121.9157723000,1479.5240
1787575799.375,2026-08-24 17:49:59,2021-06-19 10:12:44.900,37.4195204800,-121.9157731300,1481.2170,555165.407000,37.4195335000,-121.9157724000,1481.4260
1787575799.475,2026-08-24 17:49:59,2021-06-19 10:12:45.000,37.4195913800,-121.9157732500,1483.1910,555165.512000,37.4196077000,-121.9157724000,1483.5330
1787575799.576,2026-08-24 17:49:59,2021-06-19 10:12:45.100,37.4196622300,-121.9157731300,1485.3700,555165.612000,37.4196785000,-121.9157724000,1485.5410
1787575799.676,2026-08-24 17:49:59,2021-06-19 10:12:45.200,37.4197326500,-121.9157730700,1487.4750,555165.712000,37.4197493000,-121.9157724000,1487.5510
1787575799.777,2026-08-24 17:49:59,2021-06-19 10:12:45.300,37.4198034000,-121.9157727400,1489.6980,555165.817000,37.4198235000,-121.9157724000,1489.6590
1787575799.878,2026-08-24 17:49:59,2021-06-19 10:12:45.400,37.4198741300,-121.9157727500,1491.5730,555165.913000,37.4198907000,-121.9157724000,1491.5760
1787575799.979,2026-08-24 17:49:59,2021-06-19 10:12:45.500,37.4199449200,-121.9157730600,1493.4810,555166.018000,37.4199649000,-121.9157725000,1493.6850
1787575800.080,2026-08-24 17:50:00,2021-06-19 10:12:45.600,37.4200155500,-121.9157731100,1495.5030,555166.118000,37.4200357000,-121.9157725000,1495.7050
1787575800.180,2026-08-24 17:50:00,2021-06-19 10:12:45.700,37.4200861400,-121.9157729700,1497.5400,555166.218000,37.4201064000,-121.9157725000,1497.7120
1787575800.281,2026-08-24 17:50:00,2021-06-19 10:12:45.800,37.4201570300,-121.9157727300,1499.6400,555166.318000,37.4201771000,-121.9157725000,1499.7210
1787575800.381,2026-08-24 17:50:00,2021-06-19 10:12:45.900,37.4202276500,-121.9157725100,1501.8080,555166.418000,37.4202478000,-121.9157725000,1501.7380
1787575800.482,2026-08-24 17:50:00,2021-06-19 10:12:46.000,37.4202984600,-121.9157725100,1503.9480,555166.518000,37.4203186000,-121.9157724000,1503.7610
1787575800.582,2026-08-24 17:50:00,2021-06-19 10:12:46.100,37.4203688600,-121.9157722500,1505.9560,555166.618000,37.4203892000,-121.9157724000,1505.7700
1787575800.683,2026-08-24 17:50:00,2021-06-19 10:12:46.200,37.4204397800,-121.9157723900,1507.8300,555166.718000,37.4204599000,-121.9157724000,1507.7800
1787575800.784,2026-08-24 17:50:00,2021-06-19 10:12:46.300,37.4205102200,-121.9157724600,1509.7380,555166.823000,37.4205343000,-121.9157724000,1509.8950
1787575800.884,2026-08-24 17:50:00,2021-06-19 10:12:46.400,37.4205805300,-121.9157726300,1511.6660,555166.918000,37.4206015000,-121.9157724000,1511.8050
1787575800.985,2026-08-24 17:50:00,2021-06-19 10:12:46.500,37.4206514600,-121.9157726700,1513.5580,555167.023000,37.4206757000,-121.9157724000,1513.9180
1787575801.086,2026-08-24 17:50:01,2021-06-19 10:12:46.600,37.4207221800,-121.9157726300,1515.6680,555167.123000,37.4207465000,-121.9157724000,1515.9300
1787575801.187,2026-08-24 17:50:01,2021-06-19 10:12:46.700,37.4207929000,-121.9157727600,1517.7090,555167.223000,37.4208173000,-121.9157725000,1517.9310
1787575801.287,2026-08-24 17:50:01,2021-06-19 10:12:46.800,37.4208633500,-121.9157725100,1519.8300,555167.323000,37.4208880000,-121.9157724000,1519.9380
1787575801.388,2026-08-24 17:50:01,2021-06-19 10:12:46.900,37.4209340700,-121.9157725900,1521.6070,555167.423000,37.4209588000,-121.9157724000,1521.9410
1787575801.489,2026-08-24 17:50:01,2021-06-19 10:12:47.000,37.4210050600,-121.9157729700,1523.4510,555167.528000,37.4210330000,-121.9157724000,1524.0490
1787575801.590,2026-08-24 17:50:01,2021-06-19 10:12:47.100,37.4210756300,-121.9157730600,1525.4330,555167.623000,37.4211003000,-121.9157724000,1525.9530
1787575801.691,2026-08-24 17:50:01,2021-06-19 10:12:47.200,37.4211465000,-121.9157730600,1527.3750,555167.723000,37.4211709000,-121.9157723000,1527.9690
1787575801.791,2026-08-24 17:50:01,2021-06-19 10:12:47.300,37.4212168300,-121.9157729900,1529.4060,555167.828000,37.4212452000,-121.9157723000,1530.0850
1787575801.891,2026-08-24 17:50:01,2021-06-19 10:12:47.400,37.4212878600,-121.9157729400,1531.5510,555167.928000,37.4213160000,-121.9157723000,1532.0940
1787575801.993,2026-08-24 17:50:01,2021-06-19 10:12:47.500,37.4213586100,-121.9157729600,1533.5900,555168.028000,37.4213867000,-121.9157723000,1534.1110
1787575802.093,2026-08-24 17:50:02,2021-06-19 10:12:47.600,37.4214293900,-121.9157726300,1535.6530,555168.128000,37.4214574000,-121.9157723000,1536.1210
1787575802.194,2026-08-24 17:50:02,2021-06-19 10:12:47.700,37.4215000200,-121.9157728700,1537.5260,555168.228000,37.4215281000,-121.9157723000,1538.1320
1787575802.295,2026-08-24 17:50:02,2021-06-19 10:12:47.800,37.4215707100,-121.9157730800,1539.4590,555168.328000,37.4215988000,-121.9157723000,1540.1370
1787575802.396,2026-08-24 17:50:02,2021-06-19 10:12:47.900,37.4216414200,-121.9157730300,1541.4140,555168.433000,37.4216731000,-121.9157723000,1542.2470
1787575802.496,2026-08-24 17:50:02,2021-06-19 10:12:48.000,37.4217125300,-121.9157730300,1543.3090,555168.539000,37.4217474000,-121.9157723000,1544.3510
1787575802.597,2026-08-24 17:50:02,2021-06-19 10:12:48.100,37.4217831600,-121.9157728100,1545.4860,555168.639000,37.4218182000,-121.9157723000,1546.3630
1787575802.698,2026-08-24 17:50:02,2021-06-19 10:12:48.200,37.4218540600,-121.9157728200,1547.6390,555168.734000,37.4218854000,-121.9157723000,1548.2680
1787575802.798,2026-08-24 17:50:02,2021-06-19 10:12:48.300,37.4219246500,-121.9157725700,1549.7650,555168.834000,37.4219561000,-121.9157723000,1550.2840
1787575802.899,2026-08-24 17:50:02,2021-06-19 10:12:48.400,37.4219953200,-121.9157725400,1551.6500,555168.934000,37.4220268000,-121.9157724000,1552.2970
1787575803.000,2026-08-24 17:50:02,2021-06-19 10:12:48.500,37.4220662200,-121.9157729900,1553.4680,555169.039000,37.4221011000,-121.9157723000,1554.4100
1787575803.100,2026-08-24 17:50:03,2021-06-19 10:12:48.600,37.4221366500,-121.9157730500,1555.4310,555169.134000,37.4221683000,-121.9157724000,1556.3120
1787575803.201,2026-08-24 17:50:03,2021-06-19 10:12:48.700,37.4222072900,-121.9157730700,1557.3470,555169.234000,37.4222390000,-121.9157724000,1558.3220
1787575803.302,2026-08-24 17:50:03,2021-06-19 10:12:48.800,37.4222776100,-121.9157730500,1559.2920,555169.339000,37.4223133000,-121.9157724000,1560.4300
1787575803.402,2026-08-24 17:50:03,2021-06-19 10:12:48.900,37.4223486700,-121.9157729100,1561.3870,555169.439000,37.4223840000,-121.9157724000,1562.4390
1787575803.503,2026-08-24 17:50:03,2021-06-19 10:12:49.000,37.4224194000,-121.9157730200,1563.4280,555169.539000,37.4224547000,-121.9157724000,1564.4520
1787575803.604,2026-08-24 17:50:03,2021-06-19 10:12:49.100,37.4224902400,-121.9157727200,1565.5790,555169.639000,37.4225253000,-121.9157724000,1566.4570
1787575803.705,2026-08-24 17:50:03,2021-06-19 10:12:49.200,37.4225608800,-121.9157727600,1567.4140,555169.744000,37.4225996000,-121.9157724000,1568.5600
1787575803.806,2026-08-24 17:50:03,2021-06-19 10:12:49.300,37.4226311500,-121.9157731300,1569.3560,555169.839000,37.4226668000,-121.9157724000,1570.4620
1787575803.906,2026-08-24 17:50:03,2021-06-19 10:12:49.400,37.4227018000,-121.9157731500,1571.2790,555169.944000,37.4227410000,-121.9157724000,1572.5660
1787575804.006,2026-08-24 17:50:04,2021-06-19 10:12:49.500,37.4227725200,-121.9157733100,1573.1320,555165.044000,37.4192764000,-121.9157702000,1474.2280
1787575804.107,2026-08-24 17:50:04,2021-06-19 10:12:49.600,37.4228433300,-121.9157733200,1575.1610,555165.144000,37.4193471000,-121.9157703000,1476.2350
1787575804.208,2026-08-24 17:50:04,2021-06-19 10:12:49.700,37.4229140300,-121.9157734900,1577.2610,555165.244000,37.4194179000,-121.9157703000,1478.2420
1787575804.308,2026-08-24 17:50:04,2021-06-19 10:12:49.800,37.4229845200,-121.9157732200,1579.3100,555165.344000,37.4194886000,-121.9157704000,1480.2490
1787575804.409,2026-08-24 17:50:04,2021-06-19 10:12:49.900,37.4230553300,-121.9157729700,1581.3740,555165.444000,37.4195593000,-121.9157705000,1482.2570
1787575804.509,2026-08-24 17:50:04,2021-06-19 10:12:50.000,37.4231262500,-121.9157733100,1583.2100,555165.544000,37.4196301000,-121.9157706000,1484.2650
1787575804.610,2026-08-24 17:50:04,2021-06-19 10:12:50.100,37.4231969500,-121.9157735600,1585.2020,555165.649000,37.4197043000,-121.9157707000,1486.3710
1787575804.711,2026-08-24 17:50:04,2021-06-19 10:12:50.200,37.4232677200,-121.9157734000,1587.1260,555165.744000,37.4197715000,-121.9157707000,1488.2780
1787575804.812,2026-08-24 17:50:04,2021-06-19 10:12:50.300,37.4233381900,-121.9157732700,1589.1020,555165.854000,37.4198493000,-121.9157708000,1490.4860
1787575804.912,2026-08-24 17:50:04,2021-06-19 10:12:50.400,37.4234090600,-121.9157732800,1591.2130,555165.949000,37.4199165000,-121.9157709000,1492.3920
1787575805.014,2026-08-24 17:50:05,2021-06-19 10:12:50.500,37.4234800000,-121.9157733300,1593.2800,555166.049000,37.4199872000,-121.9157709000,1494.3990
1787575805.115,2026-08-24 17:50:05,2021-06-19 10:12:50.600,37.4235508100,-121.9157729600,1595.4770,555166.154000,37.4200615000,-121.9157710000,1496.5070
1787575805.215,2026-08-24 17:50:05,2021-06-19 10:12:50.700,37.4236215700,-121.9157728400,1597.5240,555166.254000,37.4201322000,-121.9157710000,1498.5140
1787575805.315,2026-08-24 17:50:05,2021-06-19 10:12:50.800,37.4236921400,-121.9157732700,1599.4270,555166.354000,37.4202029000,-121.9157711000,1500.5210
1787575805.416,2026-08-24 17:50:05,2021-06-19 10:12:50.900,37.4237628300,-121.9157732600,1601.3660,555166.454000,37.4202736000,-121.9157711000,1502.5280
1787575805.516,2026-08-24 17:50:05,2021-06-19 10:12:51.000,37.4238336900,-121.9157733200,1603.2940,555166.554000,37.4203444000,-121.9157711000,1504.5360
1787575805.617,2026-08-24 17:50:05,2021-06-19 10:12:51.100,37.4239043700,-121.9157734500,1605.2930,555166.654000,37.4204151000,-121.9157712000,1506.5430
1787575805.717,2026-08-24 17:50:05,2021-06-19 10:12:51.200,37.4239752500,-121.9157735300,1607.4130,555166.760000,37.4204894000,-121.9157712000,1508.6510
1787575805.819,2026-08-24 17:50:05,2021-06-19 10:12:51.300,37.4240459500,-121.9157731900,1609.5400,555166.855000,37.4205566000,-121.9157712000,1510.5580
1787575805.920,2026-08-24 17:50:05,2021-06-19 10:12:51.400,37.4241165700,-121.9157729300,1611.6640,555166.960000,37.4206308000,-121.9157713000,1512.6650
1787575806.020,2026-08-24 17:50:06,2021-06-19 10:12:51.500,37.4241873800,-121.9157730200,1613.5850,555167.055000,37.4206980000,-121.9157713000,1514.5710
1787575806.121,2026-08-24 17:50:06,2021-06-19 10:12:51.600,37.4242582400,-121.9157732900,1615.5530,555167.160000,37.4207723000,-121.9157713000,1516.6790
1787575806.222,2026-08-24 17:50:06,2021-06-19 10:12:51.800,37.4243994400,-121.9157733200,1619.4060,555167.260000,37.4208430000,-121.9157713000,1518.6860
1787575806.322,2026-08-24 17:50:06,2021-06-19 10:12:51.900,37.4244699000,-121.9157733200,1621.4300,555167.360000,37.4209137000,-121.9157713000,1520.6930
1787575806.422,2026-08-24 17:50:06,2021-06-19 10:12:52.000,37.4245410200,-121.9157735000,1623.4350,555167.460000,37.4209845000,-121.9157713000,1522.7010
1787575806.522,2026-08-24 17:50:06,2021-06-19 10:12:52.100,37.4246115400,-121.9157730800,1625.5370,555167.560000,37.4210552000,-121.9157713000,1524.7080
1787575806.623,2026-08-24 17:50:06,2021-06-19 10:12:52.200,37.4246822600,-121.9157729000,1627.6940,555167.660000,37.4211259000,-121.9157713000,1526.7150
1787575806.733,2026-08-24 17:50:06,2021-06-19 10:12:52.300,37.4247527600,-121.9157730800,1629.7320,555167.765000,37.4212002000,-121.9157713000,1528.8230
1787575806.836,2026-08-24 17:50:06,2021-06-19 10:12:52.400,37.4248236000,-121.9157733000,1631.6450,555167.875000,37.4212780000,-121.9157713000,1531.0310
1787575806.936,2026-08-24 17:50:06,2021-06-19 10:12:52.500,37.4248942400,-121.9157731500,1633.6010,555167.975000,37.4213488000,-121.9157713000,1533.0380
1787575807.039,2026-08-24 17:50:07,2021-06-19 10:12:52.600,37.4249647300,-121.9157731300,1635.6500,555168.080000,37.4214230000,-121.9157713000,1535.1450
1787575807.139,2026-08-24 17:50:07,2021-06-19 10:12:52.700,37.4250354000,-121.9157732900,1637.7390,555168.180000,37.4214937000,-121.9157713000,1537.1530
1787575807.240,2026-08-24 17:50:07,2021-06-19 10:12:52.800,37.4251061900,-121.9157731100,1639.8680,555168.275000,37.4215609000,-121.9157713000,1539.0600
1787575807.341,2026-08-24 17:50:07,2021-06-19 10:12:52.900,37.4251768200,-121.9157730400,1641.9520,555168.380000,37.4216352000,-121.9157712000,1541.1670
1787575807.441,2026-08-24 17:50:07,2021-06-19 10:12:53.000,37.4252478600,-121.9157728100,1644.1010,555168.480000,37.4217060000,-121.9157712000,1543.1760
1787575807.543,2026-08-24 17:50:07,2021-06-19 10:12:53.100,37.4253186500,-121.9157730900,1646.0320,555168.580000,37.4217767000,-121.9157712000,1545.1820
1787575807.643,2026-08-24 17:50:07,2021-06-19 10:12:53.200,37.4253892700,-121.9157731400,1647.9500,555168.680000,37.4218474000,-121.9157711000,1547.1890
1787575807.744,2026-08-24 17:50:07,2021-06-19 10:12:53.300,37.4254597800,-121.9157731200,1649.9060,555168.780000,37.4219182000,-121.9157711000,1549.1970
1787575807.844,2026-08-24 17:50:07,2021-06-19 10:12:53.400,37.4255301900,-121.9157733100,1651.8990,555168.885000,37.4219924000,-121.9157711000,1551.3040
1787575807.944,2026-08-24 17:50:07,2021-06-19 10:12:53.500,37.4256013200,-121.9157734600,1653.9450,555168.985000,37.4220632000,-121.9157710000,1553.3120
1787575808.045,2026-08-24 17:50:08,2021-06-19 10:12:53.600,37.4256719300,-121.9157731700,1656.0550,555169.085000,37.4221339000,-121.9157710000,1555.3180
1787575808.146,2026-08-24 17:50:08,2021-06-19 10:12:53.700,37.4257428200,-121.9157730400,1658.1930,555169.185000,37.4222046000,-121.9157709000,1557.3250
1787575808.247,2026-08-24 17:50:08,2021-06-19 10:12:53.800,37.4258132200,-121.9157727200,1660.4100,555169.285000,37.4222753000,-121.9157708000,1559.3320
1787575808.347,2026-08-24 17:50:08,2021-06-19 10:12:53.900,37.4258841000,-121.9157729500,1662.3040,555169.390000,37.4223496000,-121.9157708000,1561.4400
1787575808.448,2026-08-24 17:50:08,2021-06-19 10:12:54.000,37.4259547400,-121.9157729500,1664.1530,555169.490000,37.4224204000,-121.9157707000,1563.4480
1787575808.548,2026-08-24 17:50:08,2021-06-19 10:12:54.100,37.4260252200,-121.9157730000,1666.1240,555169.585000,37.4224876000,-121.9157706000,1565.3550
1787575808.649,2026-08-24 17:50:08,2021-06-19 10:12:54.200,37.4260957900,-121.9157732400,1668.0920,555169.691000,37.4225619000,-121.9157706000,1567.4620
1787575808.749,2026-08-24 17:50:08,2021-06-19 10:12:54.300,37.4261663600,-121.9157731100,1670.0980,555169.786000,37.4226291000,-121.9157705000,1569.3700
1787575808.850,2026-08-24 17:50:08,2021-06-19 10:12:54.400,37.4262369700,-121.9157731100,1672.0530,555169.891000,37.4227033000,-121.9157704000,1571.4770
1787575808.950,2026-08-24 17:50:08,2021-06-19 10:12:54.500,37.4263075000,-121.9157730800,1674.0530,555169.991000,37.4227741000,-121.9157703000,1573.4850
1787575809.051,2026-08-24 17:50:09,2021-06-19 10:12:54.600,37.4263781800,-121.9157731600,1676.1670,555170.086000,37.4228413000,-121.9157702000,1575.3910
1787575809.152,2026-08-24 17:50:09,2021-06-19 10:12:54.700,37.4264489100,-121.9157731900,1678.0830,555170.191000,37.4229156000,-121.9157702000,1577.4990
1787575809.252,2026-08-24 17:50:09,2021-06-19 10:12:54.800,37.4265192300,-121.9157732500,1679.9120,555170.291000,37.4229863000,-121.9157701000,1579.5060
1787575809.353,2026-08-24 17:50:09,2021-06-19 10:12:54.900,37.4265898400,-121.9157734200,1681.7880,555170.391000,37.4230570000,-121.9157700000,1581.5140
1787575809.454,2026-08-24 17:50:09,2021-06-19 10:12:55.000,37.4266607900,-121.9157735200,1683.6800,555170.491000,37.4231278000,-121.9157699000,1583.5210
1787575809.555,2026-08-24 17:50:09,2021-06-19 10:12:55.100,37.4267316300,-121.9157735400,1685.7090,555170.596000,37.4232021000,-121.9157697000,1585.6290
1787575809.656,2026-08-24 17:50:09,2021-06-19 10:12:55.200,37.4268020200,-121.9157735000,1687.7010,555170.691000,37.4232693000,-121.9157696000,1587.5360
1787575809.756,2026-08-24 17:50:09,2021-06-19 10:12:55.300,37.4268726500,-121.9157733200,1689.7890,555170.796000,37.4233436000,-121.9157695000,1589.6440
1787575809.857,2026-08-24 17:50:09,2021-06-19 10:12:55.400,37.4269434900,-121.9157732100,1691.9380,555170.896000,37.4234143000,-121.9157694000,1591.6510
1787575809.958,2026-08-24 17:50:09,2021-06-19 10:12:55.500,37.4270144000,-121.9157732000,1693.9990,555170.996000,37.4234850000,-121.9157693000,1593.6580
1787575810.059,2026-08-24 17:50:10,2021-06-19 10:12:55.600,37.4270848100,-121.9157733300,1695.9270,555171.101000,37.4235593000,-121.9157692000,1595.7650
1787575810.160,2026-08-24 17:50:10,2021-06-19 10:12:55.700,37.4271551600,-121.9157735500,1697.8230,555171.196000,37.4236265000,-121.9157690000,1597.6720
1787575810.260,2026-08-24 17:50:10,2021-06-19 10:12:55.800,37.4272257900,-121.9157734400,1699.8180,555171.301000,37.4237008000,-121.9157689000,1599.7800
1787575810.361,2026-08-24 17:50:10,2021-06-19 10:12:55.900,37.4272963400,-121.9157733300,1701.7890,555171.401000,37.4237716000,-121.9157688000,1601.7880
1787575810.462,2026-08-24 17:50:10,2021-06-19 10:12:56.000,37.4273670900,-121.9157735000,1703.7630,555171.501000,37.4238423000,-121.9157686000,1603.7960
1787575810.562,2026-08-24 17:50:10,2021-06-19 10:12:56.100,37.4274378400,-121.9157733300,1705.9160,555171.601000,37.4239131000,-121.9157685000,1605.8030
1787575810.662,2026-08-24 17:50:10,2021-06-19 10:12:56.200,37.4275086800,-121.9157732400,1708.0560,555171.706000,37.4239873000,-121.9157683000,1607.9110
1787575810.763,2026-08-24 17:50:10,2021-06-19 10:12:56.300,37.4275792600,-121.9157727600,1710.2560,555171.801000,37.4240546000,-121.9157682000,1609.8180
1787575810.864,2026-08-24 17:50:10,2021-06-19 10:12:56.400,37.4276498800,-121.9157730800,1712.1710,555171.906000,37.4241288000,-121.9157680000,1611.9250
1787575810.965,2026-08-24 17:50:10,2021-06-19 10:12:56.500,37.4277208000,-121.9157733200,1713.9830,555172.006000,37.4241996000,-121.9157679000,1613.9320
1787575811.066,2026-08-24 17:50:11,2021-06-19 10:12:56.600,37.4277917100,-121.9157733200,1715.9940,555172.106000,37.4242703000,-121.9157677000,1615.9400
1787575811.166,2026-08-24 17:50:11,2021-06-19 10:12:56.700,37.4278620300,-121.9157735300,1717.9000,555172.206000,37.4243411000,-121.9157675000,1617.9480
1787575811.267,2026-08-24 17:50:11,2021-06-19 10:12:56.800,37.4279324400,-121.9157734800,1719.9160,555172.306000,37.4244118000,-121.9157674000,1619.9540
1787575811.368,2026-08-24 17:50:11,2021-06-19 10:12:56.900,37.4280031300,-121.9157735700,1721.9200,555172.411000,37.4244861000,-121.9157672000,1622.0630
1787575811.469,2026-08-24 17:50:11,2021-06-19 10:12:57.000,37.4280741200,-121.9157736400,1723.9990,555172.506000,37.4245533000,-121.9157670000,1623.9700
1787575811.569,2026-08-24 17:50:11,2021-06-19 10:12:57.100,37.4281450600,-121.9157734600,1726.1760,555172.612000,37.4246276000,-121.9157668000,1626.0770
1787575811.670,2026-08-24 17:50:11,2021-06-19 10:12:57.200,37.4282154900,-121.9157733600,1728.2150,555172.712000,37.4246984000,-121.9157667000,1628.0850
1787575811.770,2026-08-24 17:50:11,2021-06-19 10:12:57.300,37.4282861600,-121.9157734500,1730.0810,555172.812000,37.4247691000,-121.9157665000,1630.0920
1787575811.871,2026-08-24 17:50:11,2021-06-19 10:12:57.400,37.4283567300,-121.9157735200,1732.0190,555172.912000,37.4248399000,-121.9157663000,1632.1000
1787575811.972,2026-08-24 17:50:11,2021-06-19 10:12:57.500,37.4284274300,-121.9157738400,1733.8720,555173.012000,37.4249106000,-121.9157661000,1634.1070
1787575812.072,2026-08-24 17:50:12,2021-06-19 10:12:57.600,37.4284980600,-121.9157737200,1735.8840,555173.112000,37.4249814000,-121.9157659000,1636.1140
1787575812.173,2026-08-24 17:50:12,2021-06-19 10:12:57.700,37.4285689600,-121.9157738100,1737.8680,555173.212000,37.4250521000,-121.9157657000,1638.1220
1787575812.273,2026-08-24 17:50:12,2021-06-19 10:12:57.800,37.4286395300,-121.9157736900,1739.8900,555173.312000,37.4251229000,-121.9157655000,1640.1290
1787575812.374,2026-08-24 17:50:12,2021-06-19 10:12:57.900,37.4287101200,-121.9157737200,1741.9600,555173.412000,37.4251936000,-121.9157653000,1642.1370
1787575812.475,2026-08-24 17:50:12,2021-06-19 10:12:58.000,37.4287809000,-121.9157737100,1743.9790,555173.512000,37.4252644000,-121.9157651000,1644.1450
1787575812.575,2026-08-24 17:50:12,2021-06-19 10:12:58.100,37.4288518900,-121.9157735100,1746.0780,555173.617000,37.4253387000,-121.9157648000,1646.2530
1787575812.676,2026-08-24 17:50:12,2021-06-19 10:12:58.200,37.4289224300,-121.9157738400,1747.9470,555173.712000,37.4254059000,-121.9157646000,1648.1600
1787575812.777,2026-08-24 17:50:12,2021-06-19 10:12:58.300,37.4289927400,-121.9157739200,1749.8750,555173.817000,37.4254802000,-121.9157644000,1650.2680
1787575812.877,2026-08-24 17:50:12,2021-06-19 10:12:58.400,37.4290634700,-121.9157738600,1751.8370,555173.922000,37.4255545000,-121.9157642000,1652.3760
1787575812.978,2026-08-24 17:50:12,2021-06-19 10:12:58.500,37.4291345400,-121.9157739600,1753.8070,555174.022000,37.4256252000,-121.9157639000,1654.3820
1787575813.079,2026-08-24 17:50:13,2021-06-19 10:12:58.600,37.4292051700,-121.9157736700,1755.9290,555174.117000,37.4256925000,-121.9157637000,1656.2890
1787575813.179,2026-08-24 17:50:13,2021-06-19 10:12:58.700,37.4292758700,-121.9157735800,1758.0290,555174.222000,37.4257668000,-121.9157635000,1658.3980
1787575813.279,2026-08-24 17:50:13,2021-06-19 10:12:58.800,37.4293464400,-121.9157732600,1760.1470,555174.322000,37.4258375000,-121.9157632000,1660.4050
1787575813.380,2026-08-24 17:50:13,2021-06-19 10:12:58.900,37.4294176400,-121.9157730300,1762.3870,555174.422000,37.4259180000,-121.9157652000,1662.6170
1787575813.480,2026-08-24 17:50:13,2021-06-19 10:12:59.000,37.4294882900,-121.9157734800,1764.1410,555174.522000,37.4259974000,-121.9157664000,1664.7960
1787575813.581,2026-08-24 17:50:13,2021-06-19 10:12:59.100,37.4295588500,-121.9157734200,1766.0640,555174.622000,37.4260763000,-121.9157674000,1666.9960
1787575813.682,2026-08-24 17:50:13,2021-06-19 10:12:59.200,37.4296295500,-121.9157735500,1768.0090,555174.722000,37.4261543000,-121.9157679000,1669.1860
1787575813.783,2026-08-24 17:50:13,2021-06-19 10:12:59.300,37.4297000800,-121.9157735900,1770.0210,555174.822000,37.4262323000,-121.9157685000,1671.3520
1787575813.883,2026-08-24 17:50:13,2021-06-19 10:12:59.400,37.4297704800,-121.9157735600,1772.0830,555174.922000,37.4263096000,-121.9157688000,1673.5290
1787575813.984,2026-08-24 17:50:13,2021-06-19 10:12:59.500,37.4298414200,-121.9157736300,1774.0520,555175.027000,37.4263904000,-121.9157692000,1675.7950
1787575814.084,2026-08-24 17:50:14,2021-06-19 10:12:59.600,37.4299122700,-121.9157734600,1776.2100,555175.127000,37.4264669000,-121.9157696000,1677.9470
1787575814.185,2026-08-24 17:50:14,2021-06-19 10:12:59.700,37.4299830500,-121.9157734000,1778.3840,555175.227000,37.4265437000,-121.9157699000,1680.1090
1787575814.286,2026-08-24 17:50:14,2021-06-19 10:12:59.800,37.4300535400,-121.9157733800,1780.4290,555175.327000,37.4266201000,-121.9157700000,1682.2660
1787575814.387,2026-08-24 17:50:14,2021-06-19 10:12:59.900,37.4301243700,-121.9157733000,1782.2960,555175.427000,37.4266965000,-121.9157702000,1684.4170
1787575814.488,2026-08-24 17:50:14,2021-06-19 10:13:00.000,37.4301954900,-121.9157735800,1784.1430,555175.527000,37.4267724000,-121.9157703000,1686.5870
1787575814.589,2026-08-24 17:50:14,2021-06-19 10:13:00.100,37.4302660800,-121.9157736400,1786.1760,555175.633000,37.4268521000,-121.9157705000,1688.8440
1787575814.690,2026-08-24 17:50:14,2021-06-19 10:13:00.200,37.4303367300,-121.9157735200,1788.1930,555175.733000,37.4269319000,-121.9157707000,1691.1280
1787575814.791,2026-08-24 17:50:14,2021-06-19 10:13:00.300,37.4304071300,-121.9157733100,1790.1860,555175.833000,37.4270036000,-121.9157707000,1693.1530
1787575814.892,2026-08-24 17:50:14,2021-06-19 10:13:00.400,37.4304782800,-121.9157732500,1792.2930,555175.933000,37.4270753000,-121.9157706000,1695.1780
1787575814.992,2026-08-24 17:50:14,2021-06-19 10:13:00.500,37.4305488400,-121.9157734100,1794.3400,555176.033000,37.4271470000,-121.9157706000,1697.2020
1787575815.093,2026-08-24 17:50:15,2021-06-19 10:13:00.600,37.4306199100,-121.9157729800,1796.5190,555176.133000,37.4272187000,-121.9157705000,1699.2270
1787575815.194,2026-08-24 17:50:15,2021-06-19 10:13:00.700,37.4306903900,-121.9157728800,1798.5680,555176.238000,37.4272940000,-121.9157705000,1701.3540
1787575815.294,2026-08-24 17:50:15,2021-06-19 10:13:00.800,37.4307609800,-121.9157731900,1800.5010,555176.338000,37.4273658000,-121.9157704000,1703.3790
1787575815.395,2026-08-24 17:50:15,2021-06-19 10:13:00.900,37.4308313700,-121.9157732400,1802.5120,555176.438000,37.4274375000,-121.9157704000,1705.4050
1787575815.496,2026-08-24 17:50:15,2021-06-19 10:13:01.000,37.4309021300,-121.9157732900,1804.4250,555176.538000,37.4275092000,-121.9157703000,1707.4310
1787575815.598,2026-08-24 17:50:15,2021-06-19 10:13:01.100,37.4309728400,-121.9157730700,1806.5020,555176.643000,37.4275846000,-121.9157703000,1709.5580
1787575815.698,2026-08-24 17:50:15,2021-06-19 10:13:01.200,37.4310436600,-121.9157730200,1808.6190,555176.743000,37.4276564000,-121.9157702000,1711.5830
1787575815.798,2026-08-24 17:50:15,2021-06-19 10:13:01.300,37.4311143200,-121.9157729400,1810.7200,555176.838000,37.4277246000,-121.9157702000,1713.5080
1787575815.898,2026-08-24 17:50:15,2021-06-19 10:13:01.400,37.4311850900,-121.9157725300,1812.8670,555176.943000,37.4277999000,-121.9157701000,1715.6350
1787575815.999,2026-08-24 17:50:15,2021-06-19 10:13:01.500,37.4312562300,-121.9157724700,1814.9450,555177.043000,37.4278717000,-121.9157701000,1717.6600
1787575816.100,2026-08-24 17:50:16,2021-06-19 10:13:01.600,37.4313269600,-121.9157725300,1816.9580,555177.138000,37.4279399000,-121.9157700000,1719.5850
1787575816.201,2026-08-24 17:50:16,2021-06-19 10:13:01.700,37.4313976400,-121.9157724400,1818.8480,555177.243000,37.4280153000,-121.9157700000,1721.7120
1787575816.302,2026-08-24 17:50:16,2021-06-19 10:13:01.800,37.4314681500,-121.9157721800,1820.7910,555177.343000,37.4280871000,-121.9157699000,1723.7380
1787575816.403,2026-08-24 17:50:16,2021-06-19 10:13:01.900,37.4315392500,-121.9157722600,1822.7830,555177.443000,37.4281589000,-121.9157699000,1725.7650
1787575816.503,2026-08-24 17:50:16,2021-06-19 10:13:02.000,37.4316098000,-121.9157723300,1824.8080,555177.548000,37.4282343000,-121.9157698000,1727.8920
1787575816.603,2026-08-24 17:50:16,2021-06-19 10:13:02.100,37.4316805400,-121.9157720400,1826.8960,555177.648000,37.4283062000,-121.9157698000,1729.9200
1787575816.705,2026-08-24 17:50:16,2021-06-19 10:13:02.200,37.4317509700,-121.9157717500,1829.0260,555177.748000,37.4283780000,-121.9157697000,1731.9460
1787575816.805,2026-08-24 17:50:16,2021-06-19 10:13:02.300,37.4318217000,-121.9157717300,1831.2470,555177.848000,37.4284498000,-121.9157697000,1733.9710
1787575816.906,2026-08-24 17:50:16,2021-06-19 10:13:02.400,37.4318925600,-121.9157716000,1833.4440,555177.948000,37.4285217000,-121.9157696000,1735.9980
1787575817.007,2026-08-24 17:50:17,2021-06-19 10:13:02.500,37.4319632400,-121.9157719000,1835.2070,555178.048000,37.4285935000,-121.9157695000,1738.0240
1787575817.107,2026-08-24 17:50:17,2021-06-19 10:13:02.600,37.4320337500,-121.9157719700,1837.1300,555178.148000,37.4286654000,-121.9157695000,1740.0510
1787575817.208,2026-08-24 17:50:17,2021-06-19 10:13:02.700,37.4321045100,-121.9157721200,1839.0720,555178.253000,37.4287408000,-121.9157694000,1742.1790
1787575817.309,2026-08-24 17:50:17,2021-06-19 10:13:02.800,37.4321749200,-121.9157722000,1840.9870,555178.353000,37.4288127000,-121.9157694000,1744.2060
1787575817.417,2026-08-24 17:50:17,2021-06-19 10:13:03.000,37.4323166800,-121.9157722100,1844.8460,555178.463000,37.4288918000,-121.9157693000,1746.4360
1787575817.619,2026-08-24 17:50:17,2021-06-19 10:13:03.100,37.4323872000,-121.9157724100,1846.9220,555178.664000,37.4290356000,-121.9157692000,1750.4890
1787575817.719,2026-08-24 17:50:17,2021-06-19 10:13:03.200,37.4324578700,-121.9157722200,1848.9490,555178.764000,37.4291075000,-121.9157691000,1752.5170
1787575817.819,2026-08-24 17:50:17,2021-06-19 10:13:03.300,37.4325283800,-121.9157720200,1851.0140,555178.864000,37.4291794000,-121.9157691000,1754.5440
1787575817.920,2026-08-24 17:50:17,2021-06-19 10:13:03.400,37.4325990300,-121.9157719600,1853.0080,555178.959000,37.4292569000,-121.9157696000,1756.7110
1787575818.021,2026-08-24 17:50:18,2021-06-19 10:13:03.500,37.4326698400,-121.9157724600,1854.8470,555179.059000,37.4293449000,-121.9157701000,1759.2200
1787575818.123,2026-08-24 17:50:18,2021-06-19 10:13:03.700,37.4328110600,-121.9157724100,1858.6330,555179.159000,37.4294240000,-121.9157703000,1761.4720
1787575818.222,2026-08-24 17:50:18,2021-06-19 10:13:03.800,37.4328812200,-121.9157724500,1860.6230,555179.264000,37.4295058000,-121.9157704000,1763.8340
1787575818.323,2026-08-24 17:50:18,2021-06-19 10:13:03.900,37.4329521400,-121.9157726200,1862.6250,555179.364000,37.4295843000,-121.9157706000,1766.0680
1787575818.434,2026-08-24 17:50:18,2021-06-19 10:13:04.000,37.4330230500,-121.9157725100,1864.5740,555179.464000,37.4296620000,-121.9157707000,1768.3080
1787575818.535,2026-08-24 17:50:18,2021-06-19 10:13:04.100,37.4330936600,-121.9157723700,1866.6500,555179.579000,37.4297502000,-121.9157705000,1770.8690
1787575818.636,2026-08-24 17:50:18,2021-06-19 10:13:04.200,37.4331644000,-121.9157723700,1868.8500,555179.679000,37.4298275000,-121.9157706000,1773.0610
1787575818.737,2026-08-24 17:50:18,2021-06-19 10:13:04.300,37.4332349100,-121.9157722100,1871.0240,555179.779000,37.4299046000,-121.9157707000,1775.2830
1787575818.838,2026-08-24 17:50:18,2021-06-19 10:13:04.400,37.4333053900,-121.9157724000,1872.8930,555179.879000,37.4299817000,-121.9157708000,1777.4860
1787575818.939,2026-08-24 17:50:18,2021-06-19 10:13:04.500,37.4333761300,-121.9157724800,1874.7570,555179.979000,37.4300586000,-121.9157707000,1779.6800
1787575819.040,2026-08-24 17:50:19,2021-06-19 10:13:04.600,37.4334469200,-121.9157727200,1876.7370,555180.084000,37.4301388000,-121.9157708000,1781.9720
1787575819.141,2026-08-24 17:50:19,2021-06-19 10:13:04.700,37.4335178600,-121.9157726200,1878.7250,555180.184000,37.4302154000,-121.9157710000,1784.1510
1787575819.241,2026-08-24 17:50:19,2021-06-19 10:13:04.800,37.4335884100,-121.9157724400,1880.7080,555180.284000,37.4302919000,-121.9157713000,1786.3180
1787575819.342,2026-08-24 17:50:19,2021-06-19 10:13:04.900,37.4336588900,-121.9157722900,1882.7420,555180.384000,37.4303643000,-121.9157712000,1788.3650
1787575819.443,2026-08-24 17:50:19,2021-06-19 10:13:05.000,37.4337298000,-121.9157724300,1884.8540,555180.489000,37.4304404000,-121.9157711000,1790.5150
1787575819.543,2026-08-24 17:50:19,2021-06-19 10:13:05.100,37.4338005500,-121.9157722000,1887.0140,555180.584000,37.4305092000,-121.9157711000,1792.4600
1787575819.644,2026-08-24 17:50:19,2021-06-19 10:13:05.200,37.4338714900,-121.9157717600,1889.1920,555180.689000,37.4305852000,-121.9157710000,1794.6090
1787575819.745,2026-08-24 17:50:19,2021-06-19 10:13:05.300,37.4339415400,-121.9157717600,1891.2080,555180.789000,37.4306577000,-121.9157709000,1796.6580
1787575819.845,2026-08-24 17:50:19,2021-06-19 10:13:05.400,37.4340121600,-121.9157721100,1893.1350,555180.889000,37.4307301000,-121.9157709000,1798.7050
1787575819.945,2026-08-24 17:50:19,2021-06-19 10:13:05.500,37.4340828100,-121.9157721500,1894.9440,555180.989000,37.4308025000,-121.9157708000,1800.7520
1787575820.046,2026-08-24 17:50:20,2021-06-19 10:13:05.600,37.4341537600,-121.9157721000,1896.8730,555181.089000,37.4308750000,-121.9157707000,1802.8000
1787575820.147,2026-08-24 17:50:20,2021-06-19 10:13:05.700,37.4342244800,-121.9157722700,1898.8460,555181.189000,37.4309474000,-121.9157707000,1804.8480
1787575820.247,2026-08-24 17:50:20,2021-06-19 10:13:05.800,37.4342948400,-121.9157723800,1900.8810,555181.289000,37.4310199000,-121.9157706000,1806.8960
1787575820.347,2026-08-24 17:50:20,2021-06-19 10:13:05.900,37.4343656900,-121.9157723200,1902.8710,555181.394000,37.4310960000,-121.9157705000,1809.0470
1787575820.448,2026-08-24 17:50:20,2021-06-19 10:13:06.000,37.4344364000,-121.9157720100,1904.9410,555181.489000,37.4311648000,-121.9157704000,1810.9930
1787575820.548,2026-08-24 17:50:20,2021-06-19 10:13:06.100,37.4345071100,-121.9157719000,1907.0890,555181.590000,37.4312373000,-121.9157703000,1813.0420
1787575820.649,2026-08-24 17:50:20,2021-06-19 10:13:06.200,37.4345777700,-121.9157719300,1909.2750,555181.695000,37.4313134000,-121.9157703000,1815.1930
1787575820.750,2026-08-24 17:50:20,2021-06-19 10:13:06.300,37.4346481700,-121.9157719600,1911.1370,555181.795000,37.4313859000,-121.9157702000,1817.2420
1787575820.851,2026-08-24 17:50:20,2021-06-19 10:13:06.400,37.4347188400,-121.9157722200,1912.9650,555181.895000,37.4314584000,-121.9157701000,1819.2910
1787575820.951,2026-08-24 17:50:20,2021-06-19 10:13:06.500,37.4347896700,-121.9157725600,1914.8410,555182.000000,37.4315345000,-121.9157700000,1821.4430
1787575821.052,2026-08-24 17:50:21,2021-06-19 10:13:06.600,37.4348604900,-121.9157726600,1916.8230,555182.095000,37.4316034000,-121.9157699000,1823.3890
1787575821.152,2026-08-24 17:50:21,2021-06-19 10:13:06.700,37.4349309700,-121.9157724600,1918.7490,555182.200000,37.4316795000,-121.9157698000,1825.5410
1787575821.253,2026-08-24 17:50:21,2021-06-19 10:13:06.800,37.4350016700,-121.9157724300,1920.7260,555182.300000,37.4317520000,-121.9157698000,1827.5910
1787575821.354,2026-08-24 17:50:21,2021-06-19 10:13:06.900,37.4350723300,-121.9157726500,1922.7770,555182.395000,37.4318209000,-121.9157697000,1829.5380
1787575821.454,2026-08-24 17:50:21,2021-06-19 10:13:07.000,37.4351434100,-121.9157726100,1924.7300,555182.495000,37.4318934000,-121.9157696000,1831.5870
1787575821.554,2026-08-24 17:50:21,2021-06-19 10:13:07.100,37.4352139200,-121.9157723400,1926.8320,555182.600000,37.4319696000,-121.9157695000,1833.7400
1787575821.655,2026-08-24 17:50:21,2021-06-19 10:13:07.200,37.4352842900,-121.9157724300,1928.9490,555182.700000,37.4320421000,-121.9157694000,1835.7900
1787575821.756,2026-08-24 17:50:21,2021-06-19 10:13:07.300,37.4353550800,-121.9157725400,1930.9220,555182.800000,37.4321147000,-121.9157693000,1837.8410
1787575821.856,2026-08-24 17:50:21,2021-06-19 10:13:07.400,37.4354259800,-121.9157725700,1932.7920,555182.900000,37.4321872000,-121.9157692000,1839.8910
1787575821.957,2026-08-24 17:50:21,2021-06-19 10:13:07.500,37.4354969500,-121.9157727900,1934.6400,555183.000000,37.4322598000,-121.9157691000,1841.9410
1787575822.058,2026-08-24 17:50:22,2021-06-19 10:13:07.600,37.4355673100,-121.9157728200,1936.6400,555183.100000,37.4323393000,-121.9157696000,1844.2590
1787575822.159,2026-08-24 17:50:22,2021-06-19 10:13:07.700,37.4356380100,-121.9157730000,1938.6560,555183.200000,37.4324183000,-121.9157701000,1846.5440
1787575822.259,2026-08-24 17:50:22,2021-06-19 10:13:07.800,37.4357089000,-121.9157727500,1940.7160,555183.305000,37.4325009000,-121.9157703000,1848.9320
1787575822.360,2026-08-24 17:50:22,2021-06-19 10:13:07.900,37.4357793000,-121.9157726200,1942.7890,555183.405000,37.4325794000,-121.9157707000,1851.2030
1787575822.460,2026-08-24 17:50:22,2021-06-19 10:13:08.000,37.4358502400,-121.9157726200,1944.9100,555183.500000,37.4326541000,-121.9157707000,1853.3390
1787575822.561,2026-08-24 17:50:22,2021-06-19 10:13:08.100,37.4359210200,-121.9157723900,1947.1380,555183.605000,37.4327357000,-121.9157707000,1855.6990
1787575822.661,2026-08-24 17:50:22,2021-06-19 10:13:08.200,37.4359915500,-121.9157720700,1949.2980,555183.705000,37.4328133000,-121.9157709000,1857.9160
1787575822.762,2026-08-24 17:50:22,2021-06-19 10:13:08.300,37.4360621500,-121.9157722600,1951.1740,555183.805000,37.4328912000,-121.9157711000,1860.1440
1787575822.862,2026-08-24 17:50:22,2021-06-19 10:13:08.400,37.4361325600,-121.9157725000,1953.0700,555183.905000,37.4329739000,-121.9157714000,1862.5530
1787575822.963,2026-08-24 17:50:22,2021-06-19 10:13:08.500,37.4362038300,-121.9157727600,1954.9650,555184.005000,37.4330511000,-121.9157715000,1864.7480
1787575823.064,2026-08-24 17:50:23,2021-06-19 10:13:08.600,37.4362740600,-121.9157725000,1956.9510,555184.110000,37.4331318000,-121.9157717000,1867.0680
1787575823.165,2026-08-24 17:50:23,2021-06-19 10:13:08.700,37.4363447100,-121.9157724800,1958.9730,555184.210000,37.4332089000,-121.9157719000,1869.2550
1787575823.265,2026-08-24 17:50:23,2021-06-19 10:13:08.800,37.4364156700,-121.9157726100,1961.0120,555184.310000,37.4332861000,-121.9157721000,1871.4630
1787575823.365,2026-08-24 17:50:23,2021-06-19 10:13:08.900,37.4364865200,-121.9157724500,1963.0930,555184.410000,37.4333630000,-121.9157722000,1873.6520
1787575823.466,2026-08-24 17:50:23,2021-06-19 10:13:09.000,37.4365573800,-121.9157724600,1965.1480,555184.510000,37.4334356000,-121.9157721000,1875.7190
1787575823.567,2026-08-24 17:50:23,2021-06-19 10:13:09.100,37.4366276700,-121.9157721000,1967.3720,555184.610000,37.4335082000,-121.9157720000,1877.7860
1787575823.668,2026-08-24 17:50:23,2021-06-19 10:13:09.200,37.4366985100,-121.9157720800,1969.4820,555184.715000,37.4335844000,-121.9157718000,1879.9560
1787575823.769,2026-08-24 17:50:23,2021-06-19 10:13:09.300,37.4367692500,-121.9157723000,1971.3640,555184.816000,37.4336570000,-121.9157717000,1882.0230
1787575823.869,2026-08-24 17:50:23,2021-06-19 10:13:09.400,37.4368397200,-121.9157723700,1973.2160,555184.911000,37.4337260000,-121.9157715000,1883.9870
1787575823.969,2026-08-24 17:50:23,2021-06-19 10:13:09.500,37.4369102200,-121.9157728000,1975.1060,555185.016000,37.4338021000,-121.9157713000,1886.1580
1787575824.070,2026-08-24 17:50:24,2021-06-19 10:13:09.600,37.4369808000,-121.9157725800,1977.1900,555185.116000,37.4338747000,-121.9157712000,1888.2260
1787575824.170,2026-08-24 17:50:24,2021-06-19 10:13:09.700,37.4370516900,-121.9157725800,1979.1270,555185.216000,37.4339473000,-121.9157710000,1890.2940
1787575824.271,2026-08-24 17:50:24,2021-06-19 10:13:09.800,37.4371222600,-121.9157725000,1981.1580,555185.316000,37.4340199000,-121.9157709000,1892.3620
1787575824.371,2026-08-24 17:50:24,2021-06-19 10:13:09.900,37.4371927900,-121.9157726000,1983.2180,555185.416000,37.4340925000,-121.9157707000,1894.4300
1787575824.472,2026-08-24 17:50:24,2021-06-19 10:13:10.000,37.4372637000,-121.9157727100,1985.2870,555185.516000,37.4341650000,-121.9157705000,1896.4980
1787575824.573,2026-08-24 17:50:24,2021-06-19 10:13:10.100,37.4373344800,-121.9157724600,1987.4080,555185.621000,37.4342412000,-121.9157704000,1898.6710
1787575824.673,2026-08-24 17:50:24,2021-06-19 10:13:10.200,37.4374052100,-121.9157722200,1989.5760,555185.716000,37.4343102000,-121.9157702000,1900.6350
1787575824.773,2026-08-24 17:50:24,2021-06-19 10:13:10.300,37.4374758700,-121.9157724200,1991.4670,555185.821000,37.4343864000,-121.9157700000,1902.8080
1787575824.874,2026-08-24 17:50:24,2021-06-19 10:13:10.400,37.4375468200,-121.9157725800,1993.3900,555185.921000,37.4344589000,-121.9157698000,1904.8770
1787575824.974,2026-08-24 17:50:24,2021-06-19 10:13:10.500,37.4376173600,-121.9157726900,1995.2920,555186.021000,37.4345315000,-121.9157696000,1906.9450
1787575825.075,2026-08-24 17:50:25,2021-06-19 10:13:10.600,37.4376875600,-121.9157726000,1997.3430,555186.121000,37.4346040000,-121.9157695000,1909.0140
1787575825.175,2026-08-24 17:50:25,2021-06-19 10:13:10.700,37.4377583000,-121.9157726000,1999.3330,555186.221000,37.4346765000,-121.9157693000,1911.0840
1787575825.276,2026-08-24 17:50:25,2021-06-19 10:13:10.800,37.4378291400,-121.9157725700,2001.4460,555186.321000,37.4347491000,-121.9157691000,1913.1530
1787575825.376,2026-08-24 17:50:25,2021-06-19 10:13:10.900,37.4378995000,-121.9157724300,2003.5390,555186.421000,37.4348216000,-121.9157689000,1915.2220
1787575825.477,2026-08-24 17:50:25,2021-06-19 10:13:11.000,37.4379702600,-121.9157725500,2005.6220,555186.526000,37.4348978000,-121.9157687000,1917.3960
1787575825.577,2026-08-24 17:50:25,2021-06-19 10:13:11.100,37.4380410600,-121.9157721700,2007.8580,555186.621000,37.4349667000,-121.9157685000,1919.3620
1787575825.678,2026-08-24 17:50:25,2021-06-19 10:13:11.200,37.4381121800,-121.9157721700,2009.9990,555186.726000,37.4350428000,-121.9157683000,1921.5360
1787575825.778,2026-08-24 17:50:25,2021-06-19 10:13:11.300,37.4381826600,-121.9157722300,2011.8420,555186.821000,37.4351117000,-121.9157681000,1923.5020
1787575825.879,2026-08-24 17:50:25,2021-06-19 10:13:11.400,37.4382534900,-121.9157722500,2013.7580,555186.926000,37.4351879000,-121.9157679000,1925.6770
1787575825.979,2026-08-24 17:50:25,2021-06-19 10:13:11.500,37.4383245900,-121.9157725600,2015.6290,555187.026000,37.4352604000,-121.9157676000,1927.7460
1787575826.080,2026-08-24 17:50:26,2021-06-19 10:13:11.600,37.4383953800,-121.9157724400,2017.6970,555187.126000,37.4353401000,-121.9157682000,1930.0030
1787575826.181,2026-08-24 17:50:26,2021-06-19 10:13:11.700,37.4384656200,-121.9157725700,2019.6970,555187.226000,37.4354194000,-121.9157688000,1932.2760
1787575826.282,2026-08-24 17:50:26,2021-06-19 10:13:11.800,37.4385359300,-121.9157726700,2021.6950,555187.321000,37.4354949000,-121.9157693000,1934.4120
1787575826.383,2026-08-24 17:50:26,2021-06-19 10:13:11.900,37.4386068400,-121.9157725300,2023.8340,555187.431000,37.4355871000,-121.9157703000,1937.0300
1787575826.483,2026-08-24 17:50:26,2021-06-19 10:13:12.000,37.4386774800,-121.9157723800,2025.9610,555187.526000,37.4356616000,-121.9157706000,1939.1510
1787575826.584,2026-08-24 17:50:26,2021-06-19 10:13:12.100,37.4387483100,-121.9157721300,2028.1980,555187.626000,37.4357399000,-121.9157708000,1941.3840
1787575826.685,2026-08-24 17:50:26,2021-06-19 10:13:12.200,37.4388190500,-121.9157717900,2030.3760,555187.726000,37.4358178000,-121.9157710000,1943.6000
1787575826.785,2026-08-24 17:50:26,2021-06-19 10:13:12.300,37.4388899500,-121.9157721000,2032.2650,555187.826000,37.4358954000,-121.9157713000,1945.8090
1787575826.885,2026-08-24 17:50:26,2021-06-19 10:13:12.400,37.4389605100,-121.9157721300,2034.1470,555187.931000,37.4359766000,-121.9157716000,1948.1310
1787575826.986,2026-08-24 17:50:26,2021-06-19 10:13:12.500,37.4390310300,-121.9157724900,2035.9890,555188.031000,37.4360539000,-121.9157717000,1950.3330
1787575827.087,2026-08-24 17:50:27,2021-06-19 10:13:12.600,37.4391016000,-121.9157723600,2037.9460,555188.131000,37.4361314000,-121.9157720000,1952.5510
1787575827.188,2026-08-24 17:50:27,2021-06-19 10:13:12.700,37.4391725400,-121.9157725100,2039.8700,555188.236000,37.4362123000,-121.9157721000,1954.8750
1787575827.289,2026-08-24 17:50:27,2021-06-19 10:13:12.800,37.4392429800,-121.9157726800,2041.8170,555188.336000,37.4362895000,-121.9157723000,1957.0580
1787575827.390,2026-08-24 17:50:27,2021-06-19 10:13:12.900,37.4393131500,-121.9157727300,2043.7600,555188.436000,37.4363665000,-121.9157724000,1959.2440
1787575827.492,2026-08-24 17:50:27,2021-06-19 10:13:13.000,37.4393841600,-121.9157728500,2045.6510,555188.536000,37.4364389000,-121.9157722000,1961.3250
1787575827.593,2026-08-24 17:50:27,2021-06-19 10:13:13.100,37.4394549100,-121.9157728000,2047.7470,555188.636000,37.4365113000,-121.9157720000,1963.4070
1787575827.694,2026-08-24 17:50:27,2021-06-19 10:13:13.200,37.4395256100,-121.9157728200,2049.7970,555188.742000,37.4365873000,-121.9157717000,1965.5920
1787575827.794,2026-08-24 17:50:27,2021-06-19 10:13:13.300,37.4395964600,-121.9157728200,2051.8690,555188.837000,37.4366560000,-121.9157715000,1967.5690
1787575827.894,2026-08-24 17:50:27,2021-06-19 10:13:13.400,37.4396670200,-121.9157727600,2053.8380,555188.942000,37.4367320000,-121.9157713000,1969.7550
1787575827.995,2026-08-24 17:50:27,2021-06-19 10:13:13.500,37.4397379600,-121.9157732300,2055.6390,555189.042000,37.4368043000,-121.9157711000,1971.8360
1787575828.096,2026-08-24 17:50:28,2021-06-19 10:13:13.600,37.4398081600,-121.9157733700,2057.5700,555189.142000,37.4368767000,-121.9157708000,1973.9180
1787575828.196,2026-08-24 17:50:28,2021-06-19 10:13:13.700,37.4398791400,-121.9157733600,2059.4580,555189.242000,37.4369490000,-121.9157706000,1976.0000
1787575828.297,2026-08-24 17:50:28,2021-06-19 10:13:13.800,37.4399501100,-121.9157733000,2061.4260,555189.342000,37.4370213000,-121.9157703000,1978.0820
1787575828.397,2026-08-24 17:50:28,2021-06-19 10:13:13.900,37.4400209600,-121.9157733100,2063.3890,555189.447000,37.4370972000,-121.9157700000,1980.2690
1787575828.498,2026-08-24 17:50:28,2021-06-19 10:13:14.000,37.4400917900,-121.9157736200,2065.3210,555189.542000,37.4371659000,-121.9157698000,1982.2470
1787575828.598,2026-08-24 17:50:28,2021-06-19 10:13:14.100,37.4401624300,-121.9157735500,2067.3670,555189.642000,37.4372382000,-121.9157695000,1984.3300
1787575828.698,2026-08-24 17:50:28,2021-06-19 10:13:14.200,37.4402333800,-121.9157732300,2069.4970,555189.747000,37.4373140000,-121.9157693000,1986.5170
1787575828.799,2026-08-24 17:50:28,2021-06-19 10:13:14.300,37.4403043100,-121.9157732600,2071.6270,555189.847000,37.4373863000,-121.9157690000,1988.6000
1787575828.909,2026-08-24 17:50:28,2021-06-19 10:13:14.500,37.4404453200,-121.9157731100,2075.7920,555189.942000,37.4374549000,-121.9157687000,1990.5790
1787575829.110,2026-08-24 17:50:29,2021-06-19 10:13:14.600,37.4405160500,-121.9157734200,2077.7380,555190.157000,37.4376101000,-121.9157681000,1995.0570
1787575829.211,2026-08-24 17:50:29,2021-06-19 10:13:14.700,37.4405865900,-121.9157736100,2079.6220,555190.257000,37.4376823000,-121.9157678000,1997.1410
1787575829.312,2026-08-24 17:50:29,2021-06-19 10:13:14.800,37.4406571600,-121.9157738700,2081.5610,555190.357000,37.4377545000,-121.9157675000,1999.2240
1787575829.413,2026-08-24 17:50:29,2021-06-19 10:13:14.900,37.4407276000,-121.9157737500,2083.5280,555190.457000,37.4378267000,-121.9157672000,2001.3080
1787575829.514,2026-08-24 17:50:29,2021-06-19 10:13:15.000,37.4407987500,-121.9157739600,2085.5330,555190.557000,37.4378988000,-121.9157669000,2003.3920
1787575829.615,2026-08-24 17:50:29,2021-06-19 10:13:15.100,37.4408693600,-121.9157738300,2087.6090,555190.662000,37.4379745000,-121.9157666000,2005.5800
1787575829.715,2026-08-24 17:50:29,2021-06-19 10:13:15.200,37.4409400200,-121.9157736300,2089.6820,555190.762000,37.4380467000,-121.9157663000,2007.6650
1787575829.816,2026-08-24 17:50:29,2021-06-19 10:13:15.300,37.4410106500,-121.9157734800,2091.7470,555190.857000,37.4381234000,-121.9157671000,2009.8020
1787575829.916,2026-08-24 17:50:29,2021-06-19 10:13:15.400,37.4410816600,-121.9157733800,2093.9410,555190.962000,37.4382069000,-121.9157677000,2012.1570
1787575830.017,2026-08-24 17:50:30,2021-06-19 10:13:15.500,37.4411524700,-121.9157733500,2096.1360,555191.062000,37.4382865000,-121.9157681000,2014.4090
1787575830.118,2026-08-24 17:50:30,2021-06-19 10:13:15.600,37.4412227600,-121.9157730400,2098.2010,555191.167000,37.4383693000,-121.9157685000,2016.7690
1787575830.218,2026-08-24 17:50:30,2021-06-19 10:13:15.700,37.4412936900,-121.9157730700,2100.0280,555191.262000,37.4384444000,-121.9157690000,2018.8640
1787575830.319,2026-08-24 17:50:30,2021-06-19 10:13:15.800,37.4413642800,-121.9157733000,2101.9410,555191.362000,37.4385231000,-121.9157693000,2021.0770
1787575830.420,2026-08-24 17:50:30,2021-06-19 10:13:15.900,37.4414346900,-121.9157734200,2103.8410,555191.467000,37.4386050000,-121.9157695000,2023.4190
1787575830.520,2026-08-24 17:50:30,2021-06-19 10:13:16.000,37.4415056500,-121.9157733000,2105.6820,555191.567000,37.4386830000,-121.9157696000,2025.6320
1787575830.622,2026-08-24 17:50:30,2021-06-19 10:13:16.200,37.4416471000,-121.9157735100,2109.6540,555191.662000,37.4387572000,-121.9157700000,2027.7450
1787575830.722,2026-08-24 17:50:30,2021-06-19 10:13:16.300,37.4417177000,-121.9157736100,2111.6370,555191.772000,37.4388421000,-121.9157702000,2030.1520
1787575830.823,2026-08-24 17:50:30,2021-06-19 10:13:16.400,37.4417883100,-121.9157733900,2113.6680,555191.867000,37.4389159000,-121.9157705000,2032.2370
1787575830.924,2026-08-24 17:50:30,2021-06-19 10:13:16.500,37.4418593000,-121.9157733900,2115.7140,555191.973000,37.4389969000,-121.9157706000,2034.5390
1787575831.025,2026-08-24 17:50:31,2021-06-19 10:13:16.600,37.4419296400,-121.9157734600,2117.9000,555192.073000,37.4390740000,-121.9157708000,2036.7170
1787575831.134,2026-08-24 17:50:31,2021-06-19 10:13:16.700,37.4420004400,-121.9157731700,2120.0790,555192.183000,37.4391631000,-121.9157712000,2039.2120
1787575831.235,2026-08-24 17:50:31,2021-06-19 10:13:16.800,37.4420711300,-121.9157731600,2121.9080,555192.283000,37.4392351000,-121.9157710000,2041.3020
1787575831.335,2026-08-24 17:50:31,2021-06-19 10:13:16.900,37.4421417000,-121.9157734700,2123.7940,555192.383000,37.4393072000,-121.9157707000,2043.3930
1787575831.436,2026-08-24 17:50:31,2021-06-19 10:13:17.000,37.4422123300,-121.9157738500,2125.6560,555192.483000,37.4393792000,-121.9157705000,2045.4830
1787575831.537,2026-08-24 17:50:31,2021-06-19 10:13:17.100,37.4422826800,-121.9157737500,2127.5830,555192.583000,37.4394512000,-121.9157702000,2047.5720
1787575831.637,2026-08-24 17:50:31,2021-06-19 10:13:17.200,37.4423532700,-121.9157737800,2129.4810,555192.688000,37.4395268000,-121.9157699000,2049.7560
1787575831.738,2026-08-24 17:50:31,2021-06-19 10:13:17.300,37.4424240700,-121.9157739800,2131.4680,555192.783000,37.4395951000,-121.9157697000,2051.7230
1787575831.838,2026-08-24 17:50:31,2021-06-19 10:13:17.400,37.4424943800,-121.9157741700,2133.4380,555192.888000,37.4396707000,-121.9157694000,2053.8870
1787575831.939,2026-08-24 17:50:31,2021-06-19 10:13:17.500,37.4425652800,-121.9157742100,2135.3440,555192.988000,37.4397426000,-121.9157691000,2055.9380
1787575832.040,2026-08-24 17:50:32,2021-06-19 10:13:17.600,37.4426355400,-121.9157740400,2137.3600,555193.083000,37.4398108000,-121.9157688000,2057.8760
1787575832.140,2026-08-24 17:50:32,2021-06-19 10:13:17.700,37.4427063800,-121.9157740000,2139.4170,555193.188000,37.4398863000,-121.9157685000,2060.0080
1787575832.241,2026-08-24 17:50:32,2021-06-19 10:13:17.800,37.4427767500,-121.9157739000,2141.5020,555193.288000,37.4399582000,-121.9157682000,2062.0300
1787575832.341,2026-08-24 17:50:32,2021-06-19 10:13:17.900,37.4428474200,-121.9157736200,2143.4890,555193.388000,37.4400300000,-121.9157679000,2064.0400
1787575832.441,2026-08-24 17:50:32,2021-06-19 10:13:18.000,37.4429184100,-121.9157735100,2145.4470,555193.488000,37.4401018000,-121.9157676000,2066.0410
1787575832.542,2026-08-24 17:50:32,2021-06-19 10:13:18.100,37.4429887700,-121.9157739000,2147.3150,555193.593000,37.4401772000,-121.9157673000,2068.1320
1787575832.643,2026-08-24 17:50:32,2021-06-19 10:13:18.200,37.4430593300,-121.9157738700,2149.1040,555193.688000,37.4402454000,-121.9157670000,2070.0140
1787575832.743,2026-08-24 17:50:32,2021-06-19 10:13:18.300,37.4431301100,-121.9157739000,2150.8730,555193.793000,37.4403208000,-121.9157667000,2072.0840
1787575832.843,2026-08-24 17:50:32,2021-06-19 10:13:18.400,37.4432004900,-121.9157740300,2152.6740,555193.888000,37.4403890000,-121.9157664000,2073.9470
1787575832.945,2026-08-24 17:50:32,2021-06-19 10:13:18.500,37.4432713700,-121.9157744100,2154.4940,555193.988000,37.4404607000,-121.9157660000,2075.8990
1787575833.046,2026-08-24 17:50:33,2021-06-19 10:13:18.600,37.4433415200,-121.9157743800,2156.2950,555194.093000,37.4405360000,-121.9157657000,2077.9370
1787575833.146,2026-08-24 17:50:33,2021-06-19 10:13:18.700,37.4434120900,-121.9157742000,2158.1300,555194.193000,37.4406076000,-121.9157654000,2079.8680
1787575833.247,2026-08-24 17:50:33,2021-06-19 10:13:18.800,37.4434830100,-121.9157739900,2160.0230,555194.293000,37.4406793000,-121.9157650000,2081.7900
1787575833.348,2026-08-24 17:50:33,2021-06-19 10:13:18.900,37.4435537100,-121.9157741600,2161.9300,555194.393000,37.4407509000,-121.9157647000,2083.7010
1787575833.449,2026-08-24 17:50:33,2021-06-19 10:13:19.000,37.4436246800,-121.9157739500,2163.7580,555194.498000,37.4408348000,-121.9157661000,2086.1870
1787575833.549,2026-08-24 17:50:33,2021-06-19 10:13:19.100,37.4436950400,-121.9157735600,2165.6610,555194.598000,37.4409149000,-121.9157671000,2088.5690
1787575833.650,2026-08-24 17:50:33,2021-06-19 10:13:19.200,37.4437660800,-121.9157735600,2167.5930,555194.698000,37.4409943000,-121.9157681000,2090.8980
1787575833.751,2026-08-24 17:50:33,2021-06-19 10:13:19.300,37.4438369400,-121.9157733200,2169.5380,555194.798000,37.4410734000,-121.9157690000,2093.2210
1787575833.852,2026-08-24 17:50:33,2021-06-19 10:13:19.400,37.4439076800,-121.9157729900,2171.4280,555194.898000,37.4411522000,-121.9157697000,2095.5180
1787575833.953,2026-08-24 17:50:33,2021-06-19 10:13:19.500,37.4439786200,-121.9157728300,2173.3170,555194.998000,37.4412306000,-121.9157702000,2097.8010
1787575834.053,2026-08-24 17:50:34,2021-06-19 10:13:19.600,37.4440493000,-121.9157729100,2175.2350,555195.103000,37.4413123000,-121.9157706000,2100.1610
1787575834.153,2026-08-24 17:50:34,2021-06-19 10:13:19.700,37.4441199200,-121.9157732800,2176.8210,555195.203000,37.4413903000,-121.9157711000,2102.4310
1787575834.254,2026-08-24 17:50:34,2021-06-19 10:13:19.800,37.4441904400,-121.9157731500,2178.3950,555195.298000,37.4414645000,-121.9157715000,2104.5960
1787575834.355,2026-08-24 17:50:34,2021-06-19 10:13:19.900,37.4442612400,-121.9157731900,2179.9490,555195.403000,37.4415514000,-121.9157721000,2107.3320
1787575834.456,2026-08-24 17:50:34,2021-06-19 10:13:20.000,37.4443319400,-121.9157735600,2181.5390,555195.503000,37.4416288000,-121.9157723000,2109.5770
1787575834.556,2026-08-24 17:50:34,2021-06-19 10:13:20.100,37.4444024700,-121.9157736100,2183.1950,555195.603000,37.4417059000,-121.9157725000,2111.8120
1787575834.657,2026-08-24 17:50:34,2021-06-19 10:13:20.200,37.4444730900,-121.9157736500,2184.7590,555195.703000,37.4417828000,-121.9157727000,2114.0380
1787575834.758,2026-08-24 17:50:34,2021-06-19 10:13:20.300,37.4445438300,-121.9157734200,2186.3910,555195.808000,37.4418632000,-121.9157728000,2116.3460
1787575834.858,2026-08-24 17:50:34,2021-06-19 10:13:20.400,37.4446147700,-121.9157736900,2188.0600,555195.903000,37.4419313000,-121.9157728000,2118.0770
1787575834.958,2026-08-24 17:50:34,2021-06-19 10:13:20.500,37.4446855600,-121.9157737400,2189.5940,555196.003000,37.4420029000,-121.9157728000,2119.8870
1787575835.059,2026-08-24 17:50:35,2021-06-19 10:13:20.600,37.4447559200,-121.9157736800,2191.2510,555196.108000,37.4420782000,-121.9157727000,2121.7790
1787575835.160,2026-08-24 17:50:35,2021-06-19 10:13:20.700,37.4448266100,-121.9157737800,2192.8290,555196.208000,37.4421498000,-121.9157727000,2123.5720
1787575835.260,2026-08-24 17:50:35,2021-06-19 10:13:20.800,37.4448975300,-121.9157738500,2194.5170,555196.309000,37.4422214000,-121.9157727000,2125.3540
1787575835.361,2026-08-24 17:50:35,2021-06-19 10:13:20.900,37.4449681100,-121.9157737200,2196.1120,555196.409000,37.4422930000,-121.9157726000,2127.1280
1787575835.462,2026-08-24 17:50:35,2021-06-19 10:13:21.000,37.4450388900,-121.9157738200,2197.6180,555196.514000,37.4423681000,-121.9157726000,2128.9780
1787575835.562,2026-08-24 17:50:35,2021-06-19 10:13:21.100,37.4451095500,-121.9157736600,2199.2760,555196.609000,37.4424361000,-121.9157726000,2130.6450
1787575835.663,2026-08-24 17:50:35,2021-06-19 10:13:21.200,37.4451803600,-121.9157738100,2200.9440,555196.709000,37.4425076000,-121.9157725000,2132.3890
1787575835.764,2026-08-24 17:50:35,2021-06-19 10:13:21.300,37.4452511900,-121.9157736100,2202.5410,555196.814000,37.4425826000,-121.9157725000,2134.2090
1787575835.864,2026-08-24 17:50:35,2021-06-19 10:13:21.400,37.4453218900,-121.9157736000,2204.1350,555196.909000,37.4426505000,-121.9157725000,2135.8480
1787575835.965,2026-08-24 17:50:35,2021-06-19 10:13:21.500,37.4453926800,-121.9157737000,2205.6950,555197.014000,37.4427255000,-121.9157724000,2137.6480
1787575836.066,2026-08-24 17:50:36,2021-06-19 10:13:21.600,37.4454633200,-121.9157736000,2207.4370,555197.114000,37.4427969000,-121.9157724000,2139.3540
1787575836.167,2026-08-24 17:50:36,2021-06-19 10:13:21.700,37.4455340100,-121.9157736500,2209.0030,555197.214000,37.4428683000,-121.9157724000,2141.0490
1787575836.267,2026-08-24 17:50:36,2021-06-19 10:13:21.800,37.4456045400,-121.9157734200,2210.5870,555197.319000,37.4429432000,-121.9157723000,2142.8190
1787575836.368,2026-08-24 17:50:36,2021-06-19 10:13:21.900,37.4456752000,-121.9157735800,2212.2020,555197.414000,37.4430110000,-121.9157723000,2144.4110
1787575836.469,2026-08-24 17:50:36,2021-06-19 10:13:22.000,37.4457460000,-121.9157737600,2213.7940,555197.519000,37.4430858000,-121.9157723000,2146.1610
1787575836.569,2026-08-24 17:50:36,2021-06-19 10:13:22.100,37.4458165600,-121.9157733400,2215.4250,555197.619000,37.4431571000,-121.9157722000,2147.8170
1787575836.669,2026-08-24 17:50:36,2021-06-19 10:13:22.200,37.4458871500,-121.9157732200,2216.9890,555197.714000,37.4432248000,-121.9157722000,2149.3820
1787575836.770,2026-08-24 17:50:36,2021-06-19 10:13:22.300,37.4459576000,-121.9157731400,2218.6100,555197.814000,37.4432960000,-121.9157722000,2151.0200
1787575836.870,2026-08-24 17:50:36,2021-06-19 10:13:22.400,37.4460284800,-121.9157731500,2220.2030,555197.914000,37.4433763000,-121.9157729000,2153.2610
1787575836.971,2026-08-24 17:50:36,2021-06-19 10:13:22.500,37.4460992700,-121.9157730200,2221.7120,555198.019000,37.4434595000,-121.9157734000,2155.5630
1787575837.071,2026-08-24 17:50:37,2021-06-19 10:13:22.600,37.4461699000,-121.9157724700,2223.3440,555198.119000,37.4435390000,-121.9157737000,2157.7460
1787575837.172,2026-08-24 17:50:37,2021-06-19 10:13:22.700,37.4462405600,-121.9157725700,2224.8970,555198.219000,37.4436181000,-121.9157742000,2159.9070
1787575837.273,2026-08-24 17:50:37,2021-06-19 10:13:22.800,37.4463116700,-121.9157723100,2226.4960,555198.324000,37.4437006000,-121.9157743000,2162.0970
1787575837.374,2026-08-24 17:50:37,2021-06-19 10:13:22.900,37.4463823300,-121.9157721000,2228.0150,555198.419000,37.4437757000,-121.9157743000,2164.0980
1787575837.474,2026-08-24 17:50:37,2021-06-19 10:13:23.000,37.4464531100,-121.9157720000,2229.5300,555198.524000,37.4438574000,-121.9157745000,2166.2380
1787575837.576,2026-08-24 17:50:37,2021-06-19 10:13:23.100,37.4465238100,-121.9157717200,2231.1520,555198.619000,37.4439318000,-121.9157745000,2168.1770
1787575837.676,2026-08-24 17:50:37,2021-06-19 10:13:23.200,37.4465948200,-121.9157717300,2232.7000,555198.724000,37.4440132000,-121.9157745000,2170.2550
1787575837.776,2026-08-24 17:50:37,2021-06-19 10:13:23.300,37.4466656700,-121.9157712900,2234.1940,555198.819000,37.4440871000,-121.9157746000,2172.1510
1787575837.877,2026-08-24 17:50:37,2021-06-19 10:13:23.400,37.4467363000,-121.9157710800,2235.6950,555198.929000,37.4441774000,-121.9157745000,2174.6430
1787575837.978,2026-08-24 17:50:37,2021-06-19 10:13:23.500,37.4468070200,-121.9157712400,2237.1510,555199.024000,37.4442510000,-121.9157745000,2176.4810
1787575838.079,2026-08-24 17:50:38,2021-06-19 10:13:23.600,37.4468777300,-121.9157707300,2238.7700,555199.129000,37.4443313000,-121.9157746000,2178.4390
1787575838.179,2026-08-24 17:50:38,2021-06-19 10:13:23.700,37.4469483700,-121.9157704100,2240.2100,555199.225000,37.4444045000,-121.9157746000,2180.2310
1787575838.280,2026-08-24 17:50:38,2021-06-19 10:13:23.800,37.4470189600,-121.9157704600,2241.7030,555199.330000,37.4444795000,-121.9157747000,2181.8620
1787575838.381,2026-08-24 17:50:38,2021-06-19 10:13:23.900,37.4470895900,-121.9157703600,2243.1670,555199.430000,37.4445508000,-121.9157748000,2183.4050
1787575838.482,2026-08-24 17:50:38,2021-06-19 10:13:24.000,37.4471604900,-121.9157705500,2244.5460,555199.530000,37.4446222000,-121.9157749000,2184.9390
1787575838.582,2026-08-24 17:50:38,2021-06-19 10:13:24.100,37.4472309000,-121.9157699400,2246.0370,555199.630000,37.4446935000,-121.9157750000,2186.4650
1787575838.683,2026-08-24 17:50:38,2021-06-19 10:13:24.200,37.4473016300,-121.9157698800,2247.4640,555199.735000,37.4447683000,-121.9157751000,2188.0560
1787575838.784,2026-08-24 17:50:38,2021-06-19 10:13:24.300,37.4473723100,-121.9157696300,2248.9010,555199.835000,37.4448396000,-121.9157752000,2189.5620
1787575838.884,2026-08-24 17:50:38,2021-06-19 10:13:24.400,37.4474432600,-121.9157695300,2250.2980,555199.930000,37.4449072000,-121.9157753000,2190.9830
1787575838.984,2026-08-24 17:50:38,2021-06-19 10:13:24.500,37.4475138700,-121.9157696100,2251.5910,555200.030000,37.4449784000,-121.9157754000,2192.4710
1787575839.085,2026-08-24 17:50:39,2021-06-19 10:13:24.600,37.4475845300,-121.9157694100,2252.9770,555200.135000,37.4450532000,-121.9157756000,2194.0230
1787575839.186,2026-08-24 17:50:39,2021-06-19 10:13:24.700,37.4476553200,-121.9157693900,2254.2710,555200.235000,37.4451243000,-121.9157757000,2195.4910
1787575839.286,2026-08-24 17:50:39,2021-06-19 10:13:24.800,37.4477260600,-121.9157692400,2255.5910,555200.335000,37.4451954000,-121.9157758000,2196.9500
1787575839.387,2026-08-24 17:50:39,2021-06-19 10:13:24.900,37.4477966600,-121.9157691100,2256.8700,555200.435000,37.4452665000,-121.9157759000,2198.4000
1787575839.488,2026-08-24 17:50:39,2021-06-19 10:13:25.000,37.4478674600,-121.9157692600,2258.0900,555200.535000,37.4453376000,-121.9157760000,2199.8400
1787575839.588,2026-08-24 17:50:39,2021-06-19 10:13:25.100,37.4479381000,-121.9157689500,2259.4030,555200.635000,37.4454086000,-121.9157762000,2201.2710
1787575839.688,2026-08-24 17:50:39,2021-06-19 10:13:25.200,37.4480087600,-121.9157690200,2260.6340,555200.735000,37.4454796000,-121.9157763000,2202.6930
1787575839.789,2026-08-24 17:50:39,2021-06-19 10:13:25.400,37.4481500600,-121.9157690500,2262.9740,555200.835000,37.4455506000,-121.9157764000,2204.1050
1787575839.990,2026-08-24 17:50:39,2021-06-19 10:13:25.500,37.4482210200,-121.9157692300,2264.0170,555201.040000,37.4456959000,-121.9157767000,2206.9710
1787575840.091,2026-08-24 17:50:40,2021-06-19 10:13:25.600,37.4482919200,-121.9157691400,2265.2170,555201.140000,37.4457763000,-121.9157767000,2208.7930
1787575840.192,2026-08-24 17:50:40,2021-06-19 10:13:25.700,37.4483624700,-121.9157692100,2266.2510,555201.240000,37.4458561000,-121.9157766000,2210.5870
1787575840.292,2026-08-24 17:50:40,2021-06-19 10:13:25.800,37.4484331500,-121.9157693800,2267.2750,555201.340000,37.4459355000,-121.9157763000,2212.3720
1787575840.393,2026-08-24 17:50:40,2021-06-19 10:13:25.900,37.4485038700,-121.9157693700,2268.2630,555201.441000,37.4460146000,-121.9157761000,2214.1260
1787575840.494,2026-08-24 17:50:40,2021-06-19 10:13:26.000,37.4485749100,-121.9157697100,2269.1590,555201.546000,37.4460969000,-121.9157761000,2215.9150
1787575840.595,2026-08-24 17:50:40,2021-06-19 10:13:26.100,37.4486448200,-121.9157697600,2270.1150,555201.641000,37.4461718000,-121.9157759000,2217.5700
1787575840.695,2026-08-24 17:50:40,2021-06-19 10:13:26.200,37.4487152100,-121.9157702600,2270.9820,555201.746000,37.4462536000,-121.9157758000,2219.3430
1787575840.796,2026-08-24 17:50:40,2021-06-19 10:13:26.300,37.4487857200,-121.9157704600,2271.8150,555201.846000,37.4463315000,-121.9157756000,2221.0200
1787575840.897,2026-08-24 17:50:40,2021-06-19 10:13:26.400,37.4488567600,-121.9157702300,2273.0320,555201.946000,37.4464091000,-121.9157755000,2222.6710
1787575840.998,2026-08-24 17:50:40,2021-06-19 10:13:26.500,37.4489275000,-121.9157702900,2274.0920,555202.046000,37.4464865000,-121.9157754000,2224.3000
1787575841.098,2026-08-24 17:50:41,2021-06-19 10:13:26.600,37.4489979300,-121.9157699300,2275.3320,555202.146000,37.4465638000,-121.9157754000,2225.9350
1787575841.198,2026-08-24 17:50:41,2021-06-19 10:13:26.700,37.4490686400,-121.9157699400,2276.3940,555202.246000,37.4466464000,-121.9157750000,2227.8450
1787575841.300,2026-08-24 17:50:41,2021-06-19 10:13:26.800,37.4491394800,-121.9157699200,2277.5140,555202.351000,37.4467267000,-121.9157749000,2229.4910
1787575841.401,2026-08-24 17:50:41,2021-06-19 10:13:26.900,37.4492102800,-121.9157697200,2278.5570,555202.451000,37.4468034000,-121.9157748000,2231.0560
1787575841.502,2026-08-24 17:50:41,2021-06-19 10:13:27.000,37.4492810800,-121.9157698800,2279.4870,555202.551000,37.4468746000,-121.9157750000,2232.3480
1787575841.602,2026-08-24 17:50:41,2021-06-19 10:13:27.100,37.4493517200,-121.9157697200,2280.4960,555202.656000,37.4469493000,-121.9157751000,2233.6950
1787575841.703,2026-08-24 17:50:41,2021-06-19 10:13:27.200,37.4494225900,-121.9157701600,2281.4540,555202.751000,37.4470169000,-121.9157752000,2234.9040
1787575841.804,2026-08-24 17:50:41,2021-06-19 10:13:27.300,37.4494929100,-121.9157703300,2282.3530,555202.851000,37.4470880000,-121.9157753000,2236.1690
1787575841.904,2026-08-24 17:50:41,2021-06-19 10:13:27.400,37.4495636100,-121.9157704700,2283.2010,555202.951000,37.4471590000,-121.9157754000,2237.4240
1787575842.005,2026-08-24 17:50:42,2021-06-19 10:13:27.500,37.4496344000,-121.9157706900,2283.9720,555203.051000,37.4472301000,-121.9157755000,2238.6700
1787575842.106,2026-08-24 17:50:42,2021-06-19 10:13:27.600,37.4497050700,-121.9157708900,2284.7790,555203.156000,37.4473046000,-121.9157756000,2239.9680
1787575842.207,2026-08-24 17:50:42,2021-06-19 10:13:27.700,37.4497752900,-121.9157712700,2285.4920,555203.256000,37.4473756000,-121.9157758000,2241.1950
1787575842.308,2026-08-24 17:50:42,2021-06-19 10:13:27.800,37.4498462900,-121.9157712100,2286.2990,555203.356000,37.4474465000,-121.9157759000,2242.4130
1787575842.409,2026-08-24 17:50:42,2021-06-19 10:13:27.900,37.4499171400,-121.9157709300,2287.2670,555203.456000,37.4475175000,-121.9157760000,2243.6210
1787575842.510,2026-08-24 17:50:42,2021-06-19 10:13:28.000,37.4499881100,-121.9157709800,2288.1950,555203.556000,37.4475883000,-121.9157761000,2244.8210
1787575842.611,2026-08-24 17:50:42,2021-06-19 10:13:28.100,37.4500586300,-121.9157708900,2289.1310,555203.657000,37.4476592000,-121.9157762000,2246.0120
1787575842.711,2026-08-24 17:50:42,2021-06-19 10:13:28.200,37.4501291000,-121.9157709000,2289.9740,555203.762000,37.4477336000,-121.9157764000,2247.2510
1787575842.812,2026-08-24 17:50:42,2021-06-19 10:13:28.300,37.4501997500,-121.9157709900,2290.8090,555203.862000,37.4478044000,-121.9157765000,2248.4230
1787575842.912,2026-08-24 17:50:42,2021-06-19 10:13:28.400,37.4502703700,-121.9157711300,2291.6490,555203.962000,37.4478751000,-121.9157766000,2249.5850
1787575843.013,2026-08-24 17:50:43,2021-06-19 10:13:28.500,37.4503414900,-121.9157715200,2292.3110,555204.062000,37.4479459000,-121.9157768000,2250.7380
1787575843.114,2026-08-24 17:50:43,2021-06-19 10:13:28.600,37.4504118200,-121.9157712900,2293.0020,555204.162000,37.4480257000,-121.9157764000,2252.2440
1787575843.214,2026-08-24 17:50:43,2021-06-19 10:13:28.700,37.4504826100,-121.9157714600,2293.6000,555204.267000,37.4481088000,-121.9157761000,2253.7650
1787575843.315,2026-08-24 17:50:43,2021-06-19 10:13:28.800,37.4505533800,-121.9157718700,2294.2420,555204.367000,37.4481879000,-121.9157759000,2255.2160
1787575843.415,2026-08-24 17:50:43,2021-06-19 10:13:28.900,37.4506237300,-121.9157718000,2295.2040,555204.467000,37.4482666000,-121.9157756000,2256.6200
1787575843.516,2026-08-24 17:50:43,2021-06-19 10:13:29.000,37.4506947200,-121.9157718100,2296.0120,555204.567000,37.4483449000,-121.9157754000,2257.9870
1787575843.617,2026-08-24 17:50:43,2021-06-19 10:13:29.100,37.4507651700,-121.9157715500,2296.8680,555204.667000,37.4484230000,-121.9157751000,2259.3320
1787575843.719,2026-08-24 17:50:43,2021-06-19 10:13:29.200,37.4508360600,-121.9157718200,2297.6850,555204.772000,37.4485045000,-121.9157750000,2260.7070
1787575843.821,2026-08-24 17:50:43,2021-06-19 10:13:29.400,37.4509770600,-121.9157719800,2299.1530,555204.867000,37.4485786000,-121.9157747000,2261.9830
1787575843.922,2026-08-24 17:50:43,2021-06-19 10:13:29.500,37.4510475700,-121.9157722700,2299.7010,555204.972000,37.4486596000,-121.9157746000,2263.3240
1787575844.022,2026-08-24 17:50:44,2021-06-19 10:13:29.600,37.4511181600,-121.9157724300,2300.4240,555205.072000,37.4487370000,-121.9157744000,2264.6050
1787575844.122,2026-08-24 17:50:44,2021-06-19 10:13:29.700,37.4511887100,-121.9157726900,2300.9320,555205.172000,37.4488141000,-121.9157743000,2265.8820
1787575844.222,2026-08-24 17:50:44,2021-06-19 10:13:29.800,37.4512591500,-121.9157725000,2301.5840,555205.277000,37.4488948000,-121.9157742000,2267.1850
1787575844.332,2026-08-24 17:50:44,2021-06-19 10:13:29.900,37.4513299100,-121.9157722700,2302.4140,555205.372000,37.4489681000,-121.9157740000,2268.3810
1787575844.434,2026-08-24 17:50:44,2021-06-19 10:13:30.000,37.4514010300,-121.9157724400,2303.1760,555205.487000,37.4490608000,-121.9157738000,2269.9130
1787575844.535,2026-08-24 17:50:44,2021-06-19 10:13:30.100,37.4514719600,-121.9157722700,2303.9890,555205.587000,37.4491319000,-121.9157738000,2270.9470
1787575844.636,2026-08-24 17:50:44,2021-06-19 10:13:30.200,37.4515423100,-121.9157722400,2304.6550,555205.687000,37.4492029000,-121.9157739000,2271.9720
1787575844.738,2026-08-24 17:50:44,2021-06-19 10:13:30.300,37.4516131500,-121.9157722400,2305.2920,555205.787000,37.4492739000,-121.9157739000,2272.9870
1787575844.838,2026-08-24 17:50:44,2021-06-19 10:13:30.400,37.4516836700,-121.9157725000,2305.9490,555205.887000,37.4493449000,-121.9157740000,2273.9940
1787575844.939,2026-08-24 17:50:44,2021-06-19 10:13:30.500,37.4517543800,-121.9157728500,2306.4350,555205.993000,37.4494194000,-121.9157740000,2275.0410
1787575845.039,2026-08-24 17:50:45,2021-06-19 10:13:30.600,37.4518249000,-121.9157727600,2306.9690,555206.088000,37.4494867000,-121.9157741000,2275.9790
1787575845.140,2026-08-24 17:50:45,2021-06-19 10:13:30.700,37.4518957200,-121.9157725200,2307.6860,555206.193000,37.4495612000,-121.9157741000,2277.0070
1787575845.241,2026-08-24 17:50:45,2021-06-19 10:13:30.800,37.4519666000,-121.9157725300,2308.4720,555206.293000,37.4496320000,-121.9157742000,2277.9760
1787575845.341,2026-08-24 17:50:45,2021-06-19 10:13:30.900,37.4520373600,-121.9157722300,2309.1630,555206.393000,37.4497028000,-121.9157742000,2278.9370
1787575845.442,2026-08-24 17:50:45,2021-06-19 10:13:31.000,37.4521079400,-121.9157724800,2309.7260,555206.498000,37.4497772000,-121.9157743000,2279.9350
1787575845.543,2026-08-24 17:50:45,2021-06-19 10:13:31.100,37.4521783300,-121.9157722600,2310.3580,555206.598000,37.4498479000,-121.9157743000,2280.8770
1787575845.644,2026-08-24 17:50:45,2021-06-19 10:13:31.200,37.4522487700,-121.9157726600,2310.9110,555206.698000,37.4499187000,-121.9157744000,2281.8090
1787575845.745,2026-08-24 17:50:45,2021-06-19 10:13:31.300,37.4523197100,-121.9157727500,2311.3670,555206.798000,37.4499894000,-121.9157744000,2282.7320
1787575845.846,2026-08-24 17:50:45,2021-06-19 10:13:31.400,37.4523902000,-121.9157728000,2311.7360,555206.898000,37.4500600000,-121.9157745000,2283.6460
1787575845.946,2026-08-24 17:50:45,2021-06-19 10:13:31.500,37.4524609900,-121.9157729500,2312.3190,555206.998000,37.4501307000,-121.9157746000,2284.5520
1787575846.047,2026-08-24 17:50:46,2021-06-19 10:13:31.600,37.4525313900,-121.9157726700,2312.9880,555207.098000,37.4502103000,-121.9157743000,2285.5590
1787575846.147,2026-08-24 17:50:46,2021-06-19 10:13:31.700,37.4526023300,-121.9157728000,2313.5410,555207.198000,37.4502897000,-121.9157742000,2286.5440
1787575846.248,2026-08-24 17:50:46,2021-06-19 10:13:31.800,37.4526730200,-121.9157727100,2314.0080,555207.298000,37.4503685000,-121.9157740000,2287.5240
1787575846.348,2026-08-24 17:50:46,2021-06-19 10:13:31.900,37.4527435400,-121.9157727700,2314.4640,555207.403000,37.4504504000,-121.9157739000,2288.5250
1787575846.449,2026-08-24 17:50:46,2021-06-19 10:13:32.000,37.4528140900,-121.9157731900,2314.8240,555207.498000,37.4505254000,-121.9157737000,2289.4350
1787575846.551,2026-08-24 17:50:46,2021-06-19 10:13:32.100,37.4528848900,-121.9157731600,2315.2280,555207.603000,37.4506068000,-121.9157736000,2290.4080
1787575846.651,2026-08-24 17:50:46,2021-06-19 10:13:32.200,37.4529556100,-121.9157729600,2315.8430,555207.698000,37.4506810000,-121.9157735000,2291.2940
1787575846.751,2026-08-24 17:50:46,2021-06-19 10:13:32.300,37.4530260200,-121.9157727300,2316.4530,555207.803000,37.4507620000,-121.9157734000,2292.2480
1787575846.852,2026-08-24 17:50:46,2021-06-19 10:13:32.400,37.4530968900,-121.9157726700,2317.0200,555207.903000,37.4508394000,-121.9157734000,2293.1390
1787575846.953,2026-08-24 17:50:46,2021-06-19 10:13:32.500,37.4531678400,-121.9157727900,2317.5000,555208.008000,37.4509201000,-121.9157733000,2294.0600
1787575847.053,2026-08-24 17:50:47,2021-06-19 10:13:32.600,37.4532383000,-121.9157725500,2317.9900,555208.103000,37.4509936000,-121.9157733000,2294.8710
1787575847.154,2026-08-24 17:50:47,2021-06-19 10:13:32.700,37.4533088600,-121.9157727200,2318.3820,555208.208000,37.4510741000,-121.9157732000,2295.7810
1787575847.255,2026-08-24 17:50:47,2021-06-19 10:13:32.800,37.4533791700,-121.9157726800,2318.6940,555208.309000,37.4511507000,-121.9157732000,2296.6210
1787575847.355,2026-08-24 17:50:47,2021-06-19 10:13:32.900,37.4534500500,-121.9157725800,2319.3190,555208.404000,37.4512237000,-121.9157730000,2297.4130
1787575847.456,2026-08-24 17:50:47,2021-06-19 10:13:33.000,37.4535208000,-121.9157725500,2319.7680,555208.509000,37.4513038000,-121.9157730000,2298.2700
1787575847.556,2026-08-24 17:50:47,2021-06-19 10:13:33.100,37.4535912500,-121.9157723800,2320.2840,555208.604000,37.4513712000,-121.9157730000,2298.9890
1787575847.657,2026-08-24 17:50:47,2021-06-19 10:13:33.200,37.4536619300,-121.9157724700,2320.7180,555208.709000,37.4514458000,-121.9157729000,2299.7740
1787575847.758,2026-08-24 17:50:47,2021-06-19 10:13:33.300,37.4537326400,-121.9157725000,2321.1200,555208.809000,37.4515167000,-121.9157729000,2300.5130
1787575847.858,2026-08-24 17:50:47,2021-06-19 10:13:33.400,37.4538036300,-121.9157726100,2321.4310,555208.909000,37.4515876000,-121.9157729000,2301.2420
1787575847.958,2026-08-24 17:50:47,2021-06-19 10:13:33.500,37.4538744000,-121.9157727800,2321.7020,555209.014000,37.4516620000,-121.9157728000,2301.9980
1787575848.059,2026-08-24 17:50:48,2021-06-19 10:13:33.600,37.4539449400,-121.9157724100,2322.2880,555209.114000,37.4517329000,-121.9157728000,2302.7080
1787575848.160,2026-08-24 17:50:48,2021-06-19 10:13:33.700,37.4540156100,-121.9157722600,2322.6750,555209.214000,37.4518037000,-121.9157728000,2303.4090
1787575848.261,2026-08-24 17:50:48,2021-06-19 10:13:33.800,37.4540865600,-121.9157722100,2323.0130,555209.314000,37.4518745000,-121.9157727000,2304.1010
1787575848.362,2026-08-24 17:50:48,2021-06-19 10:13:33.900,37.4541569900,-121.9157722800,2323.2930,555209.414000,37.4519452000,-121.9157727000,2304.7840
1787575848.463,2026-08-24 17:50:48,2021-06-19 10:13:34.000,37.4542276200,-121.9157726000,2323.4360,555209.514000,37.4520160000,-121.9157727000,2305.4580
1787575848.563,2026-08-24 17:50:48,2021-06-19 10:13:34.100,37.4542981000,-121.9157724100,2323.7930,555209.619000,37.4520902000,-121.9157726000,2306.1550
1787575848.663,2026-08-24 17:50:48,2021-06-19 10:13:34.200,37.4543690300,-121.9157722800,2324.2590,555209.719000,37.4521609000,-121.9157726000,2306.8100
1787575848.764,2026-08-24 17:50:48,2021-06-19 10:13:34.300,37.4544398200,-121.9157722200,2324.6510,555209.819000,37.4522315000,-121.9157725000,2307.4560
1787575848.864,2026-08-24 17:50:48,2021-06-19 10:13:34.400,37.4545100600,-121.9157721800,2324.9640,555209.919000,37.4523106000,-121.9157725000,2308.0880
1787575848.965,2026-08-24 17:50:48,2021-06-19 10:13:34.500,37.4545807900,-121.9157724000,2325.1060,555210.019000,37.4523892000,-121.9157723000,2308.7140
1787575849.065,2026-08-24 17:50:49,2021-06-19 10:13:34.600,37.4546515400,-121.9157723800,2325.3630,555210.119000,37.4524676000,-121.9157722000,2309.3290
1787575849.166,2026-08-24 17:50:49,2021-06-19 10:13:34.700,37.4547219700,-121.9157724900,2325.6620,555210.219000,37.4525457000,-121.9157722000,2309.9320
1787575849.267,2026-08-24 17:50:49,2021-06-19 10:13:34.800,37.4547925800,-121.9157722900,2326.0220,555210.319000,37.4526236000,-121.9157722000,2310.5030
1787575849.368,2026-08-24 17:50:49,2021-06-19 10:13:34.900,37.4548632200,-121.9157721500,2326.2700,555210.419000,37.4527075000,-121.9157721000,2311.0590
1787575849.468,2026-08-24 17:50:49,2021-06-19 10:13:35.000,37.4549343000,-121.9157724000,2326.4660,555210.524000,37.4527883000,-121.9157721000,2311.6590
1787575849.569,2026-08-24 17:50:49,2021-06-19 10:13:35.100,37.4550044800,-121.9157722700,2326.6610,555210.625000,37.4528652000,-121.9157721000,2312.2080
1787575849.669,2026-08-24 17:50:49,2021-06-19 10:13:35.200,37.4550751200,-121.9157726200,2326.7250,555210.725000,37.4529422000,-121.9157721000,2312.7420
1787575849.770,2026-08-24 17:50:49,2021-06-19 10:13:35.300,37.4551456800,-121.9157723700,2326.9950,555210.820000,37.4530153000,-121.9157721000,2313.2540
1787575849.871,2026-08-24 17:50:49,2021-06-19 10:13:35.400,37.4552166000,-121.9157724000,2327.1850,555210.925000,37.4530954000,-121.9157721000,2313.7930
1787575849.971,2026-08-24 17:50:49,2021-06-19 10:13:35.500,37.4552874000,-121.9157726600,2327.2690,555211.025000,37.4531717000,-121.9157722000,2314.3040
1787575850.072,2026-08-24 17:50:50,2021-06-19 10:13:35.600,37.4553576500,-121.9157725800,2327.3360,555211.130000,37.4532516000,-121.9157721000,2314.8360
1787575850.172,2026-08-24 17:50:50,2021-06-19 10:13:35.700,37.4554282000,-121.9157727700,2327.2600,555211.225000,37.4533242000,-121.9157721000,2315.3140
1787575850.273,2026-08-24 17:50:50,2021-06-19 10:13:35.800,37.4554988600,-121.9157725800,2327.6120,555211.330000,37.4533987000,-121.9157720000,2315.8330
1787575850.374,2026-08-24 17:50:50,2021-06-19 10:13:35.900,37.4555696500,-121.9157726700,2327.8770,555211.430000,37.4534697000,-121.9157719000,2316.3180
1787575850.474,2026-08-24 17:50:50,2021-06-19 10:13:36.000,37.4556402300,-121.9157727400,2327.9080,555211.530000,37.4535406000,-121.9157718000,2316.7930
1787575850.575,2026-08-24 17:50:50,2021-06-19 10:13:36.100,37.4557110500,-121.9157725700,2327.9570,555211.630000,37.4536116000,-121.9157717000,2317.2590
1787575850.676,2026-08-24 17:50:50,2021-06-19 10:13:36.200,37.4557816100,-121.9157727500,2327.8580,555211.730000,37.4536824000,-121.9157715000,2317.7150
1787575850.776,2026-08-24 17:50:50,2021-06-19 10:13:36.300,37.4558522900,-121.9157727100,2328.1510,555211.830000,37.4537533000,-121.9157714000,2318.1620
1787575850.877,2026-08-24 17:50:50,2021-06-19 10:13:36.400,37.4559231500,-121.9157725700,2328.2930,555211.930000,37.4538242000,-121.9157713000,2318.6000
1787575850.978,2026-08-24 17:50:50,2021-06-19 10:13:36.500,37.4559937100,-121.9157725400,2328.2820,555212.030000,37.4538949000,-121.9157712000,2319.0290
1787575851.079,2026-08-24 17:50:51,2021-06-19 10:13:36.600,37.4560643400,-121.9157724200,2328.3500,555212.130000,37.4539657000,-121.9157711000,2319.4480
1787575851.180,2026-08-24 17:50:51,2021-06-19 10:13:36.700,37.4561349200,-121.9157728700,2328.3770,555212.235000,37.4540400000,-121.9157709000,2319.8790
1787575851.280,2026-08-24 17:50:51,2021-06-19 10:13:36.800,37.4562058500,-121.9157724000,2328.5950,555212.335000,37.4541108000,-121.9157708000,2320.2790
1787575851.381,2026-08-24 17:50:51,2021-06-19 10:13:36.900,37.4562766800,-121.9157722700,2328.6930,555212.435000,37.4541815000,-121.9157707000,2320.6700
1787575851.482,2026-08-24 17:50:51,2021-06-19 10:13:37.000,37.4563473900,-121.9157721500,2328.6490,555212.540000,37.4542633000,-121.9157707000,2321.0130
1787575851.582,2026-08-24 17:50:51,2021-06-19 10:13:37.100,37.4564180100,-121.9157723700,2328.6560,555212.640000,37.4543413000,-121.9157707000,2321.3320
1787575851.683,2026-08-24 17:50:51,2021-06-19 10:13:37.200,37.4564884500,-121.9157724200,2328.5550,555212.740000,37.4544191000,-121.9157706000,2321.6600
1787575851.784,2026-08-24 17:50:51,2021-06-19 10:13:37.300,37.4565591900,-121.9157721300,2328.5700,555212.836000,37.4544932000,-121.9157707000,2321.9510
1787575851.885,2026-08-24 17:50:51,2021-06-19 10:13:37.400,37.4566299400,-121.9157720100,2328.5420,555212.936000,37.4545706000,-121.9157706000,2322.2510
1787575851.985,2026-08-24 17:50:51,2021-06-19 10:13:37.500,37.4567009600,-121.9157724400,2328.4610,555213.036000,37.4546477000,-121.9157707000,2322.5380
1787575852.086,2026-08-24 17:50:52,2021-06-19 10:13:37.600,37.4567714100,-121.9157723100,2328.3830,555213.136000,37.4547249000,-121.9157706000,2322.8090
1787575852.187,2026-08-24 17:50:52,2021-06-19 10:13:37.700,37.4568420800,-121.9157722100,2328.5060,555213.241000,37.4548052000,-121.9157706000,2323.0790
1787575852.287,2026-08-24 17:50:52,2021-06-19 10:13:37.800,37.4569130400,-121.9157719100,2328.6090,555213.346000,37.4548855000,-121.9157704000,2323.3600
1787575852.388,2026-08-24 17:50:52,2021-06-19 10:13:37.900,37.4569833500,-121.9157721000,2328.6680,555213.446000,37.4549620000,-121.9157704000,2323.5950
1787575852.488,2026-08-24 17:50:52,2021-06-19 10:13:38.000,37.4570545300,-121.9157722700,2328.5790,555213.541000,37.4550349000,-121.9157705000,2323.8010
1787575852.589,2026-08-24 17:50:52,2021-06-19 10:13:38.100,37.4571250100,-121.9157721400,2328.6200,555213.646000,37.4551148000,-121.9157705000,2324.0300
1787575852.690,2026-08-24 17:50:52,2021-06-19 10:13:38.200,37.4571958600,-121.9157719600,2328.7440,555213.746000,37.4551961000,-121.9157706000,2324.0660
1787575852.790,2026-08-24 17:50:52,2021-06-19 10:13:38.300,37.4572664800,-121.9157717000,2328.8550,555213.846000,37.4552723000,-121.9157706000,2324.2610
1787575852.891,2026-08-24 17:50:52,2021-06-19 10:13:38.400,37.4573373300,-121.9157717100,2328.9090,555213.946000,37.4553433000,-121.9157704000,2324.6150
1787575852.992,2026-08-24 17:50:52,2021-06-19 10:13:38.500,37.4574080000,-121.9157718600,2328.7650,555214.046000,37.4554142000,-121.9157702000,2324.9690
1787575853.093,2026-08-24 17:50:53,2021-06-19 10:13:38.600,37.4574784500,-121.9157717000,2328.8790,555214.146000,37.4554852000,-121.9157699000,2325.3240
1787575853.193,2026-08-24 17:50:53,2021-06-19 10:13:38.700,37.4575490000,-121.9157718800,2328.9510,555214.251000,37.4555596000,-121.9157697000,2325.6970
1787575853.294,2026-08-24 17:50:53,2021-06-19 10:13:38.800,37.4576196800,-121.9157717700,2328.9820,555214.346000,37.4556270000,-121.9157694000,2326.0350
1787575853.394,2026-08-24 17:50:53,2021-06-19 10:13:38.900,37.4576905200,-121.9157718400,2328.9130,555214.451000,37.4557013000,-121.9157692000,2326.4100
1787575853.495,2026-08-24 17:50:53,2021-06-19 10:13:39.000,37.4577612900,-121.9157720300,2328.7330,555214.551000,37.4557722000,-121.9157689000,2326.7670
1787575853.596,2026-08-24 17:50:53,2021-06-19 10:13:39.100,37.4578315900,-121.9157719600,2328.9760,555214.651000,37.4558430000,-121.9157687000,2327.1240
1787575853.696,2026-08-24 17:50:53,2021-06-19 10:13:39.200,37.4579026800,-121.9157720100,2329.0160,555214.751000,37.4559138000,-121.9157684000,2327.4820
1787575853.796,2026-08-24 17:50:53,2021-06-19 10:13:39.300,37.4579738000,-121.9157717400,2329.0170,555214.851000,37.4559845000,-121.9157681000,2327.8400
1787575853.896,2026-08-24 17:50:53,2021-06-19 10:13:39.400,37.4580444200,-121.9157718200,2328.8890,555214.951000,37.4560552000,-121.9157679000,2328.1990
1787575853.997,2026-08-24 17:50:53,2021-06-19 10:13:39.500,37.4581149600,-121.9157718700,2328.8750,555215.051000,37.4561259000,-121.9157676000,2328.5590
1787575854.097,2026-08-24 17:50:54,2021-06-19 10:13:39.600,37.4581856100,-121.9157716100,2329.0120,555215.151000,37.4562040000,-121.9157673000,2328.5110
1787575854.198,2026-08-24 17:50:54,2021-06-19 10:13:39.700,37.4582566200,-121.9157716200,2329.0650,555215.257000,37.4562855000,-121.9157672000,2328.4830
1787575854.298,2026-08-24 17:50:54,2021-06-19 10:13:39.800,37.4583270400,-121.9157716400,2329.0230,555215.357000,37.4563631000,-121.9157671000,2328.4480
1787575854.399,2026-08-24 17:50:54,2021-06-19 10:13:39.900,37.4583973700,-121.9157720500,2328.8600,555215.457000,37.4564471000,-121.9157673000,2328.0650
1787575854.500,2026-08-24 17:50:54,2021-06-19 10:13:40.000,37.4584680300,-121.9157718400,2328.8730,555215.557000,37.4565242000,-121.9157673000,2328.0580
1787575854.600,2026-08-24 17:50:54,2021-06-19 10:13:40.100,37.4585391000,-121.9157717000,2328.9480,555215.657000,37.4566011000,-121.9157673000,2328.0620
1787575854.701,2026-08-24 17:50:54,2021-06-19 10:13:40.200,37.4586095100,-121.9157718200,2328.8610,555215.757000,37.4566778000,-121.9157673000,2328.0700
1787575854.803,2026-08-24 17:50:54,2021-06-19 10:13:40.300,37.4586801000,-121.9157720100,2328.7590,555215.857000,37.4567544000,-121.9157673000,2328.0730
1787575854.903,2026-08-24 17:50:54,2021-06-19 10:13:40.400,37.4587509300,-121.9157719400,2328.7580,555215.957000,37.4568310000,-121.9157674000,2328.0840
1787575855.003,2026-08-24 17:50:55,2021-06-19 10:13:40.500,37.4588221900,-121.9157718900,2328.8340,555216.062000,37.4569109000,-121.9157673000,2328.1290
1787575855.104,2026-08-24 17:50:55,2021-06-19 10:13:40.600,37.4588927500,-121.9157720600,2328.8240,555216.157000,37.4569836000,-121.9157673000,2328.1410
1787575855.204,2026-08-24 17:50:55,2021-06-19 10:13:40.700,37.4589632100,-121.9157721900,2328.7040,555216.257000,37.4570598000,-121.9157673000,2328.1780
1787575855.305,2026-08-24 17:50:55,2021-06-19 10:13:40.800,37.4590337300,-121.9157721900,2328.5840,555216.357000,37.4571359000,-121.9157673000,2328.2030
1787575855.406,2026-08-24 17:50:55,2021-06-19 10:13:40.900,37.4591047600,-121.9157720100,2328.7390,555216.462000,37.4572155000,-121.9157673000,2328.2610
1787575855.507,2026-08-24 17:50:55,2021-06-19 10:13:41.000,37.4591758000,-121.9157720700,2328.7920,555216.562000,37.4572865000,-121.9157669000,2328.5570
1787575855.607,2026-08-24 17:50:55,2021-06-19 10:13:41.100,37.4592459200,-121.9157719500,2328.8280,555216.667000,37.4573610000,-121.9157664000,2328.8670
1787575855.708,2026-08-24 17:50:55,2021-06-19 10:13:41.200,37.4593167900,-121.9157718100,2328.7300,555216.762000,37.4574285000,-121.9157660000,2329.1470
1787575855.808,2026-08-24 17:50:55,2021-06-19 10:13:41.300,37.4593877400,-121.9157716500,2328.7790,555216.867000,37.4575029000,-121.9157656000,2329.4570
1787575855.909,2026-08-24 17:50:55,2021-06-19 10:13:41.400,37.4594585400,-121.9157715700,2328.8890,555216.967000,37.4575739000,-121.9157651000,2329.7530
1787575856.010,2026-08-24 17:50:56,2021-06-19 10:13:41.500,37.4595292700,-121.9157715900,2328.8830,555217.067000,37.4576447000,-121.9157647000,2330.0480
1787575856.110,2026-08-24 17:50:56,2021-06-19 10:13:41.600,37.4595997600,-121.9157714900,2328.8300,555217.167000,37.4577156000,-121.9157642000,2330.3440
1787575856.211,2026-08-24 17:50:56,2021-06-19 10:13:41.700,37.4596701500,-121.9157716200,2328.6820,555217.262000,37.4577829000,-121.9157638000,2330.6250
1787575856.312,2026-08-24 17:50:56,2021-06-19 10:13:41.800,37.4597410400,-121.9157716600,2328.8030,555217.367000,37.4578573000,-121.9157633000,2330.9350
1787575856.412,2026-08-24 17:50:56,2021-06-19 10:13:41.900,37.4598114900,-121.9157718400,2328.7810,555217.467000,37.4579349000,-121.9157634000,2330.8860
1787575856.513,2026-08-24 17:50:56,2021-06-19 10:13:42.000,37.4598824300,-121.9157719100,2328.6600,555217.568000,37.4580124000,-121.9157636000,2330.8510
1787575856.614,2026-08-24 17:50:56,2021-06-19 10:13:42.100,37.4599525900,-121.9157719400,2328.6280,555217.668000,37.4580895000,-121.9157638000,2330.8010
1787575856.719,2026-08-24 17:50:56,2021-06-19 10:13:42.300,37.4600940700,-121.9157720300,2328.8770,555217.778000,37.4581737000,-121.9157638000,2330.7970
1787575856.921,2026-08-24 17:50:56,2021-06-19 10:13:42.500,37.4602358700,-121.9157720400,2328.7480,555217.978000,37.4583272000,-121.9157641000,2330.7410
1787575857.022,2026-08-24 17:50:57,2021-06-19 10:13:42.600,37.4603063900,-121.9157720500,2328.7550,555218.078000,37.4584036000,-121.9157643000,2330.7270
1787575857.122,2026-08-24 17:50:57,2021-06-19 10:13:42.700,37.4603774700,-121.9157721000,2328.9060,555218.178000,37.4584798000,-121.9157645000,2330.7070
1787575857.232,2026-08-24 17:50:57,2021-06-19 10:13:42.800,37.4604482300,-121.9157719000,2328.9400,555218.278000,37.4585560000,-121.9157647000,2330.6870
1787575857.333,2026-08-24 17:50:57,2021-06-19 10:13:42.900,37.4605190000,-121.9157719000,2328.9130,555218.393000,37.4586428000,-121.9157647000,2330.7070
1787575857.435,2026-08-24 17:50:57,2021-06-19 10:13:43.000,37.4605896300,-121.9157721500,2328.7630,555218.493000,37.4587188000,-121.9157648000,2330.7090
1787575857.536,2026-08-24 17:50:57,2021-06-19 10:13:43.100,37.4606603300,-121.9157721200,2328.9690,555218.593000,37.4587997000,-121.9157654000,2330.4690
1787575857.637,2026-08-24 17:50:57,2021-06-19 10:13:43.200,37.4607311700,-121.9157719000,2328.9770,555218.698000,37.4588791000,-121.9157654000,2330.4840
1787575857.738,2026-08-24 17:50:57,2021-06-19 10:13:43.300,37.4608018200,-121.9157719200,2328.9520,555218.798000,37.4589549000,-121.9157654000,2330.4920
1787575857.838,2026-08-24 17:50:57,2021-06-19 10:13:43.400,37.4608721900,-121.9157721000,2328.8230,555218.898000,37.4590260000,-121.9157650000,2330.7300
1787575857.938,2026-08-24 17:50:57,2021-06-19 10:13:43.500,37.4609430100,-121.9157723300,2328.8160,555218.998000,37.4590971000,-121.9157645000,2330.9670
1787575858.038,2026-08-24 17:50:58,2021-06-19 10:13:43.600,37.4610135700,-121.9157720200,2328.9570,555219.098000,37.4591681000,-121.9157640000,2331.2040
1787575858.139,2026-08-24 17:50:58,2021-06-19 10:13:43.700,37.4610841800,-121.9157718100,2328.9430,555219.198000,37.4592391000,-121.9157635000,2331.4410
1787575858.240,2026-08-24 17:50:58,2021-06-19 10:13:43.800,37.4611547500,-121.9157719500,2328.8910,555219.298000,37.4593101000,-121.9157630000,2331.6770
1787575858.341,2026-08-24 17:50:58,2021-06-19 10:13:43.900,37.4612255000,-121.9157721900,2328.7960,555219.398000,37.4593811000,-121.9157625000,2331.9130
1787575858.442,2026-08-24 17:50:58,2021-06-19 10:13:44.000,37.4612963400,-121.9157719500,2328.9640,555219.493000,37.4594485000,-121.9157620000,2332.1370
1787575858.542,2026-08-24 17:50:58,2021-06-19 10:13:44.100,37.4613667700,-121.9157717200,2329.0740,555219.598000,37.4595230000,-121.9157614000,2332.3850
1787575858.643,2026-08-24 17:50:58,2021-06-19 10:13:44.200,37.4614374800,-121.9157716600,2329.0710,555219.698000,37.4595939000,-121.9157609000,2332.6200
1787575858.744,2026-08-24 17:50:58,2021-06-19 10:13:44.300,37.4615082200,-121.9157719300,2328.9880,555219.798000,37.4596708000,-121.9157612000,2332.5490
1787575858.844,2026-08-24 17:50:58,2021-06-19 10:13:44.400,37.4615790300,-121.9157720700,2329.0130,555219.904000,37.4597510000,-121.9157614000,2332.4800
1787575858.945,2026-08-24 17:50:58,2021-06-19 10:13:44.500,37.4616494200,-121.9157721500,2329.0410,555220.004000,37.4598275000,-121.9157616000,2332.4360
1787575859.046,2026-08-24 17:50:59,2021-06-19 10:13:44.600,37.4617198200,-121.9157721400,2329.0420,555220.104000,37.4599040000,-121.9157618000,2332.3900
1787575859.146,2026-08-24 17:50:59,2021-06-19 10:13:44.700,37.4617903100,-121.9157722600,2328.9730,555220.204000,37.4599804000,-121.9157620000,2332.3410
1787575859.247,2026-08-24 17:50:59,2021-06-19 10:13:44.800,37.4618615000,-121.9157724000,2328.8950,555220.304000,37.4600617000,-121.9157629000,2332.0190
1787575859.348,2026-08-24 17:50:59,2021-06-19 10:13:44.900,37.4619322700,-121.9157722300,2329.0130,555220.409000,37.4601413000,-121.9157630000,2331.9920
1787575859.448,2026-08-24 17:50:59,2021-06-19 10:13:45.000,37.4620027100,-121.9157724900,2328.9500,555220.504000,37.4602138000,-121.9157632000,2331.9530
1787575859.549,2026-08-24 17:50:59,2021-06-19 10:13:45.100,37.4620729400,-121.9157725200,2328.8580,555220.609000,37.4602932000,-121.9157634000,2331.9360
1787575859.650,2026-08-24 17:50:59,2021-06-19 10:13:45.200,37.4621440500,-121.9157725300,2328.7510,555220.709000,37.4603689000,-121.9157636000,2331.8950
1787575859.751,2026-08-24 17:50:59,2021-06-19 10:13:45.300,37.4622152500,-121.9157723100,2328.8800,555220.809000,37.4604446000,-121.9157637000,2331.8640
1787575859.851,2026-08-24 17:50:59,2021-06-19 10:13:45.400,37.4622858500,-121.9157722500,2328.9640,555220.909000,37.4605202000,-121.9157638000,2331.8480
1787575859.952,2026-08-24 17:50:59,2021-06-19 10:13:45.500,37.4623562400,-121.9157725500,2328.9110,555221.009000,37.4605959000,-121.9157638000,2331.8450
1787575860.053,2026-08-24 17:51:00,2021-06-19 10:13:45.600,37.4624269000,-121.9157725500,2328.8760,555221.109000,37.4606714000,-121.9157640000,2331.8220
1787575860.154,2026-08-24 17:51:00,2021-06-19 10:13:45.700,37.4624977200,-121.9157723500,2328.9570,555221.209000,37.4607426000,-121.9157635000,2332.0050
1787575860.254,2026-08-24 17:51:00,2021-06-19 10:13:45.800,37.4625686900,-121.9157722500,2328.9710,555221.309000,37.4608137000,-121.9157631000,2332.1870
1787575860.355,2026-08-24 17:51:00,2021-06-19 10:13:45.900,37.4626392700,-121.9157722100,2329.0170,555221.409000,37.4608848000,-121.9157626000,2332.3680
1787575860.455,2026-08-24 17:51:00,2021-06-19 10:13:46.000,37.4627098000,-121.9157723900,2328.8410,555221.514000,37.4609594000,-121.9157621000,2332.5580
1787575860.555,2026-08-24 17:51:00,2021-06-19 10:13:46.100,37.4627804000,-121.9157725100,2328.8240,555221.614000,37.4610304000,-121.9157616000,2332.7380
1787575860.656,2026-08-24 17:51:00,2021-06-19 10:13:46.200,37.4628510000,-121.9157724500,2328.8770,555221.714000,37.4611014000,-121.9157611000,2332.9180
1787575860.757,2026-08-24 17:51:00,2021-06-19 10:13:46.300,37.4629216500,-121.9157725400,2328.7880,555221.814000,37.4611724000,-121.9157606000,2333.0970
1787575860.858,2026-08-24 17:51:00,2021-06-19 10:13:46.400,37.4629924300,-121.9157724700,2328.6920,555221.914000,37.4612434000,-121.9157601000,2333.2750
1787575860.958,2026-08-24 17:51:00,2021-06-19 10:13:46.500,37.4630633800,-121.9157729000,2328.5480,555222.019000,37.4613291000,-121.9157611000,2333.0090
1787575861.058,2026-08-24 17:51:01,2021-06-19 10:13:46.600,37.4631337000,-121.9157725800,2328.7950,555222.114000,37.4614019000,-121.9157615000,2332.9540
1787575861.159,2026-08-24 17:51:01,2021-06-19 10:13:46.700,37.4632043300,-121.9157724700,2328.8720,555222.219000,37.4614818000,-121.9157616000,2332.9110
1787575861.259,2026-08-24 17:51:01,2021-06-19 10:13:46.800,37.4632750800,-121.9157723900,2328.8020,555222.315000,37.4615544000,-121.9157618000,2332.8500
1787575861.361,2026-08-24 17:51:01,2021-06-19 10:13:46.900,37.4633458800,-121.9157725400,2328.7030,555222.420000,37.4616340000,-121.9157619000,2332.8170
1787575861.462,2026-08-24 17:51:01,2021-06-19 10:13:47.000,37.4634166600,-121.9157726800,2328.7460,555222.525000,37.4617136000,-121.9157621000,2332.7800
1787575861.563,2026-08-24 17:51:01,2021-06-19 10:13:47.100,37.4634871300,-121.9157725500,2328.8780,555222.620000,37.4617859000,-121.9157623000,2332.7180
1787575861.664,2026-08-24 17:51:01,2021-06-19 10:13:47.200,37.4635577600,-121.9157723500,2328.8670,555222.725000,37.4618652000,-121.9157624000,2332.6780
1787575861.764,2026-08-24 17:51:01,2021-06-19 10:13:47.300,37.4636289300,-121.9157724700,2328.8170,555222.825000,37.4619409000,-121.9157626000,2332.6460
1787575861.865,2026-08-24 17:51:01,2021-06-19 10:13:47.400,37.4636996600,-121.9157724600,2328.8090,555222.925000,37.4620166000,-121.9157627000,2332.6150
1787575861.966,2026-08-24 17:51:01,2021-06-19 10:13:47.500,37.4637700700,-121.9157724500,2328.8240,555223.025000,37.4620921000,-121.9157628000,2332.5760
1787575862.066,2026-08-24 17:51:02,2021-06-19 10:13:47.600,37.4638404300,-121.9157722800,2328.8530,555223.125000,37.4621677000,-121.9157629000,2332.5490
1787575862.167,2026-08-24 17:51:02,2021-06-19 10:13:47.700,37.4639112300,-121.9157722900,2328.7960,555223.225000,37.4622431000,-121.9157630000,2332.5260
1787575862.267,2026-08-24 17:51:02,2021-06-19 10:13:47.800,37.4639819900,-121.9157725200,2328.6790,555223.325000,37.4623185000,-121.9157632000,2332.5010
1787575862.368,2026-08-24 17:51:02,2021-06-19 10:13:47.900,37.4640527600,-121.9157725200,2328.8170,555223.430000,37.4623932000,-121.9157628000,2332.6410
1787575862.469,2026-08-24 17:51:02,2021-06-19 10:13:48.000,37.4641231300,-121.9157725400,2328.8120,555223.530000,37.4624644000,-121.9157624000,2332.7730
1787575862.570,2026-08-24 17:51:02,2021-06-19 10:13:48.100,37.4641937100,-121.9157723400,2328.8050,555223.630000,37.4625355000,-121.9157619000,2332.9050
1787575862.671,2026-08-24 17:51:02,2021-06-19 10:13:48.200,37.4642645800,-121.9157725700,2328.7330,555223.730000,37.4626066000,-121.9157615000,2333.0360
1787575862.771,2026-08-24 17:51:02,2021-06-19 10:13:48.300,37.4643353800,-121.9157725100,2328.8240,555223.830000,37.4626777000,-121.9157611000,2333.1660
1787575862.872,2026-08-24 17:51:02,2021-06-19 10:13:48.400,37.4644062800,-121.9157722500,2328.8780,555223.930000,37.4627488000,-121.9157607000,2333.2950
1787575862.973,2026-08-24 17:51:02,2021-06-19 10:13:48.500,37.4644767100,-121.9157723900,2328.7910,555224.030000,37.4628248000,-121.9157610000,2333.2410
1787575863.074,2026-08-24 17:51:03,2021-06-19 10:13:48.600,37.4645473700,-121.9157726000,2328.7420,555224.130000,37.4629008000,-121.9157612000,2333.1920
1787575863.175,2026-08-24 17:51:03,2021-06-19 10:13:48.700,37.4646178500,-121.9157726700,2328.7460,555224.235000,37.4629803000,-121.9157614000,2333.1550
1787575863.275,2026-08-24 17:51:03,2021-06-19 10:13:48.800,37.4646888000,-121.9157724400,2328.7240,555224.335000,37.4630562000,-121.9157616000,2333.1050
1787575863.376,2026-08-24 17:51:03,2021-06-19 10:13:48.900,37.4647594100,-121.9157722400,2328.7040,555224.435000,37.4631319000,-121.9157618000,2333.0640
1787575863.477,2026-08-24 17:51:03,2021-06-19 10:13:49.000,37.4648298200,-121.9157727500,2328.5760,555224.535000,37.4632076000,-121.9157620000,2333.0250
1787575863.577,2026-08-24 17:51:03,2021-06-19 10:13:49.100,37.4649004400,-121.9157727600,2328.6380,555224.636000,37.4632832000,-121.9157622000,2332.9780
1787575863.677,2026-08-24 17:51:03,2021-06-19 10:13:49.200,37.4649711000,-121.9157724600,2328.6840,555224.741000,37.4633623000,-121.9157624000,2332.9320
1787575863.778,2026-08-24 17:51:03,2021-06-19 10:13:49.300,37.4650420200,-121.9157724900,2328.6680,555224.836000,37.4634343000,-121.9157625000,2332.8930
1787575863.879,2026-08-24 17:51:03,2021-06-19 10:13:49.400,37.4651128200,-121.9157724500,2328.6430,555224.941000,37.4635132000,-121.9157628000,2332.8660
1787575863.980,2026-08-24 17:51:03,2021-06-19 10:13:49.500,37.4651835000,-121.9157729100,2328.5630,555225.041000,37.4635887000,-121.9157629000,2332.8380
1787575864.081,2026-08-24 17:51:04,2021-06-19 10:13:49.600,37.4652540000,-121.9157724700,2328.6890,555225.141000,37.4636640000,-121.9157630000,2332.8110
1787575864.181,2026-08-24 17:51:04,2021-06-19 10:13:49.700,37.4653245500,-121.9157724300,2328.7350,555225.241000,37.4637393000,-121.9157632000,2332.7770
1787575864.282,2026-08-24 17:51:04,2021-06-19 10:13:49.800,37.4653952100,-121.9157725400,2328.7090,555225.346000,37.4638221000,-121.9157638000,2332.6200
1787575864.383,2026-08-24 17:51:04,2021-06-19 10:13:49.900,37.4654657300,-121.9157726700,2328.6630,555225.446000,37.4638933000,-121.9157635000,2332.7110
1787575864.484,2026-08-24 17:51:04,2021-06-19 10:13:50.000,37.4655366600,-121.9157727000,2328.7340,555225.546000,37.4639645000,-121.9157632000,2332.8010
1787575864.585,2026-08-24 17:51:04,2021-06-19 10:13:50.100,37.4656071900,-121.9157722900,2328.8570,555225.641000,37.4640321000,-121.9157629000,2332.8860
1787575864.686,2026-08-24 17:51:04,2021-06-19 10:13:50.200,37.4656777600,-121.9157723300,2328.7880,555225.746000,37.4641068000,-121.9157625000,2332.9780
1787575864.787,2026-08-24 17:51:04,2021-06-19 10:13:50.300,37.4657487800,-121.9157726000,2328.6660,555225.851000,37.4641815000,-121.9157622000,2333.0700
1787575864.887,2026-08-24 17:51:04,2021-06-19 10:13:50.400,37.4658193800,-121.9157724700,2328.6720,555225.946000,37.4642537000,-121.9157625000,2333.0260
1787575864.988,2026-08-24 17:51:04,2021-06-19 10:13:50.500,37.4658899000,-121.9157725700,2328.6300,555226.046000,37.4643293000,-121.9157627000,2332.9740
1787575865.088,2026-08-24 17:51:05,2021-06-19 10:13:50.600,37.4659602500,-121.9157724100,2328.6230,555226.146000,37.4644049000,-121.9157629000,2332.9280
1787575865.188,2026-08-24 17:51:05,2021-06-19 10:13:50.700,37.4660308400,-121.9157725800,2328.5180,555226.246000,37.4644805000,-121.9157630000,2332.8920
1787575865.289,2026-08-24 17:51:05,2021-06-19 10:13:50.800,37.4661017400,-121.9157725200,2328.6230,555226.351000,37.4645595000,-121.9157632000,2332.8470
1787575865.389,2026-08-24 17:51:05,2021-06-19 10:13:50.900,37.4661724500,-121.9157721600,2328.7180,555226.451000,37.4646349000,-121.9157634000,2332.8080
1787575865.490,2026-08-24 17:51:05,2021-06-19 10:13:51.000,37.4662427400,-121.9157723800,2328.7000,555226.551000,37.4647103000,-121.9157635000,2332.7790
1787575865.590,2026-08-24 17:51:05,2021-06-19 10:13:51.100,37.4663131800,-121.9157722600,2328.7190,555226.651000,37.4647857000,-121.9157636000,2332.7410
1787575865.691,2026-08-24 17:51:05,2021-06-19 10:13:51.200,37.4663839900,-121.9157724500,2328.7760,555226.751000,37.4648610000,-121.9157637000,2332.7020
1787575865.791,2026-08-24 17:51:05,2021-06-19 10:13:51.300,37.4664547300,-121.9157722100,2328.8570,555226.851000,37.4649364000,-121.9157638000,2332.6550
1787575865.892,2026-08-24 17:51:05,2021-06-19 10:13:51.400,37.4665253200,-121.9157722100,2328.8940,555226.951000,37.4650116000,-121.9157639000,2332.6170
1787575865.993,2026-08-24 17:51:05,2021-06-19 10:13:51.500,37.4665956000,-121.9157724100,2328.8450,555227.052000,37.4650907000,-121.9157644000,2332.4730
1787575866.093,2026-08-24 17:51:06,2021-06-19 10:13:51.600,37.4666664100,-121.9157723200,2328.8880,555227.152000,37.4651658000,-121.9157645000,2332.4360
1787575866.193,2026-08-24 17:51:06,2021-06-19 10:13:51.700,37.4667372700,-121.9157721000,2329.0740,555227.252000,37.4652409000,-121.9157646000,2332.4040
1787575866.294,2026-08-24 17:51:06,2021-06-19 10:13:51.800,37.4668080700,-121.9157719900,2329.0550,555227.357000,37.4653157000,-121.9157643000,2332.4620
1787575866.394,2026-08-24 17:51:06,2021-06-19 10:13:51.900,37.4668787900,-121.9157721400,2328.9740,555227.457000,37.4653868000,-121.9157641000,2332.5160
1787575866.495,2026-08-24 17:51:06,2021-06-19 10:13:52.000,37.4669495000,-121.9157725700,2328.8220,555227.552000,37.4654545000,-121.9157638000,2332.5660
1787575866.595,2026-08-24 17:51:06,2021-06-19 10:13:52.100,37.4670203400,-121.9157722300,2329.1180,555227.657000,37.4655292000,-121.9157636000,2332.6210
1787575866.696,2026-08-24 17:51:06,2021-06-19 10:13:52.200,37.4670906500,-121.9157722200,2329.1630,555227.757000,37.4656046000,-121.9157637000,2332.5730
1787575866.796,2026-08-24 17:51:06,2021-06-19 10:13:52.300,37.4671616800,-121.9157722900,2329.1410,555227.857000,37.4656799000,-121.9157638000,2332.5270
1787575866.896,2026-08-24 17:51:06,2021-06-19 10:13:52.400,37.4672322000,-121.9157723600,2329.0890,555227.957000,37.4657552000,-121.9157639000,2332.4810
1787575866.997,2026-08-24 17:51:06,2021-06-19 10:13:52.500,37.4673028900,-121.9157726300,2329.1640,555228.062000,37.4658340000,-121.9157640000,2332.4450
1787575867.098,2026-08-24 17:51:07,2021-06-19 10:13:52.600,37.4673734700,-121.9157723400,2329.3080,555228.162000,37.4659092000,-121.9157640000,2332.4090
1787575867.198,2026-08-24 17:51:07,2021-06-19 10:13:52.700,37.4674439300,-121.9157723500,2329.3060,555228.262000,37.4659844000,-121.9157641000,2332.3640
1787575867.299,2026-08-24 17:51:07,2021-06-19 10:13:52.800,37.4675149200,-121.9157723000,2329.2430,555228.362000,37.4660596000,-121.9157642000,2332.3300
1787575867.399,2026-08-24 17:51:07,2021-06-19 10:13:52.900,37.4675858500,-121.9157724300,2329.2590,555228.462000,37.4661347000,-121.9157643000,2332.2920
1787575867.500,2026-08-24 17:51:07,2021-06-19 10:13:53.000,37.4676562500,-121.9157725700,2329.2490,555228.562000,37.4662097000,-121.9157644000,2332.2510
1787575867.600,2026-08-24 17:51:07,2021-06-19 10:13:53.100,37.4677265200,-121.9157723400,2329.3140,555228.657000,37.4662811000,-121.9157645000,2332.2070
1787575867.701,2026-08-24 17:51:07,2021-06-19 10:13:53.200,37.4677972400,-121.9157724500,2329.1600,555228.757000,37.4663561000,-121.9157645000,2332.1770
1787575867.801,2026-08-24 17:51:07,2021-06-19 10:13:53.300,37.4678682700,-121.9157724100,2329.1860,555228.862000,37.4664383000,-121.9157649000,2332.0700
1787575867.902,2026-08-24 17:51:07,2021-06-19 10:13:53.400,37.4679390100,-121.9157724600,2329.2710,555228.962000,37.4665132000,-121.9157650000,2332.0390
1787575868.002,2026-08-24 17:51:08,2021-06-19 10:13:53.500,37.4680094800,-121.9157727700,2329.1720,555229.067000,37.4665916000,-121.9157650000,2332.0110
1787575868.103,2026-08-24 17:51:08,2021-06-19 10:13:53.600,37.4680798400,-121.9157726400,2329.1110,555229.162000,37.4666593000,-121.9157648000,2332.0350
1787575868.205,2026-08-24 17:51:08,2021-06-19 10:13:53.700,37.4681507200,-121.9157726700,2329.1430,555229.267000,37.4667340000,-121.9157646000,2332.0600
1787575868.306,2026-08-24 17:51:08,2021-06-19 10:13:53.800,37.4682217500,-121.9157724800,2329.2770,555229.367000,37.4668052000,-121.9157645000,2332.0840
1787575868.407,2026-08-24 17:51:08,2021-06-19 10:13:53.900,37.4682921400,-121.9157724900,2329.2430,555229.468000,37.4668802000,-121.9157646000,2332.0600
1787575868.507,2026-08-24 17:51:08,2021-06-19 10:13:54.000,37.4683629700,-121.9157726300,2329.1410,555229.568000,37.4669553000,-121.9157648000,2332.0260
1787575868.608,2026-08-24 17:51:08,2021-06-19 10:13:54.100,37.4684334200,-121.9157724900,2329.1530,555229.673000,37.4670339000,-121.9157648000,2332.0030
1787575868.710,2026-08-24 17:51:08,2021-06-19 10:13:54.200,37.4685044400,-121.9157726000,2329.2640,555229.768000,37.4671053000,-121.9157650000,2331.9730
1787575868.811,2026-08-24 17:51:08,2021-06-19 10:13:54.300,37.4685750700,-121.9157724300,2329.2750,555229.873000,37.4671838000,-121.9157651000,2331.9540
1787575868.912,2026-08-24 17:51:08,2021-06-19 10:13:54.400,37.4686459100,-121.9157724400,2329.1650,555229.973000,37.4672587000,-121.9157652000,2331.9140
1787575869.012,2026-08-24 17:51:09,2021-06-19 10:13:54.500,37.4687167700,-121.9157725800,2328.9870,555230.073000,37.4673335000,-121.9157653000,2331.8750
1787575869.113,2026-08-24 17:51:09,2021-06-19 10:13:54.700,37.4688581300,-121.9157724000,2329.1130,555230.173000,37.4674084000,-121.9157653000,2331.8520
1787575869.315,2026-08-24 17:51:09,2021-06-19 10:13:54.800,37.4689287400,-121.9157722000,2328.9880,555230.378000,37.4675651000,-121.9157656000,2331.7770
1787575869.416,2026-08-24 17:51:09,2021-06-19 10:13:54.900,37.4689992400,-121.9157722800,2328.9100,555230.478000,37.4676398000,-121.9157657000,2331.7470
1787575869.520,2026-08-24 17:51:09,2021-06-19 10:13:55.100,37.4691407500,-121.9157723600,2329.1640,555230.578000,37.4677145000,-121.9157658000,2331.7160
1787575869.622,2026-08-24 17:51:09,2021-06-19 10:13:55.200,37.4692111300,-121.9157723300,2329.0830,555230.683000,37.4677926000,-121.9157658000,2331.6960
1787575869.722,2026-08-24 17:51:09,2021-06-19 10:13:55.300,37.4692819900,-121.9157722600,2328.9670,555230.783000,37.4678672000,-121.9157659000,2331.6800
1787575869.822,2026-08-24 17:51:09,2021-06-19 10:13:55.400,37.4693528200,-121.9157721600,2329.1350,555230.883000,37.4679384000,-121.9157658000,2331.6830
1787575869.923,2026-08-24 17:51:09,2021-06-19 10:13:55.500,37.4694237900,-121.9157724900,2329.2380,555230.983000,37.4680095000,-121.9157657000,2331.6840
1787575870.032,2026-08-24 17:51:10,2021-06-19 10:13:55.600,37.4694944100,-121.9157722200,2329.2240,555231.098000,37.4680951000,-121.9157657000,2331.6530
1787575870.136,2026-08-24 17:51:10,2021-06-19 10:13:55.700,37.4695645700,-121.9157722800,2329.0900,555231.198000,37.4681662000,-121.9157656000,2331.6510
1787575870.237,2026-08-24 17:51:10,2021-06-19 10:13:55.800,37.4696355900,-121.9157721800,2329.2210,555231.298000,37.4682411000,-121.9157656000,2331.6240
1787575870.338,2026-08-24 17:51:10,2021-06-19 10:13:55.900,37.4697063400,-121.9157723600,2329.2720,555231.403000,37.4683195000,-121.9157658000,2331.5910
1787575870.439,2026-08-24 17:51:10,2021-06-19 10:13:56.000,37.4697768400,-121.9157723900,2329.2010,555231.498000,37.4683907000,-121.9157659000,2331.5590
1787575870.540,2026-08-24 17:51:10,2021-06-19 10:13:56.100,37.4698472100,-121.9157724500,2329.1230,555231.603000,37.4684691000,-121.9157660000,2331.5280
1787575870.641,2026-08-24 17:51:10,2021-06-19 10:13:56.200,37.4699174700,-121.9157723400,2329.1580,555231.703000,37.4685438000,-121.9157661000,2331.4940
1787575870.742,2026-08-24 17:51:10,2021-06-19 10:13:56.300,37.4699885500,-121.9157723600,2329.2980,555231.809000,37.4686256000,-121.9157663000,2331.4590
1787575870.843,2026-08-24 17:51:10,2021-06-19 10:13:56.400,37.4700593700,-121.9157723300,2329.2670,555231.909000,37.4687004000,-121.9157663000,2331.4170
1787575870.944,2026-08-24 17:51:10,2021-06-19 10:13:56.500,37.4701300800,-121.9157725300,2329.0730,555232.004000,37.4687714000,-121.9157665000,2331.3780
1787575871.044,2026-08-24 17:51:11,2021-06-19 10:13:56.600,37.4702005900,-121.9157723700,2329.2150,555232.109000,37.4688496000,-121.9157665000,2331.3490
1787575871.145,2026-08-24 17:51:11,2021-06-19 10:13:56.700,37.4702713800,-121.9157724300,2329.3050,555232.209000,37.4689242000,-121.9157666000,2331.3210
1787575871.245,2026-08-24 17:51:11,2021-06-19 10:13:56.800,37.4703424300,-121.9157722400,2329.2140,555232.309000,37.4689988000,-121.9157666000,2331.2950
1787575871.346,2026-08-24 17:51:11,2021-06-19 10:13:56.900,37.4704128900,-121.9157723100,2329.0890,555232.409000,37.4690734000,-121.9157667000,2331.2680
1787575871.447,2026-08-24 17:51:11,2021-06-19 10:13:57.000,37.4704836100,-121.9157725000,2329.0810,555232.509000,37.4691446000,-121.9157666000,2331.2520
1787575871.547,2026-08-24 17:51:11,2021-06-19 10:13:57.100,37.4705540700,-121.9157724500,2329.1440,555232.614000,37.4692192000,-121.9157666000,2331.2330
1787575871.647,2026-08-24 17:51:11,2021-06-19 10:13:57.200,37.4706249500,-121.9157724900,2329.0710,555232.714000,37.4692903000,-121.9157665000,2331.2140
1787575871.748,2026-08-24 17:51:11,2021-06-19 10:13:57.300,37.4706958600,-121.9157724300,2328.9160,555232.809000,37.4693578000,-121.9157665000,2331.1960
1787575871.849,2026-08-24 17:51:11,2021-06-19 10:13:57.400,37.4707664300,-121.9157722900,2329.0330,555232.909000,37.4694328000,-121.9157666000,2331.1600
1787575871.950,2026-08-24 17:51:11,2021-06-19 10:13:57.500,37.4708369800,-121.9157724400,2329.0480,555233.009000,37.4695077000,-121.9157666000,2331.1300
1787575872.051,2026-08-24 17:51:12,2021-06-19 10:13:57.600,37.4709078000,-121.9157723600,2329.0220,555233.109000,37.4695826000,-121.9157667000,2331.1060
1787575872.152,2026-08-24 17:51:12,2021-06-19 10:13:57.700,37.4709781300,-121.9157723900,2328.9100,555233.214000,37.4696610000,-121.9157667000,2331.0770
1787575872.253,2026-08-24 17:51:12,2021-06-19 10:13:57.800,37.4710490300,-121.9157722400,2329.0220,555233.319000,37.4697394000,-121.9157669000,2331.0600
1787575872.354,2026-08-24 17:51:12,2021-06-19 10:13:57.900,37.4711194000,-121.9157723700,2329.1010,555233.414000,37.4698105000,-121.9157669000,2331.0370
1787575872.454,2026-08-24 17:51:12,2021-06-19 10:13:58.000,37.4711906500,-121.9157725600,2329.0850,555233.519000,37.4698926000,-121.9157671000,2330.9960
1787575872.555,2026-08-24 17:51:12,2021-06-19 10:13:58.100,37.4712611600,-121.9157726600,2329.0800,555233.614000,37.4699638000,-121.9157672000,2330.9720
1787575872.655,2026-08-24 17:51:12,2021-06-19 10:13:58.200,37.4713315300,-121.9157724100,2329.1260,555233.719000,37.4700421000,-121.9157672000,2330.9540
1787575872.756,2026-08-24 17:51:12,2021-06-19 10:13:58.300,37.4714022800,-121.9157722800,2329.1660,555233.819000,37.4701167000,-121.9157672000,2330.9370
1787575872.856,2026-08-24 17:51:12,2021-06-19 10:13:58.400,37.4714730500,-121.9157725200,2329.1540,555233.919000,37.4701914000,-121.9157673000,2330.9140
1787575872.957,2026-08-24 17:51:12,2021-06-19 10:13:58.500,37.4715440900,-121.9157727500,2329.0410,555234.019000,37.4702660000,-121.9157674000,2330.8800
1787575873.058,2026-08-24 17:51:13,2021-06-19 10:13:58.600,37.4716144400,-121.9157727300,2329.0430,555234.124000,37.4703441000,-121.9157674000,2330.8580
1787575873.159,2026-08-24 17:51:13,2021-06-19 10:13:58.700,37.4716849400,-121.9157726500,2329.0600,555234.220000,37.4704152000,-121.9157675000,2330.8220
1787575873.260,2026-08-24 17:51:13,2021-06-19 10:13:58.800,37.4717560100,-121.9157726300,2328.9760,555234.320000,37.4704898000,-121.9157675000,2330.7870
1787575873.360,2026-08-24 17:51:13,2021-06-19 10:13:58.900,37.4718269300,-121.9157729200,2328.8830,555234.425000,37.4705680000,-121.9157676000,2330.7600
1787575873.461,2026-08-24 17:51:13,2021-06-19 10:13:59.000,37.4718978500,-121.9157728600,2329.0260,555234.525000,37.4706426000,-121.9157677000,2330.7260
1787575873.562,2026-08-24 17:51:13,2021-06-19 10:13:59.100,37.4719680100,-121.9157727400,2329.1690,555234.625000,37.4707171000,-121.9157677000,2330.6910
1787575873.663,2026-08-24 17:51:13,2021-06-19 10:13:59.200,37.4720385700,-121.9157724700,2329.1500,555234.725000,37.4707917000,-121.9157678000,2330.6670
1787575873.763,2026-08-24 17:51:13,2021-06-19 10:13:59.300,37.4721096100,-121.9157726000,2329.0350,555234.830000,37.4708697000,-121.9157678000,2330.6320
1787575873.863,2026-08-24 17:51:13,2021-06-19 10:13:59.400,37.4721804700,-121.9157725200,2329.0680,555234.925000,37.4709406000,-121.9157679000,2330.6010
1787575873.964,2026-08-24 17:51:13,2021-06-19 10:13:59.500,37.4722510700,-121.9157724300,2329.2240,555235.025000,37.4710151000,-121.9157679000,2330.5740
1787575874.064,2026-08-24 17:51:14,2021-06-19 10:13:59.600,37.4723213900,-121.9157723900,2329.2000,555235.125000,37.4710896000,-121.9157680000,2330.5440
1787575874.165,2026-08-24 17:51:14,2021-06-19 10:13:59.700,37.4723920800,-121.9157725600,2329.1350,555235.225000,37.4711675000,-121.9157680000,2330.5350
1787575874.266,2026-08-24 17:51:14,2021-06-19 10:13:59.800,37.4724627200,-121.9157724300,2329.2500,555235.330000,37.4712455000,-121.9157680000,2330.4940
1787575874.366,2026-08-24 17:51:14,2021-06-19 10:13:59.900,37.4725333600,-121.9157725700,2329.2150,555235.430000,37.4713200000,-121.9157681000,2330.4620
1787575874.466,2026-08-24 17:51:14,2021-06-19 10:14:00.000,37.4726043600,-121.9157725100,2329.1900,555235.530000,37.4713944000,-121.9157682000,2330.4350
1787575874.568,2026-08-24 17:51:14,2021-06-19 10:14:00.100,37.4726747100,-121.9157725400,2329.0560,555235.630000,37.4714688000,-121.9157682000,2330.4020
1787575874.669,2026-08-24 17:51:14,2021-06-19 10:14:00.200,37.4727456200,-121.9157725400,2329.2210,555235.735000,37.4715467000,-121.9157683000,2330.3590
1787575874.769,2026-08-24 17:51:14,2021-06-19 10:14:00.300,37.4728161700,-121.9157724200,2329.3060,555235.835000,37.4716210000,-121.9157684000,2330.3220
1787575874.869,2026-08-24 17:51:14,2021-06-19 10:14:00.400,37.4728869300,-121.9157724600,2329.2160,555235.935000,37.4716954000,-121.9157685000,2330.2940
1787575874.970,2026-08-24 17:51:14,2021-06-19 10:14:00.500,37.4729577800,-121.9157726400,2329.0560,555236.035000,37.4717697000,-121.9157686000,2330.2660
1787575875.070,2026-08-24 17:51:15,2021-06-19 10:14:00.600,37.4730284000,-121.9157724400,2329.2800,555236.130000,37.4718405000,-121.9157686000,2330.2420
1787575875.171,2026-08-24 17:51:15,2021-06-19 10:14:00.700,37.4730989200,-121.9157722800,2329.2910,555236.230000,37.4719148000,-121.9157687000,2330.2190
1787575875.271,2026-08-24 17:51:15,2021-06-19 10:14:00.800,37.4731697100,-121.9157722700,2329.2200,555236.335000,37.4719927000,-121.9157687000,2330.1930
1787575875.372,2026-08-24 17:51:15,2021-06-19 10:14:00.900,37.4732403400,-121.9157724100,2329.0730,555236.435000,37.4720670000,-121.9157688000,2330.1700
1787575875.473,2026-08-24 17:51:15,2021-06-19 10:14:01.000,37.4733111800,-121.9157724900,2329.1440,555236.535000,37.4721413000,-121.9157688000,2330.1480
1787575875.574,2026-08-24 17:51:15,2021-06-19 10:14:01.100,37.4733817300,-121.9157724900,2329.1690,555236.636000,37.4722156000,-121.9157689000,2330.1180
1787575875.674,2026-08-24 17:51:15,2021-06-19 10:14:01.200,37.4734520100,-121.9157724300,2329.0660,555236.736000,37.4722898000,-121.9157690000,2330.0930
1787575875.775,2026-08-24 17:51:15,2021-06-19 10:14:01.300,37.4735226600,-121.9157723100,2328.9960,555236.836000,37.4723641000,-121.9157690000,2330.0610
1787575875.876,2026-08-24 17:51:15,2021-06-19 10:14:01.400,37.4735934600,-121.9157722200,2329.1390,555236.941000,37.4724451000,-121.9157691000,2330.0550
1787575875.977,2026-08-24 17:51:15,2021-06-19 10:14:01.500,37.4736642500,-121.9157726800,2329.1370,555237.041000,37.4725193000,-121.9157691000,2330.0330
1787575876.078,2026-08-24 17:51:16,2021-06-19 10:14:01.600,37.4737346200,-121.9157724400,2329.0940,555237.141000,37.4725935000,-121.9157692000,2330.0010
1787575876.179,2026-08-24 17:51:16,2021-06-19 10:14:01.700,37.4738050000,-121.9157723600,2328.9990,555237.246000,37.4726712000,-121.9157692000,2329.9710
1787575876.279,2026-08-24 17:51:16,2021-06-19 10:14:01.800,37.4738759600,-121.9157723600,2329.0870,555237.341000,37.4727420000,-121.9157693000,2329.9520
1787575876.380,2026-08-24 17:51:16,2021-06-19 10:14:01.900,37.4739467700,-121.9157723500,2329.1240,555237.446000,37.4728197000,-121.9157693000,2329.9220
1787575876.480,2026-08-24 17:51:16,2021-06-19 10:14:02.000,37.4740177100,-121.9157725100,2329.0420,555237.546000,37.4728940000,-121.9157693000,2329.8930
1787575876.581,2026-08-24 17:51:16,2021-06-19 10:14:02.100,37.4740882800,-121.9157724800,2329.0340,555237.646000,37.4729682000,-121.9157693000,2329.8690
1787575876.682,2026-08-24 17:51:16,2021-06-19 10:14:02.200,37.4741587400,-121.9157723100,2329.1370,555237.746000,37.4730424000,-121.9157694000,2329.8400
1787575876.783,2026-08-24 17:51:16,2021-06-19 10:14:02.300,37.4742298400,-121.9157724500,2329.2010,555237.846000,37.4731166000,-121.9157694000,2329.8210
1787575876.883,2026-08-24 17:51:16,2021-06-19 10:14:02.400,37.4743004500,-121.9157725000,2329.0840,555237.951000,37.4731943000,-121.9157695000,2329.7890
1787575876.985,2026-08-24 17:51:16,2021-06-19 10:14:02.500,37.4743711400,-121.9157726800,2329.0170,555238.051000,37.4732684000,-121.9157695000,2329.7550
1787575877.086,2026-08-24 17:51:17,2021-06-19 10:14:02.600,37.4744414900,-121.9157726500,2329.0230,555238.151000,37.4733425000,-121.9157696000,2329.7220
1787575877.186,2026-08-24 17:51:17,2021-06-19 10:14:02.700,37.4745122600,-121.9157726800,2329.0240,555238.251000,37.4734167000,-121.9157697000,2329.6870
1787575877.287,2026-08-24 17:51:17,2021-06-19 10:14:02.800,37.4745830900,-121.9157727200,2328.8960,555238.351000,37.4734909000,-121.9157697000,2329.6590
1787575877.388,2026-08-24 17:51:17,2021-06-19 10:14:02.900,37.4746536100,-121.9157725900,2328.9660,555238.451000,37.4735649000,-121.9157697000,2329.6280
1787575877.489,2026-08-24 17:51:17,2021-06-19 10:14:03.000,37.4747242400,-121.9157725600,2329.0570,555238.556000,37.4736457000,-121.9157698000,2329.6320
1787575877.590,2026-08-24 17:51:17,2021-06-19 10:14:03.100,37.4747946200,-121.9157727400,2329.1330,555238.656000,37.4737198000,-121.9157698000,2329.6080
1787575877.691,2026-08-24 17:51:17,2021-06-19 10:14:03.200,37.4748654000,-121.9157727200,2329.1130,555238.756000,37.4737940000,-121.9157698000,2329.5800
1787575877.792,2026-08-24 17:51:17,2021-06-19 10:14:03.300,37.4749361400,-121.9157723000,2329.2000,555238.856000,37.4738681000,-121.9157699000,2329.5560
1787575877.892,2026-08-24 17:51:17,2021-06-19 10:14:03.400,37.4750069900,-121.9157721800,2329.2920,555238.956000,37.4739423000,-121.9157699000,2329.5270
1787575877.993,2026-08-24 17:51:17,2021-06-19 10:14:03.500,37.4750773800,-121.9157727000,2329.2790,555239.056000,37.4740164000,-121.9157699000,2329.4990
1787575878.093,2026-08-24 17:51:18,2021-06-19 10:14:03.600,37.4751481300,-121.9157727200,2329.2440,555239.157000,37.4740905000,-121.9157700000,2329.4740
1787575878.194,2026-08-24 17:51:18,2021-06-19 10:14:03.700,37.4752187600,-121.9157722800,2329.3090,555239.257000,37.4741646000,-121.9157700000,2329.4410
1787575878.294,2026-08-24 17:51:18,2021-06-19 10:14:03.800,37.4752895800,-121.9157722700,2329.3440,555239.357000,37.4742388000,-121.9157701000,2329.4220
1787575878.395,2026-08-24 17:51:18,2021-06-19 10:14:03.900,37.4753599400,-121.9157722800,2329.3790,555239.462000,37.4743164000,-121.9157701000,2329.3840
1787575878.496,2026-08-24 17:51:18,2021-06-19 10:14:04.000,37.4754305800,-121.9157725700,2329.2670,555239.562000,37.4743904000,-121.9157701000,2329.3520
1787575878.596,2026-08-24 17:51:18,2021-06-19 10:14:04.100,37.4755012400,-121.9157723100,2329.4750,555239.662000,37.4744644000,-121.9157702000,2329.3240
1787575878.696,2026-08-24 17:51:18,2021-06-19 10:14:04.200,37.4755716400,-121.9157720700,2329.4830,555239.767000,37.4745420000,-121.9157702000,2329.2900
1787575878.797,2026-08-24 17:51:18,2021-06-19 10:14:04.300,37.4756424200,-121.9157722200,2329.3990,555239.862000,37.4746126000,-121.9157703000,2329.2680
1787575878.897,2026-08-24 17:51:18,2021-06-19 10:14:04.400,37.4757133700,-121.9157723400,2329.3270,555239.962000,37.4746867000,-121.9157703000,2329.2370
1787575878.997,2026-08-24 17:51:18,2021-06-19 10:14:04.500,37.4757843900,-121.9157723400,2329.4870,555240.062000,37.4747607000,-121.9157704000,2329.2060
1787575879.098,2026-08-24 17:51:19,2021-06-19 10:14:04.600,37.4758546100,-121.9157721100,2329.5370,555240.162000,37.4748348000,-121.9157704000,2329.1780
1787575879.199,2026-08-24 17:51:19,2021-06-19 10:14:04.700,37.4759248000,-121.9157723800,2329.5170,555240.262000,37.4749118000,-121.9157704000,2329.1910
1787575879.300,2026-08-24 17:51:19,2021-06-19 10:14:04.800,37.4759959000,-121.9157723900,2329.3420,555240.367000,37.4749894000,-121.9157704000,2329.1660
1787575879.401,2026-08-24 17:51:19,2021-06-19 10:14:04.900,37.4760669700,-121.9157721900,2329.4210,555240.467000,37.4750635000,-121.9157705000,2329.1380
1787575879.501,2026-08-24 17:51:19,2021-06-19 10:14:05.000,37.4761377400,-121.9157723700,2329.3940,555240.567000,37.4751375000,-121.9157706000,2329.1130
1787575879.601,2026-08-24 17:51:19,2021-06-19 10:14:05.100,37.4762080400,-121.9157725400,2329.3650,555240.667000,37.4752115000,-121.9157707000,2329.0910
1787575879.702,2026-08-24 17:51:19,2021-06-19 10:14:05.200,37.4762786100,-121.9157724900,2329.2580,555240.767000,37.4752856000,-121.9157707000,2329.0690
1787575879.803,2026-08-24 17:51:19,2021-06-19 10:14:05.300,37.4763497800,-121.9157724500,2329.3700,555240.872000,37.4753631000,-121.9157708000,2329.0390
1787575879.903,2026-08-24 17:51:19,2021-06-19 10:14:05.400,37.4764203300,-121.9157722200,2329.3430,555240.972000,37.4754372000,-121.9157708000,2329.0110
1787575880.004,2026-08-24 17:51:20,2021-06-19 10:14:05.500,37.4764909500,-121.9157727000,2329.2440,555241.067000,37.4755076000,-121.9157708000,2328.9960
1787575880.104,2026-08-24 17:51:20,2021-06-19 10:14:05.600,37.4765615100,-121.9157723700,2329.3300,555241.172000,37.4755852000,-121.9157709000,2328.9740
1787575880.205,2026-08-24 17:51:20,2021-06-19 10:14:05.700,37.4766323400,-121.9157724200,2329.4390,555241.272000,37.4756593000,-121.9157709000,2328.9530
1787575880.305,2026-08-24 17:51:20,2021-06-19 10:14:05.800,37.4767031800,-121.9157724300,2329.4530,555241.367000,37.4757298000,-121.9157710000,2328.9330
1787575880.405,2026-08-24 17:51:20,2021-06-19 10:14:05.900,37.4767736300,-121.9157724700,2329.3750,555241.473000,37.4758073000,-121.9157710000,2328.9130
1787575880.506,2026-08-24 17:51:20,2021-06-19 10:14:06.000,37.4768446000,-121.9157725100,2329.4130,555241.573000,37.4758813000,-121.9157710000,2328.8970
1787575880.606,2026-08-24 17:51:20,2021-06-19 10:14:06.100,37.4769151900,-121.9157721900,2329.5480,555241.673000,37.4759553000,-121.9157711000,2328.8780
1787575880.707,2026-08-24 17:51:20,2021-06-19 10:14:06.200,37.4769856800,-121.9157723800,2329.4790,555241.773000,37.4760293000,-121.9157712000,2328.8490
1787575880.808,2026-08-24 17:51:20,2021-06-19 10:14:06.300,37.4770561500,-121.9157726600,2329.3380,555241.873000,37.4761033000,-121.9157712000,2328.8290
1787575880.908,2026-08-24 17:51:20,2021-06-19 10:14:06.400,37.4771272600,-121.9157724600,2329.4320,555241.978000,37.4761839000,-121.9157712000,2328.8490
1787575881.008,2026-08-24 17:51:21,2021-06-19 10:14:06.500,37.4771980300,-121.9157726400,2329.3360,555242.073000,37.4762543000,-121.9157712000,2328.8280
1787575881.109,2026-08-24 17:51:21,2021-06-19 10:14:06.600,37.4772690500,-121.9157727600,2329.3580,555242.173000,37.4763284000,-121.9157713000,2328.8060
1787575881.209,2026-08-24 17:51:21,2021-06-19 10:14:06.700,37.4773394800,-121.9157728700,2329.2850,555242.278000,37.4764059000,-121.9157713000,2328.7860
1787575881.309,2026-08-24 17:51:21,2021-06-19 10:14:06.800,37.4774101500,-121.9157725400,2329.4000,555242.373000,37.4764763000,-121.9157714000,2328.7730
1787575881.410,2026-08-24 17:51:21,2021-06-19 10:14:06.900,37.4774808300,-121.9157721900,2329.3930,555242.473000,37.4765504000,-121.9157715000,2328.7480
1787575881.510,2026-08-24 17:51:21,2021-06-19 10:14:07.000,37.4775518300,-121.9157725100,2329.3080,555242.573000,37.4766243000,-121.9157715000,2328.7260
1787575881.611,2026-08-24 17:51:21,2021-06-19 10:14:07.100,37.4776223800,-121.9157724500,2329.4000,555242.678000,37.4767019000,-121.9157715000,2328.7020
1787575881.712,2026-08-24 17:51:21,2021-06-19 10:14:07.200,37.4776927600,-121.9157723800,2329.5090,555242.783000,37.4767794000,-121.9157716000,2328.6800
1787575881.812,2026-08-24 17:51:21,2021-06-19 10:14:07.300,37.4777637600,-121.9157719600,2329.5250,555242.883000,37.4768535000,-121.9157715000,2328.6630
1787575881.913,2026-08-24 17:51:21,2021-06-19 10:14:07.400,37.4778345700,-121.9157715300,2329.5130,555242.983000,37.4769275000,-121.9157714000,2328.6440
1787575882.014,2026-08-24 17:51:22,2021-06-19 10:14:07.500,37.4779053400,-121.9157709200,2329.6050,555243.083000,37.4770016000,-121.9157713000,2328.6220
1787575882.115,2026-08-24 17:51:22,2021-06-19 10:14:07.600,37.4779758700,-121.9157695800,2329.7110,555243.183000,37.4770756000,-121.9157712000,2328.6000
1787575882.215,2026-08-24 17:51:22,2021-06-19 10:14:07.700,37.4780463500,-121.9157680600,2329.6510,555243.283000,37.4771498000,-121.9157711000,2328.5750
1787575882.316,2026-08-24 17:51:22,2021-06-19 10:14:07.800,37.4781171600,-121.9157666700,2329.5220,555243.378000,37.4772204000,-121.9157709000,2328.5610
1787575882.417,2026-08-24 17:51:22,2021-06-19 10:14:07.900,37.4781879100,-121.9157650300,2329.6740,555243.483000,37.4772982000,-121.9157706000,2328.5380
1787575882.517,2026-08-24 17:51:22,2021-06-19 10:14:08.000,37.4782583400,-121.9157632500,2329.7150,555243.583000,37.4773724000,-121.9157704000,2328.5180
1787575882.618,2026-08-24 17:51:22,2021-06-19 10:14:08.100,37.4783289500,-121.9157606900,2329.7020,555243.688000,37.4774525000,-121.9157712000,2328.5420
1787575882.719,2026-08-24 17:51:22,2021-06-19 10:14:08.200,37.4783993400,-121.9157585000,2329.5660,555243.788000,37.4775266000,-121.9157704000,2328.5240
1787575882.819,2026-08-24 17:51:22,2021-06-19 10:14:08.300,37.4784703600,-121.9157559400,2329.7540,555243.884000,37.4775973000,-121.9157694000,2328.5160
1787575882.920,2026-08-24 17:51:22,2021-06-19 10:14:08.400,37.4785409300,-121.9157530900,2329.7920,555243.984000,37.4776716000,-121.9157681000,2328.5080
1787575883.023,2026-08-24 17:51:23,2021-06-19 10:14:08.600,37.4786815300,-121.9157467300,2329.7110,555244.089000,37.4777493000,-121.9157665000,2328.4830
1787575883.123,2026-08-24 17:51:23,2021-06-19 10:14:08.700,37.4787523900,-121.9157433600,2329.8440,555244.189000,37.4778235000,-121.9157649000,2328.4650
1787575883.223,2026-08-24 17:51:23,2021-06-19 10:14:08.800,37.4788230300,-121.9157394300,2329.8580,555244.289000,37.4778977000,-121.9157630000,2328.4480
1787575883.323,2026-08-24 17:51:23,2021-06-19 10:14:08.900,37.4788937800,-121.9157354600,2329.7680,555244.394000,37.4779756000,-121.9157608000,2328.4280
1787575883.424,2026-08-24 17:51:23,2021-06-19 10:14:09.000,37.4789645100,-121.9157316300,2329.6670,555244.494000,37.4780498000,-121.9157584000,2328.4140
1787575883.524,2026-08-24 17:51:23,2021-06-19 10:14:09.100,37.4790348200,-121.9157271900,2329.8330,555244.594000,37.4781240000,-121.9157559000,2328.3980
1787575883.626,2026-08-24 17:51:23,2021-06-19 10:14:09.200,37.4791053000,-121.9157226600,2329.8150,555244.694000,37.4781982000,-121.9157531000,2328.3800
1787575883.733,2026-08-24 17:51:23,2021-06-19 10:14:09.300,37.4791763200,-121.9157175100,2329.6750,555244.804000,37.4782797000,-121.9157497000,2328.3700
1787575883.834,2026-08-24 17:51:23,2021-06-19 10:14:09.400,37.4792469100,-121.9157123100,2329.7270,555244.904000,37.4783538000,-121.9157464000,2328.3640
1787575883.937,2026-08-24 17:51:23,2021-06-19 10:14:09.500,37.4793175400,-121.9157070900,2329.8550,555245.009000,37.4784315000,-121.9157426000,2328.3450
1787575884.038,2026-08-24 17:51:24,2021-06-19 10:14:09.600,37.4793878900,-121.9157014700,2330.0020,555245.104000,37.4785020000,-121.9157391000,2328.3320
1787575884.138,2026-08-24 17:51:24,2021-06-19 10:14:09.700,37.4794582000,-121.9156958600,2329.8920,555245.209000,37.4785815000,-121.9157351000,2328.3660
1787575884.239,2026-08-24 17:51:24,2021-06-19 10:14:09.800,37.4795292700,-121.9156895800,2329.9090,555245.309000,37.4786556000,-121.9157309000,2328.3540
1787575884.339,2026-08-24 17:51:24,2021-06-19 10:14:09.900,37.4795994600,-121.9156834300,2329.9960,555245.404000,37.4787260000,-121.9157267000,2328.3490
1787575884.439,2026-08-24 17:51:24,2021-06-19 10:14:10.000,37.4796700200,-121.9156771400,2330.0160,555245.504000,37.4788000000,-121.9157220000,2328.3410
1787575884.540,2026-08-24 17:51:24,2021-06-19 10:14:10.100,37.4797400900,-121.9156705300,2329.9490,555245.604000,37.4788741000,-121.9157170000,2328.3250
1787575884.640,2026-08-24 17:51:24,2021-06-19 10:14:10.200,37.4798103600,-121.9156636500,2329.8720,555245.709000,37.4789517000,-121.9157115000,2328.3140
1787575884.741,2026-08-24 17:51:24,2021-06-19 10:14:10.300,37.4798809500,-121.9156564400,2329.8840,555245.809000,37.4790258000,-121.9157061000,2328.3140
1787575884.842,2026-08-24 17:51:24,2021-06-19 10:14:10.400,37.4799518000,-121.9156491400,2329.8040,555245.909000,37.4790997000,-121.9157004000,2328.3060
1787575884.943,2026-08-24 17:51:24,2021-06-19 10:14:10.500,37.4800223400,-121.9156419700,2329.6320,555246.014000,37.4791773000,-121.9156942000,2328.3030
1787575885.044,2026-08-24 17:51:25,2021-06-19 10:14:10.600,37.4800923500,-121.9156339500,2329.8010,555246.114000,37.4792513000,-121.9156880000,2328.2910
1787575885.145,2026-08-24 17:51:25,2021-06-19 10:14:10.700,37.4801624400,-121.9156259900,2329.8550,555246.214000,37.4793253000,-121.9156817000,2328.2910
1787575885.246,2026-08-24 17:51:25,2021-06-19 10:14:10.800,37.4802329800,-121.9156175900,2329.8130,555246.314000,37.4793992000,-121.9156750000,2328.2820
1787575885.347,2026-08-24 17:51:25,2021-06-19 10:14:10.900,37.4803033800,-121.9156092500,2329.7390,555246.415000,37.4794731000,-121.9156681000,2328.2760
1787575885.448,2026-08-24 17:51:25,2021-06-19 10:14:11.000,37.4803736900,-121.9156005900,2329.8850,555246.515000,37.4795471000,-121.9156610000,2328.2690
1787575885.549,2026-08-24 17:51:25,2021-06-19 10:14:11.100,37.4804439300,-121.9155917000,2329.9720,555246.620000,37.4796246000,-121.9156533000,2328.2630
1787575885.649,2026-08-24 17:51:25,2021-06-19 10:14:11.200,37.4805141800,-121.9155822900,2329.8990,555246.715000,37.4796947000,-121.9156460000,2328.2560
1787575885.750,2026-08-24 17:51:25,2021-06-19 10:14:11.300,37.4805848800,-121.9155731000,2329.8210,555246.815000,37.4797685000,-121.9156383000,2328.2500
1787575885.851,2026-08-24 17:51:25,2021-06-19 10:14:11.400,37.4806552100,-121.9155636800,2329.9020,555246.920000,37.4798477000,-121.9156296000,2328.2830
1787575885.952,2026-08-24 17:51:25,2021-06-19 10:14:11.500,37.4807255500,-121.9155540600,2329.8750,555247.020000,37.4799215000,-121.9156213000,2328.2810
1787575886.052,2026-08-24 17:51:26,2021-06-19 10:14:11.600,37.4807954500,-121.9155438200,2329.8330,555247.125000,37.4799989000,-121.9156123000,2328.2790
1787575886.153,2026-08-24 17:51:26,2021-06-19 10:14:11.700,37.4808653200,-121.9155336600,2329.7380,555247.220000,37.4800690000,-121.9156039000,2328.2770
1787575886.253,2026-08-24 17:51:26,2021-06-19 10:14:11.800,37.4809358600,-121.9155231600,2329.8720,555247.320000,37.4801428000,-121.9155949000,2328.2850
1787575886.354,2026-08-24 17:51:26,2021-06-19 10:14:11.900,37.4810058500,-121.9155124000,2329.8850,555247.420000,37.4802165000,-121.9155856000,2328.2940
1787575886.454,2026-08-24 17:51:26,2021-06-19 10:14:12.000,37.4810761700,-121.9155013700,2329.8170,555247.525000,37.4802937000,-121.9155757000,2328.2950
1787575886.555,2026-08-24 17:51:26,2021-06-19 10:14:12.100,37.4811462400,-121.9154902600,2329.7790,555247.620000,37.4803639000,-121.9155664000,2328.2960
1787575886.656,2026-08-24 17:51:26,2021-06-19 10:14:12.200,37.4812164000,-121.9154787400,2329.9880,555247.725000,37.4804411000,-121.9155560000,2328.3030
1787575886.758,2026-08-24 17:51:26,2021-06-19 10:14:12.300,37.4812865300,-121.9154669900,2330.0080,555247.825000,37.4805148000,-121.9155457000,2328.3060
1787575886.858,2026-08-24 17:51:26,2021-06-19 10:14:12.400,37.4813567100,-121.9154549800,2329.9480,555247.925000,37.4805884000,-121.9155352000,2328.3110
1787575886.959,2026-08-24 17:51:26,2021-06-19 10:14:12.500,37.4814269100,-121.9154431600,2329.8620,555248.025000,37.4806619000,-121.9155246000,2328.3130
1787575887.060,2026-08-24 17:51:27,2021-06-19 10:14:12.600,37.4814966700,-121.9154308700,2329.9830,555248.125000,37.4807354000,-121.9155136000,2328.3170
1787575887.160,2026-08-24 17:51:27,2021-06-19 10:14:12.700,37.4815665700,-121.9154184700,2329.9710,555248.230000,37.4808126000,-121.9155019000,2328.3170
1787575887.261,2026-08-24 17:51:27,2021-06-19 10:14:12.800,37.4816366100,-121.9154056000,2329.7950,555248.330000,37.4808860000,-121.9154906000,2328.3240
1787575887.362,2026-08-24 17:51:27,2021-06-19 10:14:12.900,37.4817066400,-121.9153923000,2329.8300,555248.430000,37.4809595000,-121.9154789000,2328.3290
1787575887.463,2026-08-24 17:51:27,2021-06-19 10:14:13.000,37.4817766300,-121.9153792100,2329.8710,555248.530000,37.4810352000,-121.9154665000,2328.3800
1787575887.564,2026-08-24 17:51:27,2021-06-19 10:14:13.100,37.4818464800,-121.9153659700,2329.9280,555248.635000,37.4811123000,-121.9154538000,2328.3840
1787575887.665,2026-08-24 17:51:27,2021-06-19 10:14:13.200,37.4819161300,-121.9153523100,2329.7790,555248.730000,37.4811821000,-121.9154419000,2328.3910
1787575887.766,2026-08-24 17:51:27,2021-06-19 10:14:13.300,37.4819860100,-121.9153384000,2329.7800,555248.836000,37.4812590000,-121.9154287000,2328.3920
1787575887.867,2026-08-24 17:51:27,2021-06-19 10:14:13.400,37.4820558900,-121.9153241400,2329.9280,555248.936000,37.4813324000,-121.9154158000,2328.3940
1787575887.968,2026-08-24 17:51:27,2021-06-19 10:14:13.500,37.4821259400,-121.9153102800,2329.8870,555249.036000,37.4814057000,-121.9154026000,2328.3960
1787575888.068,2026-08-24 17:51:28,2021-06-19 10:14:13.600,37.4821957200,-121.9152955900,2329.8400,555249.141000,37.4814826000,-121.9153887000,2328.3970
1787575888.169,2026-08-24 17:51:28,2021-06-19 10:14:13.700,37.4822652600,-121.9152808100,2329.8710,555249.241000,37.4815559000,-121.9153751000,2328.4060
1787575888.270,2026-08-24 17:51:28,2021-06-19 10:14:13.800,37.4823350200,-121.9152657900,2329.9100,555249.336000,37.4816256000,-121.9153620000,2328.4050
1787575888.371,2026-08-24 17:51:28,2021-06-19 10:14:13.900,37.4824050300,-121.9152504300,2329.9490,555249.441000,37.4817023000,-121.9153473000,2328.4010
1787575888.471,2026-08-24 17:51:28,2021-06-19 10:14:14.000,37.4824745300,-121.9152354800,2329.7970,555249.541000,37.4817755000,-121.9153330000,2328.4100
1787575888.572,2026-08-24 17:51:28,2021-06-19 10:14:14.100,37.4825439500,-121.9152197100,2329.8520,555249.641000,37.4818488000,-121.9153184000,2328.4130
1787575888.673,2026-08-24 17:51:28,2021-06-19 10:14:14.200,37.4826127300,-121.9152040900,2329.8480,555249.741000,37.4819219000,-121.9153036000,2328.4270
1787575888.774,2026-08-24 17:51:28,2021-06-19 10:14:14.300,37.4826824700,-121.9151880300,2329.7650,555249.846000,37.4819985000,-121.9152879000,2328.4330
1787575888.874,2026-08-24 17:51:28,2021-06-19 10:14:14.400,37.4827522400,-121.9151720400,2329.6540,555249.946000,37.4820716000,-121.9152726000,2328.4420
1787575888.975,2026-08-24 17:51:28,2021-06-19 10:14:14.500,37.4828213900,-121.9151556100,2329.7480,555250.041000,37.4821410000,-121.9152578000,2328.4580
1787575889.076,2026-08-24 17:51:29,2021-06-19 10:14:14.600,37.4828909700,-121.9151385300,2329.9160,555250.146000,37.4822200000,-121.9152405000,2328.5050
1787575889.176,2026-08-24 17:51:29,2021-06-19 10:14:14.700,37.4829599600,-121.9151213500,2329.8690,555250.241000,37.4822895000,-121.9152252000,2328.5230
1787575889.277,2026-08-24 17:51:29,2021-06-19 10:14:14.800,37.4830299100,-121.9151042800,2329.7750,555250.346000,37.4823660000,-121.9152082000,2328.5310
1787575889.378,2026-08-24 17:51:29,2021-06-19 10:14:14.900,37.4830994200,-121.9150870300,2329.9110,555250.446000,37.4824389000,-121.9151917000,2328.5260
1787575889.479,2026-08-24 17:51:29,2021-06-19 10:14:15.000,37.4831686700,-121.9150692000,2329.9740,555250.551000,37.4825152000,-121.9151742000,2328.5250
1787575889.580,2026-08-24 17:51:29,2021-06-19 10:14:15.100,37.4832377900,-121.9150511800,2330.0360,555250.651000,37.4825880000,-121.9151571000,2328.5320
1787575889.680,2026-08-24 17:51:29,2021-06-19 10:14:15.200,37.4833066300,-121.9150331500,2329.9720,555250.746000,37.4826573000,-121.9151408000,2328.5400
1787575889.781,2026-08-24 17:51:29,2021-06-19 10:14:15.300,37.4833763700,-121.9150149600,2330.0990,555250.856000,37.4827371000,-121.9151216000,2328.5550
1787575889.883,2026-08-24 17:51:29,2021-06-19 10:14:15.400,37.4834455500,-121.9149962200,2330.1170,555250.956000,37.4828098000,-121.9151039000,2328.5620
1787575889.983,2026-08-24 17:51:29,2021-06-19 10:14:15.500,37.4835146900,-121.9149777500,2330.0920,555251.051000,37.4828789000,-121.9150868000,2328.5690
1787575890.084,2026-08-24 17:51:30,2021-06-19 10:14:15.600,37.4835831700,-121.9149589200,2330.0470,555251.151000,37.4829515000,-121.9150686000,2328.5760
1787575890.185,2026-08-24 17:51:30,2021-06-19 10:14:15.700,37.4836519700,-121.9149397200,2330.1590,555251.257000,37.4830276000,-121.9150493000,2328.5890
1787575890.285,2026-08-24 17:51:30,2021-06-19 10:14:15.800,37.4837213500,-121.9149200600,2330.2480,555251.357000,37.4831001000,-121.9150306000,2328.6060
1787575890.385,2026-08-24 17:51:30,2021-06-19 10:14:15.900,37.4837899400,-121.9149005100,2330.2260,555251.457000,37.4831726000,-121.9150117000,2328.6100
1787575890.486,2026-08-24 17:51:30,2021-06-19 10:14:16.000,37.4838589900,-121.9148809600,2330.0890,555251.557000,37.4832452000,-121.9149925000,2328.6260
1787575890.587,2026-08-24 17:51:30,2021-06-19 10:14:16.100,37.4839278700,-121.9148606800,2330.2060,555251.662000,37.4833211000,-121.9149721000,2328.6410
1787575890.688,2026-08-24 17:51:30,2021-06-19 10:14:16.200,37.4839968800,-121.9148402700,2330.2690,555251.757000,37.4833900000,-121.9149534000,2328.6580
1787575890.788,2026-08-24 17:51:30,2021-06-19 10:14:16.300,37.4840656900,-121.9148196300,2330.2760,555251.857000,37.4834650000,-121.9149326000,2328.6890
1787575890.888,2026-08-24 17:51:30,2021-06-19 10:14:16.400,37.4841340600,-121.9147991000,2330.1820,555251.957000,37.4835373000,-121.9149125000,2328.7030
