3 init_rtcm:
3 loadnav: file=.pocket_navdata.csv
3 sortobs: nobs=0
3 1970/01/01 00:00:00.000000000 -90.00000000    0.00000000 -6378137.00 0  0/ 0 DTR=0.0 0.0 0.0 0.0 (no valid pseudorange observation)
3 G30 L1CA   30 2162 554766.300 554766.223  0.000808049  0.077808049
3 G03 L1CA    3 2162 554766.300 554766.217  0.000660036  0.083660036
3 G09 L1CA    9 2162 554766.300 554766.233  0.000688601  0.067688601
3 G07 L1CA    7 2162 554766.300 554766.230  0.000574341  0.070574341
3 G16 L1CA   16 2162 554766.300 554766.223  0.000058516  0.077058516
3 G14 L1CA   14 2162 554766.300 554766.216  0.000431193  0.084431193
3 G27 L1CA   27 2162 554766.300 554766.223  0.000468410  0.077468410
3 G04 L1CA    4 2162 554766.300 554766.229  0.000469068  0.071469068
3 G08 L1CA    8 2162 554766.300 554766.223  0.000704125  0.077704125
3 sortobs: nobs=9
3 pntpos  : tobs=2021/06/19 10:06:06.300 n=9
3 satposs : teph=2021/06/19 10:06:06.300 n=9 ephopt=0
3 estpos  : n=9
3 resprng : n=9
3 resprng : n=9
3 resprng : n=9
3 resprng : n=9
3 resprng : n=9
3 resprng : n=9
3 valsol  : n=9 nv=11
3 estvel  : n=9
3 resdop  : n=9
3 resdop  : n=9
3 satposs : teph=2021/06/19 10:06:06.300 n=9 ephopt=0
3 2021/06/19 10:06:06.299999982  37.35271739 -121.91576617    21.99 5  7/ 9 DTR=17.6 0.0 0.0 0.0 ()
3 G03 0 52.6 171.7  7.7        0.000
3 G04 1 50.6 112.3 49.4        0.279
3 G07 1 51.2 300.0 60.8       -0.460
3 G08 1 52.3 120.3 22.4       -0.051
3 G09 1 49.7  38.8 82.6        0.163
3 G14 0 50.4 211.4  4.2        0.000
3 G16 1 51.1  43.7 25.3        0.501
3 G27 1 51.8  85.6 22.8       -0.551
3 G30 1 52.6 269.0 27.0        0.234
3 G30 L1CA   30 2162 554766.400 554766.323  0.000807901  0.077807901
3 G03 L1CA    3 2162 554766.400 554766.317  0.000660274  0.083660274
3 G09 L1CA    9 2162 554766.400 554766.333  0.000688593  0.067688593
3 G16 L1CA   16 2162 554766.400 554766.323  0.000058723  0.077058724
3 G07 L1CA    7 2162 554766.400 554766.330  0.000574286  0.070574286
3 G14 L1CA   14 2162 554766.400 554766.316  0.000430956  0.084430956
3 G27 L1CA   27 2162 554766.400 554766.323  0.000468336  0.077468336
3 G04 L1CA    4 2162 554766.400 554766.329  0.000469188  0.071469188
3 G08 L1CA    8 2162 554766.400 554766.323  0.000703967  0.077703967
3 sortobs: nobs=9
3 pntpos  : tobs=2021/06/19 10:06:06.400 n=9
3 satposs : teph=2021/06/19 10:06:06.400 n=9 ephopt=0
3 estpos  : n=9
3 resprng : n=9
3 resprng : n=9
3 resprng : n=9
3 resprng : n=9
3 valsol  : n=9 nv=11
3 estvel  : n=9
3 resdop  : n=9
3 resdop  : n=9
3 satposs : teph=2021/06/19 10:06:06.400 n=9 ephopt=0
3 2021/06/19 10:06:06.399999982  37.35271767 -121.91576608    21.99 5  7/ 9 DTR=17.6 0.0 0.0 0.0 ()
3 G03 0 52.6 171.7  7.7        0.000
3 G04 1 49.7 112.3 49.4        0.297
3 G07 1 51.2 300.0 60.8       -0.447
3 G08 1 52.3 120.3 22.4       -0.061
3 G09 1 49.6  38.8 82.6        0.143
3 G14 0 50.1 211.4  4.2        0.000
3 G16 1 51.1  43.7 25.3        0.502
3 G27 1 51.8  85.6 22.8       -0.553
3 G30 1 52.6 269.0 27.0        0.230
3 G30 L1CA   30 2162 554766.500 554766.423  0.000807753  0.077807753
3 G03 L1CA    3 2162 554766.500 554766.417  0.000660511  0.083660512
3 G09 L1CA    9 2162 554766.500 554766.433  0.000688585  0.067688585
3 G16 L1CA   16 2162 554766.500 554766.423  0.000058931  0.077058931
3 G07 L1CA    7 2162 554766.500 554766.430  0.000574230  0.070574230
3 G14 L1CA   14 2162 554766.500 554766.416  0.000430719  0.084430719
3 G27 L1CA   27 2162 554766.500 554766.423  0.000468262  0.077468262
3 G04 L1CA    4 2162 554766.500 554766.429  0.000469308  0.071469309
3 G08 L1CA    8 2162 554766.500 554766.423  0.000703808  0.077703808
3 sortobs: nobs=9
3 pntpos  : tobs=2021/06/19 10:06:06.500 n=9
3 satposs : teph=2021/06/19 10:06:06.500 n=9 ephopt=0
3 estpos  : n=9
3 resprng : n=9
3 resprng : n=9
3 resprng : n=9
3 resprng : n=9
3 valsol  : n=9 nv=11
3 estvel  : n=9
3 resdop  : n=9
3 resdop  : n=9
3 satposs : teph=2021/06/19 10:06:06.500 n=9 ephopt=0
3 2021/06/19 10:06:06.499999982  37.35271791 -121.91576617    22.09 5  7/ 9 DTR=17.8 0.0 0.0 0.0 ()
3 G03 0 52.6 171.7  7.7        0.000
3 G04 1 49.7 112.3 49.4        0.333
3 G07 1 51.2 300.0 60.8       -0.440
3 G08 1 52.3 120.3 22.4       -0.094
3 G09 1 49.6  38.8 82.6        0.117
3 G14 0 50.1 211.4  4.2        0.000
3 G16 1 51.1  43.7 25.3        0.496
3 G27 1 51.8  85.6 22.8       -0.540
3 G30 1 52.6 269.0 27.0        0.235
3 G30 L1CA   30 2162 554766.600 554766.523  0.000807605  0.077807605
3 G03 L1CA    3 2162 554766.600 554766.517  0.000660749  0.083660749
3 G09 L1CA    9 2162 554766.600 554766.533  0.000688577  0.067688577
3 G16 L1CA   16 2162 554766.600 554766.523  0.000059139  0.077059139
3 G14 L1CA   14 2162 554766.600 554766.516  0.000430482  0.084430482
3 G07 L1CA    7 2162 554766.600 554766.530  0.000574174  0.070574174
3 G27 L1CA   27 2162 554766.600 554766.523  0.000468187  0.077468187
3 G04 L1CA    4 2162 554766.600 554766.529  0.000469429  0.071469429
3 G08 L1CA    8 2162 554766.600 554766.523  0.000703650  0.077703650
3 sortobs: nobs=9
3 pntpos  : tobs=2021/06/19 10:06:06.600 n=9
3 satposs : teph=2021/06/19 10:06:06.600 n=9 ephopt=0
3 estpos  : n=9
3 resprng : n=9
3 resprng : n=9
3 resprng : n=9
3 resprng : n=9
3 valsol  : n=9 nv=11
3 estvel  : n=9
3 resdop  : n=9
3 resdop  : n=9
3 satposs : teph=2021/06/19 10:06:06.600 n=9 ephopt=0
3 2021/06/19 10:06:06.599999982  37.35271822 -121.91576629    22.00 5  7/ 9 DTR=17.7 0.0 0.0 0.0 ()
3 G03 0 52.6 171.7  7.7        0.000
3 G04 1 49.7 112.3 49.4        0.332
3 G07 1 51.2 300.0 60.8       -0.451
3 G08 1 52.3 120.3 22.4       -0.107
3 G09 1 49.6  38.8 82.6        0.125
3 G14 0 50.1 211.4  4.2        0.000
3 G16 1 51.2  43.7 25.3        0.487
3 G27 1 51.8  85.6 22.8       -0.525
3 G30 1 52.0 269.0 27.0        0.242
3 G30 L1CA   30 2162 554766.700 554766.623  0.000807456  0.077807456
3 G03 L1CA    3 2162 554766.700 554766.617  0.000660987  0.083660987
3 G09 L1CA    9 2162 554766.700 554766.633  0.000688569  0.067688569
3 G16 L1CA   16 2162 554766.700 554766.623  0.000059346  0.077059346
3 G14 L1CA   14 2162 554766.700 554766.616  0.000430246  0.084430246
3 G07 L1CA    7 2162 554766.700 554766.630  0.000574119  0.070574119
3 G27 L1CA   27 2162 554766.700 554766.623  0.000468113  0.077468113
3 G04 L1CA    4 2162 554766.700 554766.629  0.000469549  0.071469549
3 G08 L1CA    8 2162 554766.700 554766.623  0.000703491  0.077703491
3 sortobs: nobs=9
3 pntpos  : tobs=2021/06/19 10:06:06.700 n=9
3 satposs : teph=2021/06/19 10:06:06.700 n=9 ephopt=0
3 estpos  : n=9
3 resprng : n=9
3 resprng : n=9
3 resprng : n=9
3 resprng : n=9
3 valsol  : n=9 nv=11
3 estvel  : n=9
3 resdop  : n=9
3 resdop  : n=9
3 satposs : teph=2021/06/19 10:06:06.700 n=9 ephopt=0
3 2021/06/19 10:06:06.699999982  37.35271832 -121.91576624    21.97 5  7/ 9 DTR=17.6 0.0 0.0 0.0 ()
3 G03 0 52.6 171.7  7.7        0.000
3 G04 1 49.7 112.3 49.4        0.326
3 G07 1 50.9 300.0 60.8       -0.428
3 G08 1 52.3 120.3 22.4       -0.101
3 G09 1 49.6  38.8 82.6        0.112
3 G14 0 50.1 211.4  4.2        0.000
3 G16 1 51.2  43.7 25.3        0.474
3 G27 1 51.8  85.6 22.8       -0.513
3 G30 1 52.0 269.0 27.0        0.230
3 G30 L1CA   30 2162 554766.800 554766.723  0.000807308  0.077807308
3 G03 L1CA    3 2162 554766.800 554766.717  0.000661224  0.083661224
3 G09 L1CA    9 2162 554766.800 554766.733  0.000688561  0.067688561
3 G16 L1CA   16 2162 554766.800 554766.723  0.000059554  0.077059554
3 G14 L1CA   14 2162 554766.800 554766.716  0.000430009  0.084430009
3 G07 L1CA    7 2162 554766.800 554766.730  0.000574063  0.070574063
3 G27 L1CA   27 2162 554766.800 554766.723  0.000468038  0.077468038
3 G04 L1CA    4 2162 554766.800 554766.729  0.000469669  0.071469669
3 G08 L1CA    8 2162 554766.800 554766.723  0.000703333  0.077703333
3 sortobs: nobs=9
3 pntpos  : tobs=2021/06/19 10:06:06.800 n=9
3 satposs : teph=2021/06/19 10:06:06.800 n=9 ephopt=0
3 estpos  : n=9
3 resprng : n=9
3 resprng : n=9
3 resprng : n=9
3 resprng : n=9
3 valsol  : n=9 nv=11
3 estvel  : n=9
3 resdop  : n=9
3 resdop  : n=9
3 satposs : teph=2021/06/19 10:06:06.800 n=9 ephopt=0
3 2021/06/19 10:06:06.799999982  37.35271831 -121.91576593    22.06 5  7/ 9 DTR=17.8 0.0 0.0 0.0 ()
3 G03 0 52.7 171.7  7.7        0.000
3 G04 1 49.7 112.3 49.4        0.340
3 G07 1 50.9 300.0 60.8       -0.358
3 G08 1 52.8 120.3 22.4       -0.093
3 G09 1 49.6  38.8 82.6        0.054
3 G14 0 50.1 211.4  4.2        0.000
3 G16 1 51.2  43.7 25.3        0.457
3 G27 1 52.5  85.6 22.8       -0.504
3 G30 1 52.0 269.0 27.0        0.197
3 G30 L1CA   30 2162 554766.900 554766.823  0.000807160  0.077807160
3 G03 L1CA    3 2162 554766.900 554766.817  0.000661462  0.083661462
3 G09 L1CA    9 2162 554766.900 554766.833  0.000688553  0.067688554
3 G16 L1CA   16 2162 554766.900 554766.823  0.000059761  0.077059761
3 G14 L1CA   14 2162 554766.900 554766.816  0.000429772  0.084429773
3 G07 L1CA    7 2162 554766.900 554766.830  0.000574007  0.070574007
3 G27 L1CA   27 2162 554766.900 554766.823  0.000467964  0.077467964
3 G04 L1CA    4 2162 554766.900 554766.829  0.000469789  0.071469789
3 G08 L1CA    8 2162 554766.900 554766.823  0.000703174  0.077703174
3 sortobs: nobs=9
3 pntpos  : tobs=2021/06/19 10:06:06.900 n=9
3 satposs : teph=2021/06/19 10:06:06.900 n=9 ephopt=0
3 estpos  : n=9
3 resprng : n=9
3 resprng : n=9
3 resprng : n=9
3 resprng : n=9
3 valsol  : n=9 nv=11
3 estvel  : n=9
3 resdop  : n=9
3 resdop  : n=9
3 satposs : teph=2021/06/19 10:06:06.900 n=9 ephopt=0
3 2021/06/19 10:06:06.899999983  37.35271853 -121.91576627    21.94 5  7/ 9 DTR=17.6 0.0 0.0 0.0 ()
3 G03 0 52.7 171.7  7.7        0.000
3 G04 1 50.3 112.3 49.4        0.278
3 G07 1 50.9 300.0 60.8       -0.414
3 G08 1 52.8 120.3 22.4       -0.090
3 G09 1 49.9  38.8 82.6        0.131
3 G14 0 49.2 211.4  4.2        0.000
3 G16 1 51.2  43.7 25.3        0.429
3 G27 1 52.5  85.6 22.8       -0.460
3 G30 1 52.0 269.0 27.0        0.220
3 G30 L1CA   30 2162 554767.000 554766.923  0.000807012  0.077807012
3 G03 L1CA    3 2162 554767.000 554766.917  0.000661700  0.083661700
3 G09 L1CA    9 2162 554767.000 554766.933  0.000688546  0.067688546
3 G16 L1CA   16 2162 554767.000 554766.923  0.000059969  0.077059969
3 G14 L1CA   14 2162 554767.000 554766.916  0.000429536  0.084429536
3 G07 L1CA    7 2162 554767.000 554766.930  0.000573951  0.070573952
3 G27 L1CA   27 2162 554767.000 554766.923  0.000467889  0.077467889
3 G04 L1CA    4 2162 554767.000 554766.929  0.000469909  0.071469909
3 G08 L1CA    8 2162 554767.000 554766.923  0.000703016  0.077703016
3 sortobs: nobs=9
3 pntpos  : tobs=2021/06/19 10:06:07.000 n=9
3 satposs : teph=2021/06/19 10:06:07.000 n=9 ephopt=0
3 estpos  : n=9
3 resprng : n=9
3 resprng : n=9
3 resprng : n=9
3 resprng : n=9
3 valsol  : n=9 nv=11
3 estvel  : n=9
3 resdop  : n=9
3 resdop  : n=9
3 satposs : teph=2021/06/19 10:06:07.000 n=9 ephopt=0
3 2021/06/19 10:06:06.999999983  37.35271897 -121.91576651    21.78 5  7/ 9 DTR=17.2 0.0 0.0 0.0 ()
3 G03 0 52.7 171.7  7.7        0.000
3 G04 1 50.3 112.3 49.4        0.283
3 G07 1 50.9 300.0 60.8       -0.446
3 G08 1 52.8 120.3 22.4       -0.092
3 G09 1 49.9  38.8 82.6        0.151
3 G14 0 49.2 211.4  4.2        0.000
3 G16 1 51.2  43.7 25.3        0.451
3 G27 1 52.5  85.6 22.8       -0.483
3 G30 1 52.0 269.0 27.0        0.235
3 G30 L1CA   30 2162 554767.100 554767.023  0.000806864  0.077806864
3 G03 L1CA    3 2162 554767.100 554767.017  0.000661937  0.083661937
3 G09 L1CA    9 2162 554767.100 554767.033  0.000688538  0.067688538
3 G16 L1CA   16 2162 554767.100 554767.023  0.000060176  0.077060176
3 G14 L1CA   14 2162 554767.100 554767.016  0.000429299  0.084429299
3 G07 L1CA    7 2162 554767.100 554767.030  0.000573896  0.070573896
3 G27 L1CA   27 2162 554767.100 554767.023  0.000467815  0.077467815
3 G04 L1CA    4 2162 554767.100 554767.029  0.000470029  0.071470029
3 G08 L1CA    8 2162 554767.100 554767.023  0.000702857  0.077702857
3 sortobs: nobs=9
3 pntpos  : tobs=2021/06/19 10:06:07.100 n=9
3 satposs : teph=2021/06/19 10:06:07.100 n=9 ephopt=0
3 estpos  : n=9
3 resprng : n=9
3 resprng : n=9
3 resprng : n=9
3 resprng : n=9
3 valsol  : n=9 nv=11
3 estvel  : n=9
3 resdop  : n=9
3 resdop  : n=9
3 satposs : teph=2021/06/19 10:06:07.100 n=9 ephopt=0
3 2021/06/19 10:06:07.099999983  37.35271927 -121.91576627    21.83 5  7/ 9 DTR=17.3 0.0 0.0 0.0 ()
3 G03 0 52.7 171.7  7.7        0.000
3 G04 1 50.3 112.3 49.4        0.289
3 G07 1 50.9 300.0 60.8       -0.403
3 G08 1 52.8 120.3 22.4       -0.091
3 G09 1 49.9  38.8 82.6        0.117
3 G14 0 49.2 211.4  4.2        0.000
3 G16 1 51.4  43.7 25.3        0.432
3 G27 1 52.5  85.6 22.8       -0.466
3 G30 1 51.7 269.0 27.0        0.215
3 G30 L1CA   30 2162 554767.200 554767.123  0.000806715  0.077806715
3 G03 L1CA    3 2162 554767.200 554767.117  0.000662175  0.083662175
3 G09 L1CA    9 2162 554767.200 554767.133  0.000688530  0.067688530
3 G16 L1CA   16 2162 554767.200 554767.123  0.000060384  0.077060384
3 G14 L1CA   14 2162 554767.200 554767.116  0.000429063  0.084429063
3 G07 L1CA    7 2162 554767.200 554767.130  0.000573840  0.070573840
3 G27 L1CA   27 2162 554767.200 554767.123  0.000467741  0.077467741
3 G04 L1CA    4 2162 554767.200 554767.129  0.000470149  0.071470149
3 G08 L1CA    8 2162 554767.200 554767.123  0.000702699  0.077702699
3 sortobs: nobs=9
3 pntpos  : tobs=2021/06/19 10:06:07.200 n=9
3 satposs : teph=2021/06/19 10:06:07.200 n=9 ephopt=0
3 estpos  : n=9
3 resprng : n=9
3 resprng : n=9
3 resprng : n=9
3 resprng : n=9
3 valsol  : n=9 nv=11
3 estvel  : n=9
3 resdop  : n=9
3 resdop  : n=9
3 satposs : teph=2021/06/19 10:06:07.200 n=9 ephopt=0
3 2021/06/19 10:06:07.199999983  37.35271942 -121.91576647    21.73 5  7/ 9 DTR=17.1 0.0 0.0 0.0 ()
3 G03 0 52.7 171.7  7.7        0.000
3 G04 1 50.3 112.3 49.4        0.261
3 G07 1 50.8 300.0 60.8       -0.384
3 G08 1 52.8 120.3 22.4       -0.096
3 G09 1 49.9  38.8 82.6        0.120
3 G14 0 49.2 211.4  4.2        0.000
3 G16 1 51.4  43.7 25.3        0.387
3 G27 1 52.5  85.6 22.8       -0.410
3 G30 1 51.7 269.0 27.0        0.206
3 G30 L1CA   30 2162 554767.300 554767.223  0.000806567  0.077806567
3 G03 L1CA    3 2162 554767.300 554767.217  0.000662413  0.083662413
3 G09 L1CA    9 2162 554767.300 554767.233  0.000688522  0.067688522
3 G16 L1CA   16 2162 554767.300 554767.223  0.000060591  0.077060592
3 G14 L1CA   14 2162 554767.300 554767.216  0.000428826  0.084428826
3 G07 L1CA    7 2162 554767.300 554767.230  0.000573785  0.070573785
3 G27 L1CA   27 2162 554767.300 554767.223  0.000467666  0.077467666
3 G04 L1CA    4 2162 554767.300 554767.229  0.000470269  0.071470269
3 G08 L1CA    8 2162 554767.300 554767.223  0.000702540  0.077702540
3 sortobs: nobs=9
3 pntpos  : tobs=2021/06/19 10:06:07.300 n=9
3 satposs : teph=2021/06/19 10:06:07.300 n=9 ephopt=0
3 estpos  : n=9
3 resprng : n=9
3 resprng : n=9
3 resprng : n=9
3 resprng : n=9
3 valsol  : n=9 nv=11
3 estvel  : n=9
3 resdop  : n=9
3 resdop  : n=9
3 satposs : teph=2021/06/19 10:06:07.300 n=9 ephopt=0
3 2021/06/19 10:06:07.299999983  37.35271950 -121.91576627    21.72 5  7/ 9 DTR=17.1 0.0 0.0 0.0 ()
3 G03 0 53.2 171.7  7.7        0.000
3 G04 1 50.3 112.3 49.4        0.232
3 G07 1 50.8 300.0 60.8       -0.371
3 G08 1 52.1 120.3 22.4       -0.076
3 G09 1 49.9  38.9 82.6        0.128
3 G14 0 49.2 211.4  4.2        0.000
3 G16 1 51.4  43.7 25.3        0.372
3 G27 1 52.7  85.6 22.8       -0.397
3 G30 1 51.7 269.0 27.1        0.195
3 G30 L1CA   30 2162 554767.400 554767.323  0.000806419  0.077806419
3 G03 L1CA    3 2162 554767.400 554767.317  0.000662650  0.083662650
3 G09 L1CA    9 2162 554767.400 554767.333  0.000688514  0.067688514
3 G16 L1CA   16 2162 554767.400 554767.323  0.000060799  0.077060799
3 G14 L1CA   14 2162 554767.400 554767.316  0.000428589  0.084428589
3 G07 L1CA    7 2162 554767.400 554767.330  0.000573729  0.070573729
3 G27 L1CA   27 2162 554767.400 554767.323  0.000467592  0.077467592
3 G04 L1CA    4 2162 554767.400 554767.329  0.000470389  0.071470389
3 G08 L1CA    8 2162 554767.400 554767.323  0.000702382  0.077702382
3 sortobs: nobs=9
3 pntpos  : tobs=2021/06/19 10:06:07.400 n=9
3 satposs : teph=2021/06/19 10:06:07.400 n=9 ephopt=0
3 estpos  : n=9
3 resprng : n=9
3 resprng : n=9
3 resprng : n=9
3 resprng : n=9
3 valsol  : n=9 nv=11
3 estvel  : n=9
3 resdop  : n=9
3 resdop  : n=9
3 satposs : teph=2021/06/19 10:06:07.400 n=9 ephopt=0
3 2021/06/19 10:06:07.399999983  37.35271981 -121.91576630    21.77 5  7/ 9 DTR=17.2 0.0 0.0 0.0 ()
3 G03 0 53.2 171.7  7.7        0.000
3 G04 1 50.7 112.3 49.4        0.267
3 G07 1 50.8 300.0 60.8       -0.361
3 G08 1 52.1 120.3 22.4       -0.088
3 G09 1 50.1  38.9 82.6        0.100
3 G14 0 49.4 211.4  4.2        0.000
3 G16 1 51.4  43.7 25.3        0.389
3 G27 1 52.7  85.6 22.8       -0.418
3 G30 1 51.7 269.0 27.1        0.194
3 G30 L1CA   30 2162 554767.500 554767.423  0.000806271  0.077806271
3 G03 L1CA    3 2162 554767.500 554767.417  0.000662888  0.083662888
3 G09 L1CA    9 2162 554767.500 554767.433  0.000688506  0.067688506
3 G16 L1CA   16 2162 554767.500 554767.423  0.000061007  0.077061007
3 G14 L1CA   14 2162 554767.500 554767.416  0.000428353  0.084428353
3 G07 L1CA    7 2162 554767.500 554767.430  0.000573673  0.070573673
3 G27 L1CA   27 2162 554767.500 554767.423  0.000467517  0.077467517
3 G04 L1CA    4 2162 554767.500 554767.429  0.000470510  0.071470510
3 G08 L1CA    8 2162 554767.500 554767.423  0.000702223  0.077702223
3 sortobs: nobs=9
3 pntpos  : tobs=2021/06/19 10:06:07.500 n=9
3 satposs : teph=2021/06/19 10:06:07.500 n=9 ephopt=0
3 estpos  : n=9
3 resprng : n=9
3 resprng : n=9
3 resprng : n=9
3 resprng : n=9
3 valsol  : n=9 nv=11
3 estvel  : n=9
3 resdop  : n=9
3 resdop  : n=9
3 satposs : teph=2021/06/19 10:06:07.500 n=9 ephopt=0
3 2021/06/19 10:06:07.499999983  37.35271988 -121.91576663    21.63 5  7/ 9 DTR=16.9 0.0 0.0 0.0 ()
3 G03 0 53.2 171.7  7.7        0.000
3 G04 1 50.7 112.3 49.4        0.250
3 G07 1 50.8 300.1 60.8       -0.346
3 G08 1 52.1 120.3 22.4       -0.090
3 G09 1 50.1  38.9 82.6        0.099
3 G14 0 49.4 211.4  4.2        0.000
3 G16 1 51.4  43.7 25.3        0.360
3 G27 1 52.7  85.6 22.8       -0.383
3 G30 1 51.7 269.0 27.1        0.187
3 G30 L1CA   30 2162 554767.600 554767.523  0.000806122  0.077806122
3 G03 L1CA    3 2162 554767.600 554767.517  0.000663126  0.083663126
3 G09 L1CA    9 2162 554767.600 554767.533  0.000688498  0.067688499
3 G16 L1CA   16 2162 554767.600 554767.523  0.000061214  0.077061214
3 G14 L1CA   14 2162 554767.600 554767.516  0.000428116  0.084428116
3 G07 L1CA    7 2162 554767.600 554767.530  0.000573618  0.070573618
3 G27 L1CA   27 2162 554767.600 554767.523  0.000467443  0.077467443
3 G04 L1CA    4 2162 554767.600 554767.529  0.000470630  0.071470630
3 G08 L1CA    8 2162 554767.600 554767.523  0.000702065  0.077702065
3 sortobs: nobs=9
3 pntpos  : tobs=2021/06/19 10:06:07.600 n=9
3 satposs : teph=2021/06/19 10:06:07.600 n=9 ephopt=0
3 estpos  : n=9
3 resprng : n=9
3 resprng : n=9
3 resprng : n=9
3 resprng : n=9
3 valsol  : n=9 nv=11
3 estvel  : n=9
3 resdop  : n=9
3 resdop  : n=9
3 satposs : teph=2021/06/19 10:06:07.600 n=9 ephopt=0
3 2021/06/19 10:06:07.599999983  37.35272003 -121.91576646    21.60 5  7/ 9 DTR=16.9 0.0 0.0 0.0 ()
3 G03 0 53.2 171.7  7.7        0.000
3 G04 1 50.7 112.3 49.4        0.252
3 G07 1 50.8 300.1 60.8       -0.316
3 G08 1 52.1 120.3 22.4       -0.090
3 G09 1 50.1  38.9 82.6        0.076
3 G14 0 49.4 211.4  4.2        0.000
3 G16 1 51.6  43.7 25.3        0.344
3 G27 1 52.7  85.6 22.8       -0.368
3 G30 1 52.2 269.0 27.1        0.173
3 G30 L1CA   30 2162 554767.700 554767.623  0.000805974  0.077805974
3 G03 L1CA    3 2162 554767.700 554767.617  0.000663363  0.083663364
3 G09 L1CA    9 2162 554767.700 554767.633  0.000688490  0.067688490
3 G16 L1CA   16 2162 554767.700 554767.623  0.000061422  0.077061422
3 G14 L1CA   14 2162 554767.700 554767.616  0.000427879  0.084427879
3 G07 L1CA    7 2162 554767.700 554767.630  0.000573562  0.070573562
3 G27 L1CA   27 2162 554767.700 554767.623  0.000467368  0.077467368
3 G04 L1CA    4 2162 554767.700 554767.629  0.000470750  0.071470750
3 G08 L1CA    8 2162 554767.700 554767.623  0.000701906  0.077701906
3 sortobs: nobs=9
3 pntpos  : tobs=2021/06/19 10:06:07.700 n=9
3 satposs : teph=2021/06/19 10:06:07.700 n=9 ephopt=0
3 estpos  : n=9
3 resprng : n=9
3 resprng : n=9
3 resprng : n=9
3 resprng : n=9
3 valsol  : n=9 nv=11
3 estvel  : n=9
3 resdop  : n=9
3 resdop  : n=9
3 satposs : teph=2021/06/19 10:06:07.700 n=9 ephopt=0
3 2021/06/19 10:06:07.699999983  37.35272022 -121.91576642    21.59 5  7/ 9 DTR=16.8 0.0 0.0 0.0 ()
3 G03 0 53.2 171.7  7.7        0.000
3 G04 1 50.7 112.3 49.4        0.269
3 G07 1 50.9 300.1 60.8       -0.265
3 G08 1 52.1 120.3 22.4       -0.066
3 G09 1 50.1  38.9 82.6        0.030
3 G14 0 49.4 211.4  4.2        0.000
3 G16 1 51.6  43.7 25.3        0.360
3 G27 1 52.7  85.6 22.8       -0.401
3 G30 1 52.2 269.0 27.1        0.146
3 G30 L1CA   30 2162 554767.800 554767.723  0.000805826  0.077805826
3 G03 L1CA    3 2162 554767.800 554767.717  0.000663601  0.083663601
3 G09 L1CA    9 2162 554767.800 554767.733  0.000688483  0.067688483
3 G16 L1CA   16 2162 554767.800 554767.723  0.000061629  0.077061630
3 G14 L1CA   14 2162 554767.800 554767.716  0.000427643  0.084427643
3 G07 L1CA    7 2162 554767.800 554767.730  0.000573506  0.070573507
3 G27 L1CA   27 2162 554767.800 554767.723  0.000467294  0.077467294
3 G04 L1CA    4 2162 554767.800 554767.729  0.000470870  0.071470870
3 G08 L1CA    8 2162 554767.800 554767.723  0.000701747  0.077701748
3 sortobs: nobs=9
3 pntpos  : tobs=2021/06/19 10:06:07.800 n=9
3 satposs : teph=2021/06/19 10:06:07.800 n=9 ephopt=0
3 estpos  : n=9
3 resprng : n=9
3 resprng : n=9
3 resprng : n=9
3 resprng : n=9
3 valsol  : n=9 nv=11
3 estvel  : n=9
3 resdop  : n=9
3 resdop  : n=9
3 satposs : teph=2021/06/19 10:06:07.800 n=9 ephopt=0
3 2021/06/19 10:06:07.799999983  37.35272029 -121.91576657    21.59 5  7/ 9 DTR=16.7 0.0 0.0 0.0 ()
3 G03 0 53.0 171.7  7.7        0.000
3 G04 1 50.7 112.3 49.4        0.243
3 G07 1 50.9 300.1 60.8       -0.289
3 G08 1 51.3 120.3 22.4       -0.061
3 G09 1 50.1  38.9 82.6        0.062
3 G14 0 49.4 211.4  4.2        0.000
3 G16 1 51.6  43.7 25.3        0.353
3 G27 1 53.0  85.6 22.8       -0.389
3 G30 1 52.2 269.0 27.1        0.155
3 G30 L1CA   30 2162 554767.900 554767.823  0.000805678  0.077805678
3 G03 L1CA    3 2162 554767.900 554767.817  0.000663839  0.083663839
3 G09 L1CA    9 2162 554767.900 554767.833  0.000688475  0.067688475
3 G16 L1CA   16 2162 554767.900 554767.823  0.000061837  0.077061837
3 G14 L1CA   14 2162 554767.900 554767.816  0.000427406  0.084427406
3 G07 L1CA    7 2162 554767.900 554767.830  0.000573451  0.070573451
3 G27 L1CA   27 2162 554767.900 554767.823  0.000467220  0.077467220
3 G04 L1CA    4 2162 554767.900 554767.829  0.000470990  0.071470990
3 G08 L1CA    8 2162 554767.900 554767.823  0.000701589  0.077701589
3 sortobs: nobs=9
3 pntpos  : tobs=2021/06/19 10:06:07.900 n=9
3 satposs : teph=2021/06/19 10:06:07.900 n=9 ephopt=0
3 estpos  : n=9
3 resprng : n=9
3 resprng : n=9
3 resprng : n=9
3 resprng : n=9
3 valsol  : n=9 nv=11
3 estvel  : n=9
3 resdop  : n=9
3 resdop  : n=9
3 satposs : teph=2021/06/19 10:06:07.900 n=9 ephopt=0
3 2021/06/19 10:06:07.899999984  37.35272058 -121.91576671    21.47 5  7/ 9 DTR=16.5 0.0 0.0 0.0 ()
3 G03 0 53.0 171.7  7.7        0.000
3 G04 1 50.8 112.3 49.4        0.220
3 G07 1 50.9 300.1 60.8       -0.289
3 G08 1 51.3 120.3 22.4       -0.069
3 G09 1 50.1  38.9 82.6        0.076
3 G14 0 50.1 211.4  4.2        0.000
3 G16 1 51.6  43.7 25.3        0.319
3 G27 1 53.0  85.6 22.8       -0.344
3 G30 1 52.2 269.0 27.1        0.155
3 G30 L1CA   30 2162 554768.000 554767.923  0.000805529  0.077805529
3 G03 L1CA    3 2162 554768.000 554767.917  0.000664076  0.083664076
3 G09 L1CA    9 2162 554768.000 554767.933  0.000688467  0.067688467
3 G16 L1CA   16 2162 554768.000 554767.923  0.000062045  0.077062045
3 G14 L1CA   14 2162 554768.000 554767.916  0.000427169  0.084427169
3 G07 L1CA    7 2162 554768.000 554767.930  0.000573395  0.070573395
3 G27 L1CA   27 2162 554768.000 554767.923  0.000467145  0.077467145
3 G04 L1CA    4 2162 554768.000 554767.929  0.000471110  0.071471110
3 G08 L1CA    8 2162 554768.000 554767.923  0.000701431  0.077701431
3 sortobs: nobs=9
3 pntpos  : tobs=2021/06/19 10:06:08.000 n=9
3 satposs : teph=2021/06/19 10:06:08.000 n=9 ephopt=0
3 estpos  : n=9
3 resprng : n=9
3 resprng : n=9
3 resprng : n=9
3 resprng : n=9
3 valsol  : n=9 nv=11
3 estvel  : n=9
3 resdop  : n=9
3 resdop  : n=9
3 satposs : teph=2021/06/19 10:06:08.000 n=9 ephopt=0
3 2021/06/19 10:06:07.999999984  37.35272085 -121.91576691    21.38 5  7/ 9 DTR=16.3 0.0 0.0 0.0 ()
3 G03 0 53.0 171.7  7.7        0.000
3 G04 1 50.8 112.3 49.4        0.221
3 G07 1 50.9 300.1 60.8       -0.265
3 G08 1 51.3 120.3 22.4       -0.058
3 G09 1 50.1  38.9 82.6        0.058
3 G14 0 50.1 211.4  4.2        0.000
3 G16 1 51.6  43.7 25.3        0.319
3 G27 1 53.0  85.6 22.8       -0.350
3 G30 1 52.2 269.0 27.1        0.142
3 G30 L1CA   30 2162 554768.100 554768.023  0.000805381  0.077805381
3 G03 L1CA    3 2162 554768.100 554768.017  0.000664314  0.083664314
3 G09 L1CA    9 2162 554768.100 554768.033  0.000688459  0.067688459
3 G16 L1CA   16 2162 554768.100 554768.023  0.000062252  0.077062252
3 G14 L1CA   14 2162 554768.100 554768.016  0.000426933  0.084426933
3 G07 L1CA    7 2162 554768.100 554768.030  0.000573340  0.070573340
3 G27 L1CA   27 2162 554768.100 554768.023  0.000467071  0.077467071
3 G04 L1CA    4 2162 554768.100 554768.029  0.000471230  0.071471230
3 G08 L1CA    8 2162 554768.100 554768.023  0.000701272  0.077701272
3 sortobs: nobs=9
3 pntpos  : tobs=2021/06/19 10:06:08.100 n=9
3 satposs : teph=2021/06/19 10:06:08.100 n=9 ephopt=0
3 estpos  : n=9
3 resprng : n=9
3 resprng : n=9
3 resprng : n=9
3 resprng : n=9
3 valsol  : n=9 nv=11
3 estvel  : n=9
3 resdop  : n=9
3 resdop  : n=9
3 satposs : teph=2021/06/19 10:06:08.100 n=9 ephopt=0
3 2021/06/19 10:06:08.099999984  37.35272100 -121.91576683    21.42 5  7/ 9 DTR=16.4 0.0 0.0 0.0 ()
3 G03 0 53.0 171.7  7.7        0.000
3 G04 1 50.8 112.3 49.4        0.243
3 G07 1 50.9 300.1 60.8       -0.231
3 G08 1 51.3 120.3 22.4       -0.060
3 G09 1 50.1  38.9 82.6        0.021
3 G14 0 50.1 211.4  4.2        0.000
3 G16 1 52.0  43.7 25.3        0.321
3 G27 1 53.0  85.6 22.8       -0.357
3 G30 1 52.7 269.0 27.1        0.128
3 G30 L1CA   30 2162 554768.200 554768.123  0.000805233  0.077805233
3 G03 L1CA    3 2162 554768.200 554768.117  0.000664552  0.083664552
3 G09 L1CA    9 2162 554768.200 554768.133  0.000688451  0.067688451
3 G16 L1CA   16 2162 554768.200 554768.123  0.000062460  0.077062460
3 G14 L1CA   14 2162 554768.200 554768.116  0.000426696  0.084426696
3 G07 L1CA    7 2162 554768.200 554768.130  0.000573284  0.070573284
3 G27 L1CA   27 2162 554768.200 554768.123  0.000466996  0.077466997
3 G04 L1CA    4 2162 554768.200 554768.129  0.000471350  0.071471350
3 G08 L1CA    8 2162 554768.200 554768.123  0.000701113  0.077701114
3 sortobs: nobs=9
3 pntpos  : tobs=2021/06/19 10:06:08.200 n=9
3 satposs : teph=2021/06/19 10:06:08.200 n=9 ephopt=0
3 estpos  : n=9
3 resprng : n=9
3 resprng : n=9
3 resprng : n=9
3 resprng : n=9
3 valsol  : n=9 nv=11
3 estvel  : n=9
3 resdop  : n=9
3 resdop  : n=9
3 satposs : teph=2021/06/19 10:06:08.200 n=9 ephopt=0
3 2021/06/19 10:06:08.199999984  37.35272095 -121.91576719    21.40 5  7/ 9 DTR=16.3 0.0 0.0 0.0 ()
3 G03 0 53.0 171.7  7.7        0.000
3 G04 1 50.8 112.3 49.4        0.221
3 G07 1 50.9 300.1 60.8       -0.240
3 G08 1 51.3 120.3 22.4       -0.067
3 G09 1 50.1  38.9 82.6        0.040
3 G14 0 50.1 211.4  4.2        0.000
3 G16 1 52.0  43.7 25.3        0.294
3 G27 1 53.0  85.6 22.8       -0.321
3 G30 1 52.7 269.0 27.1        0.132
3 G30 L1CA   30 2162 554768.300 554768.223  0.000805085  0.077805085
3 G03 L1CA    3 2162 554768.300 554768.217  0.000664789  0.083664789
3 G09 L1CA    9 2162 554768.300 554768.233  0.000688443  0.067688443
3 G16 L1CA   16 2162 554768.300 554768.223  0.000062667  0.077062668
3 G14 L1CA   14 2162 554768.300 554768.216  0.000426459  0.084426459
3 G07 L1CA    7 2162 554768.300 554768.230  0.000573228  0.070573228
3 G27 L1CA   27 2162 554768.300 554768.223  0.000466922  0.077466922
3 G04 L1CA    4 2162 554768.300 554768.229  0.000471470  0.071471470
3 G08 L1CA    8 2162 554768.300 554768.223  0.000700955  0.077700955
3 sortobs: nobs=9
3 pntpos  : tobs=2021/06/19 10:06:08.300 n=9
3 satposs : teph=2021/06/19 10:06:08.300 n=9 ephopt=0
3 estpos  : n=9
3 resprng : n=9
3 resprng : n=9
3 resprng : n=9
3 resprng : n=9
3 valsol  : n=9 nv=11
3 estvel  : n=9
3 resdop  : n=9
3 resdop  : n=9
3 satposs : teph=2021/06/19 10:06:08.300 n=9 ephopt=0
3 2021/06/19 10:06:08.299999984  37.35272097 -121.91576713    21.47 5  7/ 9 DTR=16.3 0.0 0.0 0.0 ()
3 G03 0 52.3 171.7  7.7        0.000
3 G04 1 50.8 112.3 49.4        0.222
3 G07 1 50.9 300.1 60.8       -0.206
3 G08 1 50.9 120.3 22.4       -0.049
3 G09 1 50.1  38.9 82.6        0.015
3 G14 0 50.1 211.4  4.2        0.000
3 G16 1 52.0  43.7 25.3        0.296
3 G27 1 52.9  85.6 22.8       -0.332
3 G30 1 52.7 269.0 27.1        0.114
3 G30 L1CA   30 2162 554768.400 554768.323  0.000804936  0.077804936
3 G03 L1CA    3 2162 554768.400 554768.317  0.000665027  0.083665027
3 G09 L1CA    9 2162 554768.400 554768.333  0.000688435  0.067688435
3 G16 L1CA   16 2162 554768.400 554768.323  0.000062875  0.077062875
3 G14 L1CA   14 2162 554768.400 554768.316  0.000426223  0.084426223
3 G07 L1CA    7 2162 554768.400 554768.330  0.000573173  0.070573173
3 G27 L1CA   27 2162 554768.400 554768.323  0.000466848  0.077466848
3 G04 L1CA    4 2162 554768.400 554768.329  0.000471590  0.071471590
3 G08 L1CA    8 2162 554768.400 554768.323  0.000700796  0.077700796
3 sortobs: nobs=9
3 pntpos  : tobs=2021/06/19 10:06:08.400 n=9
3 satposs : teph=2021/06/19 10:06:08.400 n=9 ephopt=0
3 estpos  : n=9
3 resprng : n=9
3 resprng : n=9
3 resprng : n=9
3 resprng : n=9
3 valsol  : n=9 nv=11
3 estvel  : n=9
3 resdop  : n=9
3 resdop  : n=9
3 satposs : teph=2021/06/19 10:06:08.400 n=9 ephopt=0
3 2021/06/19 10:06:08.399999984  37.35272091 -121.91576705    21.46 5  7/ 9 DTR=16.3 0.0 0.0 0.0 ()
3 G03 0 52.3 171.7  7.7        0.000
3 G04 1 50.4 112.3 49.4        0.223
3 G07 1 50.9 300.1 60.8       -0.160
3 G08 1 50.9 120.3 22.4       -0.038
3 G09 1 50.1  38.9 82.6       -0.019
3 G14 0 50.2 211.4  4.2        0.000
3 G16 1 52.0  43.7 25.3        0.283
3 G27 1 52.9  85.6 22.8       -0.325
3 G30 1 52.7 269.0 27.1        0.090
3 G30 L1CA   30 2162 554768.500 554768.423  0.000804788  0.077804788
3 G03 L1CA    3 2162 554768.500 554768.417  0.000665265  0.083665265
3 G09 L1CA    9 2162 554768.500 554768.433  0.000688428  0.067688428
3 G16 L1CA   16 2162 554768.500 554768.423  0.000063083  0.077063083
3 G14 L1CA   14 2162 554768.500 554768.416  0.000425986  0.084425986
3 G07 L1CA    7 2162 554768.500 554768.430  0.000573117  0.070573117
3 G27 L1CA   27 2162 554768.500 554768.423  0.000466773  0.077466773
3 G04 L1CA    4 2162 554768.500 554768.429  0.000471711  0.071471711
3 G08 L1CA    8 2162 554768.500 554768.423  0.000700638  0.077700638
3 sortobs: nobs=9
3 pntpos  : tobs=2021/06/19 10:06:08.500 n=9
3 satposs : teph=2021/06/19 10:06:08.500 n=9 ephopt=0
3 estpos  : n=9
3 resprng : n=9
3 resprng : n=9
3 resprng : n=9
3 resprng : n=9
3 valsol  : n=9 nv=11
3 estvel  : n=9
3 resdop  : n=9
3 resdop  : n=9
3 satposs : teph=2021/06/19 10:06:08.500 n=9 ephopt=0
3 2021/06/19 10:06:08.499999984  37.35272115 -121.91576744    21.30 5  7/ 9 DTR=16.0 0.0 0.0 0.0 ()
3 G03 0 52.3 171.7  7.7        0.000
3 G04 1 50.4 112.3 49.4        0.208
3 G07 1 50.9 300.1 60.8       -0.166
3 G08 1 50.9 120.3 22.4       -0.054
3 G09 1 50.1  38.9 82.6       -0.005
3 G14 0 50.2 211.4  4.2        0.000
3 G16 1 52.0  43.7 25.3        0.252
3 G27 1 52.9  85.6 22.8       -0.282
3 G30 1 52.7 269.0 27.1        0.095
3 G30 L1CA   30 2162 554768.600 554768.523  0.000804640  0.077804640
3 G03 L1CA    3 2162 554768.600 554768.517  0.000665502  0.083665502
3 G09 L1CA    9 2162 554768.600 554768.533  0.000688419  0.067688420
3 G16 L1CA   16 2162 554768.600 554768.523  0.000063290  0.077063290
3 G14 L1CA   14 2162 554768.600 554768.516  0.000425749  0.084425749
3 G07 L1CA    7 2162 554768.600 554768.530  0.000573061  0.070573062
3 G27 L1CA   27 2162 554768.600 554768.523  0.000466699  0.077466699
3 G04 L1CA    4 2162 554768.600 554768.529  0.000471831  0.071471831
3 G08 L1CA    8 2162 554768.600 554768.523  0.000700479  0.077700480
3 sortobs: nobs=9
3 pntpos  : tobs=2021/06/19 10:06:08.600 n=9
3 satposs : teph=2021/06/19 10:06:08.600 n=9 ephopt=0
3 estpos  : n=9
3 resprng : n=9
3 resprng : n=9
3 resprng : n=9
3 resprng : n=9
3 valsol  : n=9 nv=11
3 estvel  : n=9
3 resdop  : n=9
3 resdop  : n=9
3 satposs : teph=2021/06/19 10:06:08.600 n=9 ephopt=0
3 2021/06/19 10:06:08.599999984  37.35272137 -121.91576725    21.38 5  7/ 9 DTR=16.1 0.0 0.0 0.0 ()
3 G03 0 52.3 171.7  7.7        0.000
3 G04 1 50.4 112.3 49.4        0.224
3 G07 1 50.9 300.1 60.8       -0.114
3 G08 1 50.9 120.3 22.4       -0.049
3 G09 1 50.1  38.9 82.6       -0.052
3 G14 0 50.2 211.4  4.2        0.000
3 G16 1 52.7  43.7 25.3        0.244
3 G27 1 52.9  85.6 22.8       -0.281
3 G30 1 53.5 269.0 27.1        0.071
3 G30 L1CA   30 2162 554768.700 554768.623  0.000804492  0.077804492
3 G03 L1CA    3 2162 554768.700 554768.617  0.000665740  0.083665740
3 G09 L1CA    9 2162 554768.700 554768.633  0.000688411  0.067688411
3 G16 L1CA   16 2162 554768.700 554768.623  0.000063498  0.077063498
3 G14 L1CA   14 2162 554768.700 554768.616  0.000425513  0.084425513
3 G07 L1CA    7 2162 554768.700 554768.630  0.000573006  0.070573006
3 G27 L1CA   27 2162 554768.700 554768.623  0.000466624  0.077466624
3 G04 L1CA    4 2162 554768.700 554768.629  0.000471951  0.071471951
3 G08 L1CA    8 2162 554768.700 554768.623  0.000700321  0.077700321
3 sortobs: nobs=9
3 pntpos  : tobs=2021/06/19 10:06:08.700 n=9
3 satposs : teph=2021/06/19 10:06:08.700 n=9 ephopt=0
3 estpos  : n=9
3 resprng : n=9
3 resprng : n=9
3 resprng : n=9
3 resprng : n=9
3 valsol  : n=9 nv=11
3 estvel  : n=9
3 resdop  : n=9
3 resdop  : n=9
3 satposs : teph=2021/06/19 10:06:08.700 n=9 ephopt=0
3 2021/06/19 10:06:08.699999984  37.35272148 -121.91576752    21.40 5  7/ 9 DTR=16.0 0.0 0.0 0.0 ()
3 G03 0 52.3 171.7  7.7        0.000
3 G04 1 50.4 112.3 49.4        0.246
3 G07 1 50.4 300.1 60.8       -0.102
3 G08 1 50.9 120.3 22.4       -0.048
3 G09 1 50.1  38.9 82.6       -0.073
3 G14 0 50.2 211.4  4.2        0.000
3 G16 1 52.7  43.7 25.3        0.261
3 G27 1 52.9  85.6 22.8       -0.304
3 G30 1 53.5 269.0 27.1        0.067
3 G30 L1CA   30 2162 554768.800 554768.723  0.000804343  0.077804343
3 G03 L1CA    3 2162 554768.800 554768.717  0.000665978  0.083665977
3 G09 L1CA    9 2162 554768.800 554768.733  0.000688404  0.067688404
3 G16 L1CA   16 2162 554768.800 554768.723  0.000063706  0.077063706
3 G14 L1CA   14 2162 554768.800 554768.716  0.000425276  0.084425276
3 G07 L1CA    7 2162 554768.800 554768.730  0.000572950  0.070572950
3 G27 L1CA   27 2162 554768.800 554768.723  0.000466550  0.077466550
3 G04 L1CA    4 2162 554768.800 554768.729  0.000472071  0.071472071
3 G08 L1CA    8 2162 554768.800 554768.723  0.000700162  0.077700163
3 sortobs: nobs=9
3 pntpos  : tobs=2021/06/19 10:06:08.800 n=9
3 satposs : teph=2021/06/19 10:06:08.800 n=9 ephopt=0
3 estpos  : n=9
3 resprng : n=9
3 resprng : n=9
3 resprng : n=9
3 resprng : n=9
3 valsol  : n=9 nv=11
3 estvel  : n=9
3 resdop  : n=9
3 resdop  : n=9
3 satposs : teph=2021/06/19 10:06:08.800 n=9 ephopt=0
3 2021/06/19 10:06:08.799999984  37.35272115 -121.91576761    21.30 5  7/ 9 DTR=15.8 0.0 0.0 0.0 ()
3 G03 0 52.7 171.7  7.7        0.000
3 G04 1 50.4 112.3 49.4        0.180
3 G07 1 50.4 300.1 60.8       -0.105
3 G08 1 50.6 120.3 22.4       -0.014
3 G09 1 50.1  38.9 82.6       -0.033
3 G14 0 50.2 211.4  4.2        0.000
3 G16 1 52.7  43.7 25.3        0.233
3 G27 1 52.3  85.6 22.8       -0.276
3 G30 1 53.5 269.0 27.1        0.059
3 G30 L1CA   30 2162 554768.900 554768.823  0.000804195  0.077804195
3 G03 L1CA    3 2162 554768.900 554768.817  0.000666215  0.083666215
3 G09 L1CA    9 2162 554768.900 554768.833  0.000688396  0.067688396
3 G14 L1CA   14 2162 554768.900 554768.816  0.000425039  0.084425039
3 G16 L1CA   16 2162 554768.900 554768.823  0.000063913  0.077063913
3 G27 L1CA   27 2162 554768.900 554768.823  0.000466476  0.077466476
3 G07 L1CA    7 2162 554768.900 554768.830  0.000572895  0.070572895
3 G04 L1CA    4 2162 554768.900 554768.829  0.000472191  0.071472191
3 G08 L1CA    8 2162 554768.900 554768.823  0.000700004  0.077700004
3 sortobs: nobs=9
3 pntpos  : tobs=2021/06/19 10:06:08.900 n=9
3 satposs : teph=2021/06/19 10:06:08.900 n=9 ephopt=0
3 estpos  : n=9
3 resprng : n=9
3 resprng : n=9
3 resprng : n=9
3 resprng : n=9
3 valsol  : n=9 nv=11
3 estvel  : n=9
3 resdop  : n=9
3 resdop  : n=9
3 satposs : teph=2021/06/19 10:06:08.900 n=9 ephopt=0
3 2021/06/19 10:06:08.899999984  37.35272118 -121.91576779    21.21 5  7/ 9 DTR=15.7 0.0 0.0 0.0 ()
3 G03 0 52.7 171.7  7.7        0.000
3 G04 1 50.1 112.3 49.4        0.173
3 G07 1 50.4 300.1 60.8       -0.098
3 G08 1 50.6 120.3 22.4       -0.020
3 G09 1 50.6  39.0 82.6       -0.033
3 G14 0 49.9 211.4  4.2        0.000
3 G16 1 52.7  43.7 25.3        0.215
3 G27 1 52.3  85.6 22.8       -0.252
3 G30 1 53.5 269.0 27.1        0.056
3 G30 L1CA   30 2162 554769.000 554768.923  0.000804047  0.077804047
3 G03 L1CA    3 2162 554769.000 554768.917  0.000666453  0.083666453
3 G09 L1CA    9 2162 554769.000 554768.933  0.000688388  0.067688388
3 G14 L1CA   14 2162 554769.000 554768.916  0.000424802  0.084424803
3 G16 L1CA   16 2162 554769.000 554768.923  0.000064121  0.077064121
3 G27 L1CA   27 2162 554769.000 554768.923  0.000466401  0.077466401
3 G07 L1CA    7 2162 554769.000 554768.930  0.000572839  0.070572839
3 G04 L1CA    4 2162 554769.000 554768.929  0.000472311  0.071472311
3 G08 L1CA    8 2162 554769.000 554768.923  0.000699845  0.077699845
3 sortobs: nobs=9
3 pntpos  : tobs=2021/06/19 10:06:09.000 n=9
3 satposs : teph=2021/06/19 10:06:09.000 n=9 ephopt=0
3 estpos  : n=9
3 resprng : n=9
3 resprng : n=9
3 resprng : n=9
3 resprng : n=9
3 valsol  : n=9 nv=11
3 estvel  : n=9
3 resdop  : n=9
3 resdop  : n=9
3 satposs : teph=2021/06/19 10:06:09.000 n=9 ephopt=0
3 2021/06/19 10:06:08.999999985  37.35272131 -121.91576786    21.10 5  7/ 9 DTR=15.4 0.0 0.0 0.0 ()
3 G03 0 52.7 171.7  7.7        0.000
3 G04 1 50.1 112.3 49.4        0.181
3 G07 1 50.4 300.1 60.8       -0.063
3 G08 1 50.6 120.3 22.4       -0.009
3 G09 1 50.6  39.0 82.6       -0.063
3 G14 0 49.9 211.4  4.2        0.000
3 G16 1 52.7  43.7 25.3        0.216
3 G27 1 52.3  85.6 22.8       -0.262
3 G30 1 53.5 269.0 27.1        0.039
3 G30 L1CA   30 2162 554769.100 554769.023  0.000803899  0.077803899
3 G03 L1CA    3 2162 554769.100 554769.017  0.000666690  0.083666691
3 G09 L1CA    9 2162 554769.100 554769.033  0.000688381  0.067688381
3 G14 L1CA   14 2162 554769.100 554769.016  0.000424566  0.084424566
3 G16 L1CA   16 2162 554769.100 554769.023  0.000064328  0.077064328
3 G27 L1CA   27 2162 554769.100 554769.023  0.000466327  0.077466327
3 G07 L1CA    7 2162 554769.100 554769.030  0.000572783  0.070572783
3 G04 L1CA    4 2162 554769.100 554769.029  0.000472431  0.071472432
3 G08 L1CA    8 2162 554769.100 554769.023  0.000699687  0.077699687
3 sortobs: nobs=9
3 pntpos  : tobs=2021/06/19 10:06:09.100 n=9
3 satposs : teph=2021/06/19 10:06:09.100 n=9 ephopt=0
3 estpos  : n=9
3 resprng : n=9
3 resprng : n=9
3 resprng : n=9
3 resprng : n=9
3 valsol  : n=9 nv=11
3 estvel  : n=9
3 resdop  : n=9
3 resdop  : n=9
3 satposs : teph=2021/06/19 10:06:09.100 n=9 ephopt=0
3 2021/06/19 10:06:09.099999985  37.35272169 -121.91576815    21.02 5  7/ 9 DTR=15.3 0.0 0.0 0.0 ()
3 G03 0 52.7 171.7  7.7        0.000
3 G04 1 50.1 112.3 49.4        0.160
3 G07 1 50.4 300.1 60.8       -0.106
3 G08 1 50.6 120.3 22.4       -0.019
3 G09 1 50.6  39.0 82.6       -0.020
3 G14 0 49.9 211.4  4.2        0.000
3 G16 1 52.4  43.7 25.3        0.208
3 G27 1 52.3  85.6 22.8       -0.243
3 G30 1 53.5 269.0 27.1        0.059
3 G30 L1CA   30 2162 554769.200 554769.123  0.000803750  0.077803750
3 G03 L1CA    3 2162 554769.200 554769.117  0.000666928  0.083666928
3 G09 L1CA    9 2162 554769.200 554769.133  0.000688373  0.067688373
3 G14 L1CA   14 2162 554769.200 554769.116  0.000424329  0.084424329
3 G16 L1CA   16 2162 554769.200 554769.123  0.000064536  0.077064536
3 G27 L1CA   27 2162 554769.200 554769.123  0.000466253  0.077466253
3 G07 L1CA    7 2162 554769.200 554769.130  0.000572728  0.070572728
3 G04 L1CA    4 2162 554769.200 554769.129  0.000472552  0.071472552
3 G08 L1CA    8 2162 554769.200 554769.123  0.000699528  0.077699529
3 sortobs: nobs=9
3 pntpos  : tobs=2021/06/19 10:06:09.200 n=9
3 satposs : teph=2021/06/19 10:06:09.200 n=9 ephopt=0
3 estpos  : n=9
3 resprng : n=9
3 resprng : n=9
3 resprng : n=9
3 resprng : n=9
3 valsol  : n=9 nv=11
3 estvel  : n=9
3 resdop  : n=9
3 resdop  : n=9
3 satposs : teph=2021/06/19 10:06:09.200 n=9 ephopt=0
3 2021/06/19 10:06:09.199999985  37.35272174 -121.91576843    21.01 5  7/ 9 DTR=15.2 0.0 0.0 0.0 ()
3 G03 0 52.7 171.7  7.7        0.000
3 G04 1 50.1 112.3 49.4        0.143
3 G07 1 50.2 300.1 60.8       -0.091
3 G08 1 50.6 120.3 22.4       -0.021
3 G09 1 50.6  39.0 82.6       -0.020
3 G14 0 49.9 211.4  4.2        0.000
3 G16 1 52.4  43.7 25.3        0.179
3 G27 1 52.3  85.6 22.8       -0.209
3 G30 1 53.5 269.0 27.1        0.052
3 G30 L1CA   30 2162 554769.300 554769.223  0.000803602  0.077803602
3 G03 L1CA    3 2162 554769.300 554769.217  0.000667166  0.083667166
3 G09 L1CA    9 2162 554769.300 554769.233  0.000688365  0.067688365
3 G14 L1CA   14 2162 554769.300 554769.216  0.000424092  0.084424092
3 G16 L1CA   16 2162 554769.300 554769.223  0.000064744  0.077064744
3 G27 L1CA   27 2162 554769.300 554769.223  0.000466178  0.077466178
3 G07 L1CA    7 2162 554769.300 554769.230  0.000572672  0.070572672
3 G04 L1CA    4 2162 554769.300 554769.229  0.000472672  0.071472672
3 G08 L1CA    8 2162 554769.300 554769.223  0.000699370  0.077699370
3 sortobs: nobs=9
3 pntpos  : tobs=2021/06/19 10:06:09.300 n=9
3 satposs : teph=2021/06/19 10:06:09.300 n=9 ephopt=0
3 estpos  : n=9
3 resprng : n=9
3 resprng : n=9
3 resprng : n=9
3 resprng : n=9
3 valsol  : n=9 nv=11
3 estvel  : n=9
3 resdop  : n=9
3 resdop  : n=9
3 satposs : teph=2021/06/19 10:06:09.300 n=9 ephopt=0
3 2021/06/19 10:06:09.299999985  37.35272152 -121.91576845    21.05 5  7/ 9 DTR=15.2 0.0 0.0 0.0 ()
3 G03 0 53.4 171.7  7.7        0.000
3 G04 1 50.1 112.3 49.4        0.155
3 G07 1 50.2 300.1 60.8       -0.030
3 G08 1 51.3 120.3 22.4       -0.011
3 G09 1 50.6  39.0 82.6       -0.071
3 G14 0 49.9 211.4  4.2        0.000
3 G16 1 52.4  43.7 25.3        0.168
3 G27 1 51.2  85.6 22.8       -0.205
3 G30 1 53.5 269.0 27.1        0.022
3 G30 L1CA   30 2162 554769.400 554769.323  0.000803454  0.077803454
3 G03 L1CA    3 2162 554769.400 554769.317  0.000667403  0.083667403
3 G09 L1CA    9 2162 554769.400 554769.333  0.000688357  0.067688357
3 G14 L1CA   14 2162 554769.400 554769.316  0.000423856  0.084423856
3 G16 L1CA   16 2162 554769.400 554769.323  0.000064951  0.077064951
3 G27 L1CA   27 2162 554769.400 554769.323  0.000466104  0.077466104
3 G07 L1CA    7 2162 554769.400 554769.330  0.000572617  0.070572617
3 G04 L1CA    4 2162 554769.400 554769.329  0.000472792  0.071472792
3 G08 L1CA    8 2162 554769.400 554769.323  0.000699211  0.077699212
3 sortobs: nobs=9
3 pntpos  : tobs=2021/06/19 10:06:09.400 n=9
3 satposs : teph=2021/06/19 10:06:09.400 n=9 ephopt=0
3 estpos  : n=9
3 resprng : n=9
3 resprng : n=9
3 resprng : n=9
3 resprng : n=9
3 valsol  : n=9 nv=11
3 estvel  : n=9
3 resdop  : n=9
3 resdop  : n=9
3 satposs : teph=2021/06/19 10:06:09.400 n=9 ephopt=0
3 2021/06/19 10:06:09.399999985  37.35272165 -121.91576850    20.90 5  7/ 9 DTR=14.9 0.0 0.0 0.0 ()
3 G03 0 53.4 171.7  7.7        0.000
3 G04 1 50.2 112.3 49.4        0.110
3 G07 1 50.2 300.1 60.8       -0.039
3 G08 1 51.3 120.3 22.4        0.017
3 G09 1 50.6  39.0 82.6       -0.038
3 G14 0 50.2 211.4  4.2        0.000
3 G16 1 52.4  43.7 25.3        0.157
3 G27 1 51.2  85.6 22.8       -0.196
3 G30 1 53.5 269.0 27.1        0.020
3 G30 L1CA   30 2162 554769.500 554769.423  0.000803305  0.077803305
3 G03 L1CA    3 2162 554769.500 554769.417  0.000667641  0.083667641
3 G09 L1CA    9 2162 554769.500 554769.433  0.000688350  0.067688350
3 G14 L1CA   14 2162 554769.500 554769.416  0.000423619  0.084423619
3 G16 L1CA   16 2162 554769.500 554769.423  0.000065159  0.077065159
3 G27 L1CA   27 2162 554769.500 554769.423  0.000466030  0.077466030
3 G07 L1CA    7 2162 554769.500 554769.430  0.000572561  0.070572561
3 G04 L1CA    4 2162 554769.500 554769.429  0.000472912  0.071472912
3 G08 L1CA    8 2162 554769.500 554769.423  0.000699053  0.077699053
3 sortobs: nobs=9
3 pntpos  : tobs=2021/06/19 10:06:09.500 n=9
3 satposs : teph=2021/06/19 10:06:09.500 n=9 ephopt=0
3 estpos  : n=9
3 resprng : n=9
3 resprng : n=9
3 resprng : n=9
3 resprng : n=9
3 valsol  : n=9 nv=11
3 estvel  : n=9
3 resdop  : n=9
3 resdop  : n=9
3 satposs : teph=2021/06/19 10:06:09.500 n=9 ephopt=0
3 2021/06/19 10:06:09.499999985  37.35272170 -121.91576905    20.81 5  7/ 9 DTR=14.8 0.0 0.0 0.0 ()
3 G03 0 53.4 171.7  7.7        0.000
3 G04 1 50.2 112.3 49.4        0.129
3 G07 1 50.2 300.1 60.8       -0.049
3 G08 1 51.3 120.3 22.4       -0.011
3 G09 1 50.6  39.0 82.6       -0.042
3 G14 0 50.2 211.4  4.2        0.000
3 G16 1 52.4  43.7 25.3        0.151
3 G27 1 51.2  85.6 22.8       -0.181
3 G30 1 53.5 269.0 27.1        0.030
3 G08 L1CA    8 2162 554769.600 554769.523  0.000698894  0.077698895
3 G30 L1CA   30 2162 554769.600 554769.523  0.000803157  0.077803157
3 G09 L1CA    9 2162 554769.600 554769.533  0.000688341  0.067688341
3 G03 L1CA    3 2162 554769.600 554769.517  0.000667879  0.083667879
3 G14 L1CA   14 2162 554769.600 554769.516  0.000423382  0.084423382
3 G16 L1CA   16 2162 554769.600 554769.523  0.000065367  0.077065367
3 G27 L1CA   27 2162 554769.600 554769.523  0.000465955  0.077465955
3 G07 L1CA    7 2162 554769.600 554769.530  0.000572505  0.070572505
3 G04 L1CA    4 2162 554769.600 554769.529  0.000473032  0.071473032
3 sortobs: nobs=9
3 pntpos  : tobs=2021/06/19 10:06:09.600 n=9
3 satposs : teph=2021/06/19 10:06:09.600 n=9 ephopt=0
3 estpos  : n=9
3 resprng : n=9
3 resprng : n=9
3 resprng : n=9
3 resprng : n=9
3 valsol  : n=9 nv=11
3 estvel  : n=9
3 resdop  : n=9
3 resdop  : n=9
3 satposs : teph=2021/06/19 10:06:09.600 n=9 ephopt=0
3 2021/06/19 10:06:09.599999985  37.35272210 -121.91576899    20.95 5  7/ 9 DTR=14.9 0.0 0.0 0.0 ()
3 G03 0 53.4 171.7  7.7        0.000
3 G04 1 50.2 112.3 49.4        0.166
3 G07 1 50.2 300.1 60.8       -0.018
3 G08 1 51.3 120.3 22.4       -0.029
3 G09 1 50.6  39.0 82.6       -0.086
3 G14 0 50.2 211.4  4.2        0.000
3 G16 1 52.2  43.7 25.2        0.151
3 G27 1 51.2  85.6 22.8       -0.182
3 G30 1 52.7 269.0 27.1        0.021
3 G08 L1CA    8 2162 554769.700 554769.623  0.000698736  0.077698736
3 G30 L1CA   30 2162 554769.700 554769.623  0.000803009  0.077803009
3 G09 L1CA    9 2162 554769.700 554769.633  0.000688334  0.067688334
3 G03 L1CA    3 2162 554769.700 554769.617  0.000668116  0.083668116
3 G14 L1CA   14 2162 554769.700 554769.616  0.000423146  0.084423146
3 G16 L1CA   16 2162 554769.700 554769.623  0.000065574  0.077065574
3 G27 L1CA   27 2162 554769.700 554769.623  0.000465881  0.077465881
3 G07 L1CA    7 2162 554769.700 554769.630  0.000572450  0.070572450
3 G04 L1CA    4 2162 554769.700 554769.629  0.000473152  0.071473153
3 sortobs: nobs=9
3 pntpos  : tobs=2021/06/19 10:06:09.700 n=9
3 satposs : teph=2021/06/19 10:06:09.700 n=9 ephopt=0
3 estpos  : n=9
3 resprng : n=9
3 resprng : n=9
3 resprng : n=9
3 resprng : n=9
3 valsol  : n=9 nv=11
3 estvel  : n=9
3 resdop  : n=9
3 resdop  : n=9
3 satposs : teph=2021/06/19 10:06:09.700 n=9 ephopt=0
3 2021/06/19 10:06:09.699999985  37.35272209 -121.91576920    20.78 5  7/ 9 DTR=14.6 0.0 0.0 0.0 ()
3 G03 0 53.4 171.7  7.7        0.000
3 G04 1 50.2 112.3 49.4        0.142
3 G07 1 50.3 300.1 60.8       -0.017
3 G08 1 51.3 120.3 22.4        0.001
3 G09 1 50.6  39.0 82.6       -0.073
3 G14 0 50.2 211.4  4.2        0.000
3 G16 1 52.2  43.7 25.2        0.159
3 G27 1 51.2  85.6 22.8       -0.199
3 G30 1 52.7 269.0 27.1        0.014
3 G08 L1CA    8 2162 554769.800 554769.723  0.000698578  0.077698578
3 G30 L1CA   30 2162 554769.800 554769.723  0.000802861  0.077802861
3 G03 L1CA    3 2162 554769.800 554769.717  0.000668354  0.083668354
3 G09 L1CA    9 2162 554769.800 554769.733  0.000688326  0.067688326
3 G14 L1CA   14 2162 554769.800 554769.716  0.000422909  0.084422909
3 G16 L1CA   16 2162 554769.800 554769.723  0.000065782  0.077065782
3 G27 L1CA   27 2162 554769.800 554769.723  0.000465807  0.077465807
3 G07 L1CA    7 2162 554769.800 554769.730  0.000572394  0.070572394
3 G04 L1CA    4 2162 554769.800 554769.729  0.000473273  0.071473273
3 sortobs: nobs=9
3 pntpos  : tobs=2021/06/19 10:06:09.800 n=9
3 satposs : teph=2021/06/19 10:06:09.800 n=9 ephopt=0
3 estpos  : n=9
3 resprng : n=9
3 resprng : n=9
3 resprng : n=9
3 resprng : n=9
3 valsol  : n=9 nv=11
3 estvel  : n=9
3 resdop  : n=9
3 resdop  : n=9
3 satposs : teph=2021/06/19 10:06:09.800 n=9 ephopt=0
3 2021/06/19 10:06:09.799999986  37.35272187 -121.91576940    20.71 5  7/ 9 DTR=14.5 0.0 0.0 0.0 ()
3 G03 0 52.6 171.7  7.7        0.000
3 G04 1 50.2 112.3 49.4        0.096
3 G07 1 50.3 300.1 60.8        0.002
3 G08 1 51.7 120.3 22.4        0.022
3 G09 1 50.6  39.0 82.6       -0.059
3 G14 0 50.2 211.4  4.2        0.000
3 G16 1 52.2  43.7 25.2        0.124
3 G27 1 51.4  85.6 22.8       -0.162
3 G30 1 52.7 269.0 27.1       -0.001
3 G08 L1CA    8 2162 554769.900 554769.823  0.000698419  0.077698419
3 G30 L1CA   30 2162 554769.900 554769.823  0.000802712  0.077802713
3 G03 L1CA    3 2162 554769.900 554769.817  0.000668591  0.083668591
3 G09 L1CA    9 2162 554769.900 554769.833  0.000688318  0.067688318
3 G14 L1CA   14 2162 554769.900 554769.816  0.000422672  0.084422672
3 G16 L1CA   16 2162 554769.900 554769.823  0.000065990  0.077065990
3 G27 L1CA   27 2162 554769.900 554769.823  0.000465732  0.077465732
3 G07 L1CA    7 2162 554769.900 554769.830  0.000572338  0.070572338
3 G04 L1CA    4 2162 554769.900 554769.829  0.000473393  0.071473393
3 sortobs: nobs=9
3 pntpos  : tobs=2021/06/19 10:06:09.900 n=9
3 satposs : teph=2021/06/19 10:06:09.900 n=9 ephopt=0
3 estpos  : n=9
3 resprng : n=9
3 resprng : n=9
3 resprng : n=9
3 resprng : n=9
3 valsol  : n=9 nv=11
3 estvel  : n=9
3 resdop  : n=9
3 resdop  : n=9
3 satposs : teph=2021/06/19 10:06:09.900 n=9 ephopt=0
3 2021/06/19 10:06:09.899999986  37.35272199 -121.91576939    20.75 5  7/ 9 DTR=14.5 0.0 0.0 0.0 ()
3 G03 0 52.6 171.7  7.7        0.000
3 G04 1 50.5 112.3 49.4        0.118
3 G07 1 50.3 300.1 60.8        0.031
3 G08 1 51.7 120.3 22.4        0.005
3 G09 1 50.7  39.0 82.6       -0.093
3 G14 0 50.1 211.4  4.2        0.000
3 G16 1 52.2  43.7 25.2        0.111
3 G27 1 51.4  85.6 22.8       -0.146
3 G30 1 52.7 269.0 27.1       -0.010
3 G08 L1CA    8 2162 554770.000 554769.923  0.000698261  0.077698261
3 G30 L1CA   30 2162 554770.000 554769.923  0.000802564  0.077802564
3 G03 L1CA    3 2162 554770.000 554769.917  0.000668829  0.083668829
3 G09 L1CA    9 2162 554770.000 554769.933  0.000688311  0.067688311
3 G14 L1CA   14 2162 554770.000 554769.916  0.000422436  0.084422436
3 G16 L1CA   16 2162 554770.000 554769.923  0.000066197  0.077066197
3 G27 L1CA   27 2162 554770.000 554769.923  0.000465658  0.077465658
3 G07 L1CA    7 2162 554770.000 554769.930  0.000572283  0.070572283
3 G04 L1CA    4 2162 554770.000 554769.929  0.000473513  0.071473513
3 sortobs: nobs=9
3 pntpos  : tobs=2021/06/19 10:06:10.000 n=9
3 satposs : teph=2021/06/19 10:06:10.000 n=9 ephopt=0
3 estpos  : n=9
3 resprng : n=9
3 resprng : n=9
3 resprng : n=9
3 resprng : n=9
3 valsol  : n=9 nv=11
3 estvel  : n=9
3 resdop  : n=9
3 resdop  : n=9
3 satposs : teph=2021/06/19 10:06:10.000 n=9 ephopt=0
3 2021/06/19 10:06:09.999999986  37.35272246 -121.91576980    20.59 5  7/ 9 DTR=14.2 0.0 0.0 0.0 ()
3 G03 0 52.6 171.7  7.7        0.000
3 G04 1 50.5 112.3 49.4        0.092
3 G07 1 50.3 300.1 60.8       -0.034
3 G08 1 51.7 120.3 22.4        0.006
3 G09 1 50.7  39.0 82.6       -0.031
3 G14 0 50.1 211.4  4.2        0.000
3 G16 1 52.2  43.7 25.2        0.124
3 G27 1 51.4  85.6 22.8       -0.153
3 G30 1 52.7 269.0 27.1        0.018
3 G08 L1CA    8 2162 554770.100 554770.023  0.000698102  0.077698102
3 G30 L1CA   30 2162 554770.100 554770.023  0.000802416  0.077802416
3 G09 L1CA    9 2162 554770.100 554770.033  0.000688303  0.067688303
3 G03 L1CA    3 2162 554770.100 554770.017  0.000669067  0.083669067
3 G14 L1CA   14 2162 554770.100 554770.016  0.000422199  0.084422199
3 G16 L1CA   16 2162 554770.100 554770.023  0.000066405  0.077066405
3 G27 L1CA   27 2162 554770.100 554770.023  0.000465584  0.077465584
3 G07 L1CA    7 2162 554770.100 554770.030  0.000572227  0.070572227
3 G04 L1CA    4 2162 554770.100 554770.029  0.000473633  0.071473633
3 sortobs: nobs=9
3 pntpos  : tobs=2021/06/19 10:06:10.100 n=9
3 satposs : teph=2021/06/19 10:06:10.100 n=9 ephopt=0
3 estpos  : n=9
3 resprng : n=9
3 resprng : n=9
3 resprng : n=9
3 resprng : n=9
3 valsol  : n=9 nv=11
3 estvel  : n=9
3 resdop  : n=9
3 resdop  : n=9
3 satposs : teph=2021/06/19 10:06:10.100 n=9 ephopt=0
3 2021/06/19 10:06:10.099999986  37.35272251 -121.91576996    20.51 5  7/ 9 DTR=14.0 0.0 0.0 0.0 ()
3 G03 0 52.6 171.7  7.7        0.000
3 G04 1 50.5 112.3 49.4        0.088
3 G07 1 50.3 300.1 60.8       -0.025
3 G08 1 51.7 120.3 22.4        0.002
3 G09 1 50.7  39.0 82.6       -0.034
3 G14 0 50.1 211.4  4.2        0.000
3 G16 1 52.5  43.7 25.2        0.109
3 G27 1 51.4  85.6 22.8       -0.135
3 G30 1 52.5 269.0 27.1        0.015
3 G08 L1CA    8 2162 554770.200 554770.123  0.000697944  0.077697944
3 G30 L1CA   30 2162 554770.200 554770.123  0.000802268  0.077802268
3 G09 L1CA    9 2162 554770.200 554770.133  0.000688295  0.067688295
3 G03 L1CA    3 2162 554770.200 554770.117  0.000669304  0.083669304
3 G16 L1CA   16 2162 554770.200 554770.123  0.000066613  0.077066613
3 G14 L1CA   14 2162 554770.200 554770.116  0.000421962  0.084421962
3 G27 L1CA   27 2162 554770.200 554770.123  0.000465509  0.077465509
3 G07 L1CA    7 2162 554770.200 554770.130  0.000572171  0.070572171
3 G04 L1CA    4 2162 554770.200 554770.129  0.000473753  0.071473753
3 sortobs: nobs=9
3 pntpos  : tobs=2021/06/19 10:06:10.200 n=9
3 satposs : teph=2021/06/19 10:06:10.200 n=9 ephopt=0
3 estpos  : n=9
3 resprng : n=9
3 resprng : n=9
3 resprng : n=9
3 resprng : n=9
3 valsol  : n=9 nv=11
3 estvel  : n=9
3 resdop  : n=9
3 resdop  : n=9
3 satposs : teph=2021/06/19 10:06:10.200 n=9 ephopt=0
3 2021/06/19 10:06:10.199999986  37.35272253 -121.91577014    20.49 5  7/ 9 DTR=13.9 0.0 0.0 0.0 ()
3 G03 0 52.6 171.7  7.7        0.000
3 G04 1 50.5 112.3 49.4        0.080
3 G07 1 50.2 300.1 60.8        0.010
3 G08 1 51.7 120.3 22.4       -0.002
3 G09 1 50.7  39.0 82.6       -0.055
3 G14 0 50.1 211.4  4.2        0.000
3 G16 1 52.5  43.7 25.2        0.075
3 G27 1 51.4  85.6 22.8       -0.097
3 G30 1 52.5 269.0 27.1       -0.001
3 G04 L1CA    4 2162 554770.300 554770.229  0.000473874  0.071473874
3 G08 L1CA    8 2162 554770.300 554770.223  0.000697785  0.077697785
3 G30 L1CA   30 2162 554770.300 554770.223  0.000802119  0.077802119
3 G09 L1CA    9 2162 554770.300 554770.233  0.000688288  0.067688288
3 G03 L1CA    3 2162 554770.300 554770.217  0.000669542  0.083669542
3 G16 L1CA   16 2162 554770.300 554770.223  0.000066820  0.077066820
3 G14 L1CA   14 2162 554770.300 554770.216  0.000421726  0.084421726
3 G27 L1CA   27 2162 554770.300 554770.223  0.000465435  0.077465435
3 G07 L1CA    7 2162 554770.300 554770.230  0.000572116  0.070572116
3 sortobs: nobs=9
3 pntpos  : tobs=2021/06/19 10:06:10.300 n=9
3 satposs : teph=2021/06/19 10:06:10.300 n=9 ephopt=0
3 estpos  : n=9
3 resprng : n=9
3 resprng : n=9
3 resprng : n=9
3 resprng : n=9
3 valsol  : n=9 nv=11
3 estvel  : n=9
3 resdop  : n=9
3 resdop  : n=9
3 satposs : teph=2021/06/19 10:06:10.300 n=9 ephopt=0
3 2021/06/19 10:06:10.299999986  37.35272257 -121.91577027    20.40 5  7/ 9 DTR=13.7 0.0 0.0 0.0 ()
3 G03 0 52.4 171.7  7.7        0.000
3 G04 1 50.5 112.3 49.4        0.057
3 G07 1 50.2 300.1 60.8        0.010
3 G08 1 51.4 120.3 22.4        0.027
3 G09 1 50.7  39.0 82.6       -0.042
3 G14 0 50.1 211.4  4.2        0.000
3 G16 1 52.5  43.7 25.2        0.086
3 G27 1 51.2  85.6 22.8       -0.116
3 G30 1 52.5 269.0 27.1       -0.007
3 G04 L1CA    4 2162 554770.400 554770.329  0.000473994  0.071473994
3 G08 L1CA    8 2162 554770.400 554770.323  0.000697627  0.077697627
3 G30 L1CA   30 2162 554770.400 554770.323  0.000801971  0.077801971
3 G09 L1CA    9 2162 554770.400 554770.333  0.000688280  0.067688280
3 G03 L1CA    3 2162 554770.400 554770.317  0.000669779  0.083669779
3 G16 L1CA   16 2162 554770.400 554770.323  0.000067028  0.077067028
3 G14 L1CA   14 2162 554770.400 554770.316  0.000421489  0.084421489
3 G27 L1CA   27 2162 554770.400 554770.323  0.000465361  0.077465361
3 G07 L1CA    7 2162 554770.400 554770.330  0.000572060  0.070572060
3 sortobs: nobs=9
3 pntpos  : tobs=2021/06/19 10:06:10.400 n=9
3 satposs : teph=2021/06/19 10:06:10.400 n=9 ephopt=0
3 estpos  : n=9
3 resprng : n=9
3 resprng : n=9
3 resprng : n=9
3 resprng : n=9
3 valsol  : n=9 nv=11
3 estvel  : n=9
3 resdop  : n=9
3 resdop  : n=9
3 satposs : teph=2021/06/19 10:06:10.400 n=9 ephopt=0
3 2021/06/19 10:06:10.399999987  37.35272262 -121.91577044    20.34 5  7/ 9 DTR=13.6 0.0 0.0 0.0 ()
3 G03 0 52.4 171.7  7.7        0.000
3 G04 1 50.2 112.3 49.4        0.035
3 G07 1 50.2 300.1 60.8       -0.010
3 G08 1 51.4 120.3 22.4        0.026
3 G09 1 50.8  39.0 82.6       -0.014
3 G14 0 49.1 211.4  4.2        0.000
3 G16 1 52.5  43.7 25.2        0.072
3 G27 1 51.2  85.6 22.8       -0.095
3 G30 1 52.5 269.0 27.1        0.001
3 G08 L1CA    8 2162 554770.500 554770.423  0.000697468  0.077697468
3 G30 L1CA   30 2162 554770.500 554770.423  0.000801823  0.077801823
3 G09 L1CA    9 2162 554770.500 554770.433  0.000688272  0.067688272
3 G03 L1CA    3 2162 554770.500 554770.417  0.000670017  0.083670017
3 G16 L1CA   16 2162 554770.500 554770.423  0.000067236  0.077067236
3 G14 L1CA   14 2162 554770.500 554770.416  0.000421252  0.084421252
3 G27 L1CA   27 2162 554770.500 554770.423  0.000465287  0.077465287
3 G07 L1CA    7 2162 554770.500 554770.430  0.000572004  0.070572004
3 G04 L1CA    4 2162 554770.500 554770.429  0.000474114  0.071474114
3 sortobs: nobs=9
3 pntpos  : tobs=2021/06/19 10:06:10.500 n=9
3 satposs : teph=2021/06/19 10:06:10.500 n=9 ephopt=0
3 estpos  : n=9
3 resprng : n=9
3 resprng : n=9
3 resprng : n=9
3 resprng : n=9
3 valsol  : n=9 nv=11
3 estvel  : n=9
3 resdop  : n=9
3 resdop  : n=9
3 satposs : teph=2021/06/19 10:06:10.500 n=9 ephopt=0
3 2021/06/19 10:06:10.499999987  37.35272278 -121.91577091    20.30 5  7/ 9 DTR=13.5 0.0 0.0 0.0 ()
3 G03 0 52.4 171.7  7.7        0.000
3 G04 1 50.2 112.4 49.4        0.067
3 G07 1 50.2 300.1 60.8       -0.014
3 G08 1 51.4 120.3 22.4       -0.015
3 G09 1 50.8  39.1 82.6       -0.030
3 G14 0 49.1 211.4  4.2        0.000
3 G16 1 52.5  43.7 25.2        0.061
3 G27 1 51.2  85.6 22.8       -0.072
3 G30 1 52.5 269.0 27.1        0.012
3 G04 L1CA    4 2162 554770.600 554770.529  0.000474234  0.071474234
3 G08 L1CA    8 2162 554770.600 554770.523  0.000697310  0.077697310
3 G30 L1CA   30 2162 554770.600 554770.523  0.000801675  0.077801675
3 G09 L1CA    9 2162 554770.600 554770.533  0.000688264  0.067688264
3 G03 L1CA    3 2162 554770.600 554770.517  0.000670255  0.083670255
3 G16 L1CA   16 2162 554770.600 554770.523  0.000067443  0.077067443
3 G14 L1CA   14 2162 554770.600 554770.516  0.000421016  0.084421016
3 G27 L1CA   27 2162 554770.600 554770.523  0.000465212  0.077465212
3 G07 L1CA    7 2162 554770.600 554770.530  0.000571949  0.070571949
3 sortobs: nobs=9
3 pntpos  : tobs=2021/06/19 10:06:10.600 n=9
3 satposs : teph=2021/06/19 10:06:10.600 n=9 ephopt=0
3 estpos  : n=9
3 resprng : n=9
3 resprng : n=9
3 resprng : n=9
3 resprng : n=9
3 valsol  : n=9 nv=11
3 estvel  : n=9
3 resdop  : n=9
3 resdop  : n=9
3 satposs : teph=2021/06/19 10:06:10.600 n=9 ephopt=0
3 2021/06/19 10:06:10.599999987  37.35272287 -121.91577097    20.29 5  7/ 9 DTR=13.4 0.0 0.0 0.0 ()
3 G03 0 52.4 171.7  7.7        0.000
3 G04 1 50.2 112.4 49.4        0.084
3 G07 1 50.2 300.1 60.8        0.027
3 G08 1 51.4 120.3 22.4       -0.008
3 G09 1 50.8  39.1 82.6       -0.069
3 G14 0 49.1 211.4  4.2        0.000
3 G16 1 52.0  43.7 25.2        0.063
3 G27 1 51.2  85.6 22.8       -0.082
3 G30 1 52.3 269.0 27.1       -0.007
3 G04 L1CA    4 2162 554770.700 554770.629  0.000474354  0.071474354
3 G08 L1CA    8 2162 554770.700 554770.623  0.000697151  0.077697151
3 G30 L1CA   30 2162 554770.700 554770.623  0.000801526  0.077801526
3 G09 L1CA    9 2162 554770.700 554770.633  0.000688257  0.067688257
3 G03 L1CA    3 2162 554770.700 554770.617  0.000670492  0.083670492
3 G16 L1CA   16 2162 554770.700 554770.623  0.000067651  0.077067651
3 G14 L1CA   14 2162 554770.700 554770.616  0.000420779  0.084420779
3 G27 L1CA   27 2162 554770.700 554770.623  0.000465138  0.077465138
3 G07 L1CA    7 2162 554770.700 554770.630  0.000571893  0.070571893
3 sortobs: nobs=9
3 pntpos  : tobs=2021/06/19 10:06:10.700 n=9
3 satposs : teph=2021/06/19 10:06:10.700 n=9 ephopt=0
3 estpos  : n=9
3 resprng : n=9
3 resprng : n=9
3 resprng : n=9
3 resprng : n=9
3 valsol  : n=9 nv=11
3 estvel  : n=9
3 resdop  : n=9
3 resdop  : n=9
3 satposs : teph=2021/06/19 10:06:10.700 n=9 ephopt=0
3 2021/06/19 10:06:10.699999987  37.35272291 -121.91577108    20.18 5  7/ 9 DTR=13.2 0.0 0.0 0.0 ()
3 G03 0 52.4 171.7  7.7        0.000
3 G04 1 50.2 112.4 49.4        0.075
3 G07 1 50.1 300.1 60.8        0.025
3 G08 1 51.4 120.3 22.4       -0.000
3 G09 1 50.8  39.1 82.6       -0.063
3 G14 0 49.1 211.4  4.2        0.000
3 G16 1 52.0  43.7 25.2        0.063
3 G27 1 51.2  85.6 22.8       -0.084
3 G30 1 52.3 269.0 27.1       -0.008
3 G04 L1CA    4 2162 554770.800 554770.729  0.000474474  0.071474474
3 G08 L1CA    8 2162 554770.800 554770.723  0.000696993  0.077696993
3 G30 L1CA   30 2162 554770.800 554770.723  0.000801378  0.077801378
3 G09 L1CA    9 2162 554770.800 554770.733  0.000688249  0.067688249
3 G03 L1CA    3 2162 554770.800 554770.717  0.000670730  0.083670730
3 G16 L1CA   16 2162 554770.800 554770.723  0.000067859  0.077067859
3 G14 L1CA   14 2162 554770.800 554770.716  0.000420542  0.084420542
3 G27 L1CA   27 2162 554770.800 554770.723  0.000465064  0.077465064
3 G07 L1CA    7 2162 554770.800 554770.730  0.000571838  0.070571838
3 sortobs: nobs=9
3 pntpos  : tobs=2021/06/19 10:06:10.800 n=9
3 satposs : teph=2021/06/19 10:06:10.800 n=9 ephopt=0
3 estpos  : n=9
3 resprng : n=9
3 resprng : n=9
3 resprng : n=9
3 resprng : n=9
3 valsol  : n=9 nv=11
3 estvel  : n=9
3 resdop  : n=9
3 resdop  : n=9
3 satposs : teph=2021/06/19 10:06:10.800 n=9 ephopt=0
3 2021/06/19 10:06:10.799999987  37.35272263 -121.91577119    20.23 5  7/ 9 DTR=13.2 0.0 0.0 0.0 ()
3 G03 0 52.1 171.7  7.7        0.000
3 G04 1 50.2 112.4 49.4        0.045
3 G07 1 50.1 300.1 60.8        0.047
3 G08 1 51.3 120.3 22.4        0.008
3 G09 1 50.8  39.1 82.6       -0.061
3 G14 0 49.1 211.4  4.2        0.000
3 G16 1 52.0  43.7 25.2        0.029
3 G27 1 51.2  85.6 22.8       -0.046
3 G30 1 52.3 269.0 27.1       -0.021
3 G04 L1CA    4 2162 554770.900 554770.829  0.000474595  0.071474595
3 G08 L1CA    8 2162 554770.900 554770.823  0.000696834  0.077696834
3 G30 L1CA   30 2162 554770.900 554770.823  0.000801230  0.077801230
3 G09 L1CA    9 2162 554770.900 554770.833  0.000688241  0.067688241
3 G03 L1CA    3 2162 554770.900 554770.817  0.000670967  0.083670967
3 G16 L1CA   16 2162 554770.900 554770.823  0.000068066  0.077068066
3 G14 L1CA   14 2162 554770.900 554770.816  0.000420306  0.084420306
3 G27 L1CA   27 2162 554770.900 554770.823  0.000464989  0.077464989
3 G07 L1CA    7 2162 554770.900 554770.830  0.000571782  0.070571782
3 sortobs: nobs=9
3 pntpos  : tobs=2021/06/19 10:06:10.900 n=9
3 satposs : teph=2021/06/19 10:06:10.900 n=9 ephopt=0
3 estpos  : n=9
3 resprng : n=9
3 resprng : n=9
3 resprng : n=9
3 resprng : n=9
3 valsol  : n=9 nv=11
3 estvel  : n=9
3 resdop  : n=9
3 resdop  : n=9
3 satposs : teph=2021/06/19 10:06:10.900 n=9 ephopt=0
3 2021/06/19 10:06:10.899999987  37.35272286 -121.91577134    20.27 5  7/ 9 DTR=13.2 0.0 0.0 0.0 ()
3 G03 0 52.1 171.7  7.7        0.000
3 G04 1 50.1 112.4 49.4        0.069
3 G07 1 50.1 300.1 60.8        0.036
3 G08 1 51.3 120.3 22.4       -0.005
3 G09 1 50.7  39.1 82.6       -0.066
3 G14 0 49.2 211.4  4.2        0.000
3 G16 1 52.0  43.7 25.2        0.045
3 G27 1 51.2  85.6 22.8       -0.062
3 G30 1 52.3 269.0 27.1       -0.013
3 G04 L1CA    4 2162 554771.000 554770.929  0.000474715  0.071474715
3 G08 L1CA    8 2162 554771.000 554770.923  0.000696676  0.077696676
3 G30 L1CA   30 2162 554771.000 554770.923  0.000801082  0.077801082
3 G09 L1CA    9 2162 554771.000 554770.933  0.000688233  0.067688234
3 G03 L1CA    3 2162 554771.000 554770.917  0.000671205  0.083671205
3 G16 L1CA   16 2162 554771.000 554770.923  0.000068274  0.077068274
3 G14 L1CA   14 2162 554771.000 554770.916  0.000420069  0.084420069
3 G27 L1CA   27 2162 554771.000 554770.923  0.000464915  0.077464915
3 G07 L1CA    7 2162 554771.000 554770.930  0.000571726  0.070571726
3 sortobs: nobs=9
3 pntpos  : tobs=2021/06/19 10:06:11.000 n=9
3 satposs : teph=2021/06/19 10:06:11.000 n=9 ephopt=0
3 estpos  : n=9
3 resprng : n=9
3 resprng : n=9
3 resprng : n=9
3 resprng : n=9
3 valsol  : n=9 nv=11
3 estvel  : n=9
3 resdop  : n=9
3 resdop  : n=9
3 satposs : teph=2021/06/19 10:06:11.000 n=9 ephopt=0
3 2021/06/19 10:06:10.999999987  37.35272296 -121.91577161    20.06 5  7/ 9 DTR=12.8 0.0 0.0 0.0 ()
3 G03 0 52.1 171.7  7.7        0.000
3 G04 1 50.1 112.4 49.4        0.050
3 G07 1 50.1 300.1 60.8        0.001
3 G08 1 51.3 120.3 22.4       -0.006
3 G09 1 50.7  39.1 82.6       -0.031
3 G14 0 49.2 211.4  4.2        0.000
3 G16 1 52.0  43.7 25.2        0.045
3 G27 1 51.2  85.6 22.8       -0.056
3 G30 1 52.3 269.0 27.1        0.003
3 G04 L1CA    4 2162 554771.100 554771.029  0.000474835  0.071474835
3 G08 L1CA    8 2162 554771.100 554771.023  0.000696517  0.077696517
3 G30 L1CA   30 2162 554771.100 554771.023  0.000800934  0.077800934
3 G09 L1CA    9 2162 554771.100 554771.033  0.000688226  0.067688226
3 G03 L1CA    3 2162 554771.100 554771.017  0.000671442  0.083671443
3 G16 L1CA   16 2162 554771.100 554771.023  0.000068482  0.077068482
3 G14 L1CA   14 2162 554771.100 554771.016  0.000419832  0.084419832
3 G27 L1CA   27 2162 554771.100 554771.023  0.000464841  0.077464841
3 G07 L1CA    7 2162 554771.100 554771.030  0.000571671  0.070571671
3 sortobs: nobs=9
3 pntpos  : tobs=2021/06/19 10:06:11.100 n=9
3 satposs : teph=2021/06/19 10:06:11.100 n=9 ephopt=0
3 estpos  : n=9
3 resprng : n=9
3 resprng : n=9
3 resprng : n=9
3 resprng : n=9
3 valsol  : n=9 nv=11
3 estvel  : n=9
3 resdop  : n=9
3 resdop  : n=9
3 satposs : teph=2021/06/19 10:06:11.100 n=9 ephopt=0
3 2021/06/19 10:06:11.099999987  37.35272300 -121.91577169    20.06 5  7/ 9 DTR=12.8 0.0 0.0 0.0 ()
3 G03 0 52.1 171.7  7.7        0.000
3 G04 1 50.1 112.4 49.4        0.061
3 G07 1 50.1 300.1 60.8        0.041
3 G08 1 51.3 120.3 22.4       -0.008
3 G09 1 50.7  39.1 82.6       -0.066
3 G14 0 49.2 211.4  4.2        0.000
3 G16 1 51.8  43.7 25.2        0.031
3 G27 1 51.2  85.6 22.8       -0.044
3 G30 1 52.2 269.0 27.1       -0.015
3 G07 L1CA    7 2162 554771.200 554771.130  0.000571615  0.070571615
3 G04 L1CA    4 2162 554771.200 554771.129  0.000474955  0.071474955
3 G08 L1CA    8 2162 554771.200 554771.123  0.000696359  0.077696359
3 G30 L1CA   30 2162 554771.200 554771.123  0.000800785  0.077800785
3 G09 L1CA    9 2162 554771.200 554771.133  0.000688218  0.067688218
3 G03 L1CA    3 2162 554771.200 554771.117  0.000671680  0.083671680
3 G16 L1CA   16 2162 554771.200 554771.123  0.000068690  0.077068690
3 G14 L1CA   14 2162 554771.200 554771.116  0.000419596  0.084419596
3 G27 L1CA   27 2162 554771.200 554771.123  0.000464766  0.077464766
3 sortobs: nobs=9
3 pntpos  : tobs=2021/06/19 10:06:11.200 n=9
3 satposs : teph=2021/06/19 10:06:11.200 n=9 ephopt=0
3 estpos  : n=9
3 resprng : n=9
3 resprng : n=9
3 resprng : n=9
3 resprng : n=9
3 valsol  : n=9 nv=11
3 estvel  : n=9
3 resdop  : n=9
3 resdop  : n=9
3 satposs : teph=2021/06/19 10:06:11.200 n=9 ephopt=0
3 2021/06/19 10:06:11.199999987  37.35272281 -121.91577158    20.13 5  7/ 9 DTR=12.9 0.0 0.0 0.0 ()
3 G03 0 52.1 171.7  7.7        0.000
3 G04 1 50.1 112.4 49.4        0.049
3 G07 1 50.3 300.1 60.8        0.091
3 G08 1 51.3 120.3 22.4        0.008
3 G09 1 50.7  39.1 82.6       -0.094
3 G14 0 49.2 211.4  4.2        0.000
3 G16 1 51.8  43.7 25.2        0.006
3 G27 1 51.2  85.6 22.8       -0.024
3 G30 1 52.2 269.0 27.1       -0.041
3 G07 L1CA    7 2162 554771.300 554771.230  0.000571559  0.070571559
3 G04 L1CA    4 2162 554771.300 554771.229  0.000475075  0.071475075
3 G08 L1CA    8 2162 554771.300 554771.223  0.000696200  0.077696201
3 G30 L1CA   30 2162 554771.300 554771.223  0.000800637  0.077800637
3 G09 L1CA    9 2162 554771.300 554771.233  0.000688210  0.067688210
3 G03 L1CA    3 2162 554771.300 554771.217  0.000671918  0.083671918
3 G16 L1CA   16 2162 554771.300 554771.223  0.000068897  0.077068897
3 G14 L1CA   14 2162 554771.300 554771.216  0.000419359  0.084419359
3 G27 L1CA   27 2162 554771.300 554771.223  0.000464692  0.077464692
3 sortobs: nobs=9
3 pntpos  : tobs=2021/06/19 10:06:11.300 n=9
3 satposs : teph=2021/06/19 10:06:11.300 n=9 ephopt=0
3 estpos  : n=9
3 resprng : n=9
3 resprng : n=9
3 resprng : n=9
3 resprng : n=9
3 valsol  : n=9 nv=11
3 estvel  : n=9
3 resdop  : n=9
3 resdop  : n=9
3 satposs : teph=2021/06/19 10:06:11.300 n=9 ephopt=0
3 2021/06/19 10:06:11.299999987  37.35272300 -121.91577187    20.03 5  7/ 9 DTR=12.7 0.0 0.0 0.0 ()
3 G03 0 52.0 171.7  7.7        0.000
3 G04 1 50.1 112.4 49.4        0.020
3 G07 1 50.3 300.1 60.8        0.039
3 G08 1 51.6 120.3 22.4        0.019
3 G09 1 50.7  39.1 82.6       -0.040
3 G14 0 49.2 211.4  4.2        0.000
3 G16 1 51.8  43.7 25.2        0.020
3 G27 1 52.3  85.6 22.8       -0.036
3 G30 1 52.2 269.0 27.1       -0.021
3 G04 L1CA    4 2162 554771.400 554771.329  0.000475195  0.071475195
3 G08 L1CA    8 2162 554771.400 554771.323  0.000696042  0.077696042
3 G30 L1CA   30 2162 554771.400 554771.323  0.000800489  0.077800489
3 G09 L1CA    9 2162 554771.400 554771.333  0.000688202  0.067688202
3 G03 L1CA    3 2162 554771.400 554771.317  0.000672155  0.083672155
3 G16 L1CA   16 2162 554771.400 554771.323  0.000069105  0.077069105
3 G14 L1CA   14 2162 554771.400 554771.316  0.000419122  0.084419122
3 G27 L1CA   27 2162 554771.400 554771.323  0.000464618  0.077464618
3 G07 L1CA    7 2162 554771.400 554771.330  0.000571504  0.070571504
3 sortobs: nobs=9
3 pntpos  : tobs=2021/06/19 10:06:11.400 n=9
3 satposs : teph=2021/06/19 10:06:11.400 n=9 ephopt=0
3 estpos  : n=9
3 resprng : n=9
3 resprng : n=9
3 resprng : n=9
3 resprng : n=9
3 valsol  : n=9 nv=11
3 estvel  : n=9
3 resdop  : n=9
3 resdop  : n=9
3 satposs : teph=2021/06/19 10:06:11.400 n=9 ephopt=0
3 2021/06/19 10:06:11.399999987  37.35272285 -121.91577193    20.09 5  7/ 9 DTR=12.8 0.0 0.0 0.0 ()
3 G03 0 52.0 171.7  7.7        0.000
3 G04 1 49.6 112.4 49.4        0.013
3 G07 1 50.3 300.1 60.8        0.066
3 G08 1 51.6 120.3 22.4        0.029
3 G09 1 50.3  39.1 82.6       -0.055
3 G14 0 49.5 211.4  4.2        0.000
3 G16 1 51.8  43.7 25.2        0.009
3 G27 1 52.3  85.6 22.8       -0.028
3 G30 1 52.2 269.0 27.1       -0.035
3 G27 L1CA   27 2162 554771.500 554771.423  0.000464544  0.077464544
3 G07 L1CA    7 2162 554771.500 554771.430  0.000571448  0.070571448
3 G04 L1CA    4 2162 554771.500 554771.429  0.000475316  0.071475316
3 G08 L1CA    8 2162 554771.500 554771.423  0.000695884  0.077695884
3 G30 L1CA   30 2162 554771.500 554771.423  0.000800341  0.077800341
3 G09 L1CA    9 2162 554771.500 554771.433  0.000688194  0.067688194
3 G03 L1CA    3 2162 554771.500 554771.417  0.000672393  0.083672393
3 G16 L1CA   16 2162 554771.500 554771.423  0.000069313  0.077069313
3 G14 L1CA   14 2162 554771.500 554771.416  0.000418885  0.084418886
3 sortobs: nobs=9
3 pntpos  : tobs=2021/06/19 10:06:11.500 n=9
3 satposs : teph=2021/06/19 10:06:11.500 n=9 ephopt=0
3 estpos  : n=9
3 resprng : n=9
3 resprng : n=9
3 resprng : n=9
3 resprng : n=9
3 valsol  : n=9 nv=11
3 estvel  : n=9
3 resdop  : n=9
3 resdop  : n=9
3 satposs : teph=2021/06/19 10:06:11.500 n=9 ephopt=0
3 2021/06/19 10:06:11.499999987  37.35272278 -121.91577206    20.14 5  7/ 9 DTR=12.9 0.0 0.0 0.0 ()
3 G03 0 52.0 171.7  7.7        0.000
3 G04 1 49.6 112.4 49.4        0.052
3 G07 1 50.3 300.1 60.8        0.122
3 G08 1 51.6 120.3 22.4        0.005
3 G09 1 50.3  39.1 82.6       -0.118
3 G14 0 49.5 211.4  4.2        0.000
3 G16 1 51.8  43.7 25.2       -0.011
3 G27 1 52.3  85.6 22.8       -0.006
3 G30 1 52.2 269.0 27.1       -0.055
3 G27 L1CA   27 2162 554771.600 554771.523  0.000464469  0.077464469
3 G07 L1CA    7 2162 554771.600 554771.530  0.000571393  0.070571393
3 G04 L1CA    4 2162 554771.600 554771.529  0.000475436  0.071475436
3 G08 L1CA    8 2162 554771.600 554771.523  0.000695725  0.077695725
3 G30 L1CA   30 2162 554771.600 554771.523  0.000800193  0.077800193
3 G09 L1CA    9 2162 554771.600 554771.533  0.000688187  0.067688187
3 G03 L1CA    3 2162 554771.600 554771.517  0.000672630  0.083672630
3 G16 L1CA   16 2162 554771.600 554771.523  0.000069521  0.077069521
3 G14 L1CA   14 2162 554771.600 554771.516  0.000418649  0.084418649
3 sortobs: nobs=9
3 pntpos  : tobs=2021/06/19 10:06:11.600 n=9
3 satposs : teph=2021/06/19 10:06:11.600 n=9 ephopt=0
3 estpos  : n=9
3 resprng : n=9
3 resprng : n=9
3 resprng : n=9
3 resprng : n=9
3 valsol  : n=9 nv=11
3 estvel  : n=9
3 resdop  : n=9
3 resdop  : n=9
3 satposs : teph=2021/06/19 10:06:11.600 n=9 ephopt=0
3 2021/06/19 10:06:11.599999987  37.35272262 -121.91577205    20.05 5  7/ 9 DTR=12.7 0.0 0.0 0.0 ()
3 G03 0 52.0 171.7  7.7        0.000
3 G04 1 49.6 112.4 49.4        0.026
3 G07 1 50.3 300.1 60.8        0.114
3 G08 1 51.6 120.3 22.5        0.029
3 G09 1 50.3  39.1 82.6       -0.098
3 G14 0 49.5 211.4  4.2        0.000
3 G16 1 52.3  43.7 25.2       -0.007
3 G27 1 52.3  85.6 22.8       -0.015
3 G30 1 51.3 269.0 27.1       -0.057
3 G27 L1CA   27 2162 554771.700 554771.623  0.000464395  0.077464395
3 G14 L1CA   14 2162 554771.700 554771.616  0.000418412  0.084418412
3 G07 L1CA    7 2162 554771.700 554771.630  0.000571337  0.070571337
3 G04 L1CA    4 2162 554771.700 554771.629  0.000475556  0.071475556
3 G08 L1CA    8 2162 554771.700 554771.623  0.000695567  0.077695567
3 G30 L1CA   30 2162 554771.700 554771.623  0.000800044  0.077800044
3 G09 L1CA    9 2162 554771.700 554771.633  0.000688179  0.067688179
3 G03 L1CA    3 2162 554771.700 554771.617  0.000672868  0.083672868
3 G16 L1CA   16 2162 554771.700 554771.623  0.000069728  0.077069728
3 sortobs: nobs=9
3 pntpos  : tobs=2021/06/19 10:06:11.700 n=9
3 satposs : teph=2021/06/19 10:06:11.700 n=9 ephopt=0
3 estpos  : n=9
3 resprng : n=9
3 resprng : n=9
3 resprng : n=9
3 resprng : n=9
3 valsol  : n=9 nv=11
3 estvel  : n=9
3 resdop  : n=9
3 resdop  : n=9
3 satposs : teph=2021/06/19 10:06:11.700 n=9 ephopt=0
3 2021/06/19 10:06:11.699999987  37.35272296 -121.91577232    20.05 5  7/ 9 DTR=12.7 0.0 0.0 0.0 ()
3 G03 0 52.0 171.7  7.7        0.000
3 G04 1 49.6 112.4 49.4        0.047
3 G07 1 51.0 300.1 60.8        0.099
3 G08 1 51.6 120.3 22.5        0.011
3 G09 1 50.3  39.1 82.6       -0.099
3 G14 0 49.5 211.4  4.2        0.000
3 G16 1 52.3  43.7 25.2        0.004
3 G27 1 52.3  85.6 22.8       -0.023
3 G30 1 51.3 269.0 27.1       -0.046
3 G09 L1CA    9 2162 554771.800 554771.733  0.000688171  0.067688171
3 G03 L1CA    3 2162 554771.800 554771.717  0.000673105  0.083673105
3 G16 L1CA   16 2162 554771.800 554771.723  0.000069936  0.077069936
3 G27 L1CA   27 2162 554771.800 554771.723  0.000464321  0.077464321
3 G07 L1CA    7 2162 554771.800 554771.730  0.000571281  0.070571281
3 G14 L1CA   14 2162 554771.800 554771.716  0.000418175  0.084418175
3 G04 L1CA    4 2162 554771.800 554771.729  0.000475676  0.071475676
3 G08 L1CA    8 2162 554771.800 554771.723  0.000695408  0.077695408
3 G30 L1CA   30 2162 554771.800 554771.723  0.000799896  0.077799896
3 sortobs: nobs=9
3 pntpos  : tobs=2021/06/19 10:06:11.800 n=9
3 satposs : teph=2021/06/19 10:06:11.800 n=9 ephopt=0
3 estpos  : n=9
3 resprng : n=9
3 resprng : n=9
3 resprng : n=9
3 resprng : n=9
3 valsol  : n=9 nv=11
3 estvel  : n=9
3 resdop  : n=9
3 resdop  : n=9
3 satposs : teph=2021/06/19 10:06:11.800 n=9 ephopt=0
3 2021/06/19 10:06:11.799999987  37.35272278 -121.91577230    20.20 5  7/ 9 DTR=12.9 0.0 0.0 0.0 ()
3 G03 0 52.0 171.7  7.7        0.000
3 G04 1 49.6 112.4 49.4        0.039
3 G07 1 51.0 300.1 60.8        0.146
3 G08 1 52.0 120.3 22.5        0.020
3 G09 1 50.3  39.1 82.6       -0.128
3 G14 0 49.5 211.4  4.2        0.000
3 G16 1 52.3  43.7 25.2       -0.021
3 G27 1 52.4  85.6 22.8       -0.000
3 G30 1 51.3 269.0 27.1       -0.069
3 G09 L1CA    9 2162 554771.900 554771.833  0.000688163  0.067688163
3 G03 L1CA    3 2162 554771.900 554771.817  0.000673343  0.083673343
3 G16 L1CA   16 2162 554771.900 554771.823  0.000070144  0.077070144
3 G27 L1CA   27 2162 554771.900 554771.823  0.000464246  0.077464246
3 G07 L1CA    7 2162 554771.900 554771.830  0.000571226  0.070571226
3 G14 L1CA   14 2162 554771.900 554771.816  0.000417939  0.084417939
3 G04 L1CA    4 2162 554771.900 554771.829  0.000475796  0.071475796
3 G08 L1CA    8 2162 554771.900 554771.823  0.000695250  0.077695250
3 G30 L1CA   30 2162 554771.900 554771.823  0.000799748  0.077799748
3 sortobs: nobs=9
3 pntpos  : tobs=2021/06/19 10:06:11.900 n=9
3 satposs : teph=2021/06/19 10:06:11.900 n=9 ephopt=0
3 estpos  : n=9
3 resprng : n=9
3 resprng : n=9
3 resprng : n=9
3 resprng : n=9
3 valsol  : n=9 nv=11
3 estvel  : n=9
3 resdop  : n=9
3 resdop  : n=9
3 satposs : teph=2021/06/19 10:06:11.900 n=9 ephopt=0
3 2021/06/19 10:06:11.899999987  37.35272282 -121.91577232    20.05 5  7/ 9 DTR=12.6 0.0 0.0 0.0 ()
3 G03 0 52.0 171.7  7.7        0.000
3 G04 1 50.4 112.4 49.4        0.016
3 G07 1 51.0 300.1 60.8        0.136
3 G08 1 52.0 120.3 22.5        0.035
3 G09 1 50.8  39.1 82.6       -0.107
3 G14 0 50.0 211.4  4.2        0.000
3 G16 1 52.3  43.7 25.2       -0.023
3 G27 1 52.4  85.6 22.8        0.000
3 G30 1 51.3 269.0 27.1       -0.068
3 G03 L1CA    3 2162 554772.000 554771.917  0.000673580  0.083673581
3 G09 L1CA    9 2162 554772.000 554771.933  0.000688156  0.067688156
3 G16 L1CA   16 2162 554772.000 554771.923  0.000070351  0.077070351
3 G27 L1CA   27 2162 554772.000 554771.923  0.000464172  0.077464172
3 G07 L1CA    7 2162 554772.000 554771.930  0.000571170  0.070571170
3 G14 L1CA   14 2162 554772.000 554771.916  0.000417702  0.084417702
3 G04 L1CA    4 2162 554772.000 554771.929  0.000475917  0.071475917
3 G08 L1CA    8 2162 554772.000 554771.923  0.000695091  0.077695091
3 G30 L1CA   30 2162 554772.000 554771.923  0.000799600  0.077799600
3 sortobs: nobs=9
3 pntpos  : tobs=2021/06/19 10:06:12.000 n=9
3 satposs : teph=2021/06/19 10:06:12.000 n=9 ephopt=0
3 estpos  : n=9
3 resprng : n=9
3 resprng : n=9
3 resprng : n=9
3 resprng : n=9
3 valsol  : n=9 nv=11
3 estvel  : n=9
3 resdop  : n=9
3 resdop  : n=9
3 satposs : teph=2021/06/19 10:06:12.000 n=9 ephopt=0
3 2021/06/19 10:06:11.999999988  37.35272306 -121.91577244    19.94 5  7/ 9 DTR=12.4 0.0 0.0 0.0 ()
3 G03 0 52.0 171.7  7.7        0.000
3 G04 1 50.4 112.4 49.4        0.003
3 G07 1 51.0 300.1 60.8        0.129
3 G08 1 52.0 120.3 22.5        0.051
3 G09 1 50.8  39.1 82.6       -0.095
3 G14 0 50.0 211.4  4.2        0.000
3 G16 1 52.3  43.7 25.2       -0.014
3 G27 1 52.4  85.6 22.8       -0.013
3 G30 1 51.3 269.0 27.1       -0.069
3 G03 L1CA    3 2162 554772.100 554772.017  0.000673818  0.083673818
3 G09 L1CA    9 2162 554772.100 554772.033  0.000688148  0.067688148
3 G16 L1CA   16 2162 554772.100 554772.023  0.000070559  0.077070559
3 G27 L1CA   27 2162 554772.100 554772.023  0.000464098  0.077464098
3 G07 L1CA    7 2162 554772.100 554772.030  0.000571114  0.070571115
3 G14 L1CA   14 2162 554772.100 554772.016  0.000417465  0.084417465
3 G04 L1CA    4 2162 554772.100 554772.029  0.000476037  0.071476037
3 G08 L1CA    8 2162 554772.100 554772.023  0.000694933  0.077694933
3 G30 L1CA   30 2162 554772.100 554772.023  0.000799452  0.077799452
3 sortobs: nobs=9
3 pntpos  : tobs=2021/06/19 10:06:12.100 n=9
3 satposs : teph=2021/06/19 10:06:12.100 n=9 ephopt=0
3 estpos  : n=9
3 resprng : n=9
3 resprng : n=9
3 resprng : n=9
3 resprng : n=9
3 valsol  : n=9 nv=11
3 estvel  : n=9
3 resdop  : n=9
3 resdop  : n=9
3 satposs : teph=2021/06/19 10:06:12.100 n=9 ephopt=0
3 2021/06/19 10:06:12.099999988  37.35272317 -121.91577259    19.99 5  7/ 9 DTR=12.5 0.0 0.0 0.0 ()
3 G03 0 52.0 171.7  7.7        0.000
3 G04 1 50.4 112.4 49.4        0.034
3 G07 1 51.0 300.1 60.8        0.169
3 G08 1 52.0 120.3 22.5        0.019
3 G09 1 50.8  39.2 82.6       -0.141
3 G14 0 50.0 211.4  4.2        0.000
3 G16 1 51.9  43.7 25.2       -0.041
3 G27 1 52.4  85.6 22.8        0.021
3 G30 1 51.2 269.0 27.1       -0.080
3 G03 L1CA    3 2162 554772.200 554772.117  0.000674056  0.083674056
3 G16 L1CA   16 2162 554772.200 554772.123  0.000070767  0.077070767
3 G09 L1CA    9 2162 554772.200 554772.133  0.000688140  0.067688140
3 G27 L1CA   27 2162 554772.200 554772.123  0.000464024  0.077464024
3 G07 L1CA    7 2162 554772.200 554772.130  0.000571059  0.070571059
3 G14 L1CA   14 2162 554772.200 554772.116  0.000417229  0.084417229
3 G04 L1CA    4 2162 554772.200 554772.129  0.000476157  0.071476157
3 G08 L1CA    8 2162 554772.200 554772.123  0.000694774  0.077694775
3 G30 L1CA   30 2162 554772.200 554772.123  0.000799303  0.077799304
3 sortobs: nobs=9
3 pntpos  : tobs=2021/06/19 10:06:12.200 n=9
3 satposs : teph=2021/06/19 10:06:12.200 n=9 ephopt=0
3 estpos  : n=9
3 resprng : n=9
3 resprng : n=9
3 resprng : n=9
3 resprng : n=9
3 valsol  : n=9 nv=11
3 estvel  : n=9
3 resdop  : n=9
3 resdop  : n=9
3 satposs : teph=2021/06/19 10:06:12.200 n=9 ephopt=0
3 2021/06/19 10:06:12.199999988  37.35272331 -121.91577267    19.93 5  7/ 9 DTR=12.3 0.0 0.0 0.0 ()
3 G03 0 52.0 171.7  7.7        0.000
3 G04 1 50.4 112.4 49.4        0.009
3 G07 1 52.3 300.1 60.8        0.119
3 G08 1 52.0 120.3 22.5        0.018
3 G09 1 50.8  39.2 82.6       -0.091
3 G14 0 50.0 211.4  4.2        0.000
3 G16 1 51.9  43.7 25.2       -0.040
3 G27 1 52.4  85.6 22.8        0.028
3 G30 1 51.2 269.0 27.1       -0.058
3 G03 L1CA    3 2162 554772.300 554772.217  0.000674293  0.083674293
3 G09 L1CA    9 2162 554772.300 554772.233  0.000688133  0.067688133
3 G16 L1CA   16 2162 554772.300 554772.223  0.000070975  0.077070975
3 G27 L1CA   27 2162 554772.300 554772.223  0.000463949  0.077463949
3 G14 L1CA   14 2162 554772.300 554772.216  0.000416992  0.084416992
3 G07 L1CA    7 2162 554772.300 554772.230  0.000571003  0.070571003
3 G04 L1CA    4 2162 554772.300 554772.229  0.000476277  0.071476277
3 G08 L1CA    8 2162 554772.300 554772.223  0.000694616  0.077694616
3 G30 L1CA   30 2162 554772.300 554772.223  0.000799155  0.077799155
3 sortobs: nobs=9
3 pntpos  : tobs=2021/06/19 10:06:12.300 n=9
3 satposs : teph=2021/06/19 10:06:12.300 n=9 ephopt=0
3 estpos  : n=9
3 resprng : n=9
3 resprng : n=9
3 resprng : n=9
3 resprng : n=9
3 valsol  : n=9 nv=11
3 estvel  : n=9
3 resdop  : n=9
3 resdop  : n=9
3 satposs : teph=2021/06/19 10:06:12.300 n=9 ephopt=0
3 2021/06/19 10:06:12.299999988  37.35272301 -121.91577273    19.87 5  7/ 9 DTR=12.2 0.0 0.0 0.0 ()
3 G03 0 52.1 171.7  7.7        0.000
3 G04 1 50.4 112.4 49.4       -0.017
3 G07 1 52.3 300.1 60.8        0.112
3 G08 1 51.7 120.3 22.5        0.048
3 G09 1 50.8  39.2 82.6       -0.071
3 G14 0 50.0 211.4  4.2        0.000
3 G16 1 51.9  43.7 25.2       -0.028
3 G27 1 51.7  85.6 22.8        0.008
3 G30 1 51.2 269.0 27.1       -0.061
3 G03 L1CA    3 2162 554772.400 554772.317  0.000674531  0.083674531
3 G09 L1CA    9 2162 554772.400 554772.333  0.000688125  0.067688125
3 G16 L1CA   16 2162 554772.400 554772.323  0.000071182  0.077071182
3 G27 L1CA   27 2162 554772.400 554772.323  0.000463875  0.077463875
3 G14 L1CA   14 2162 554772.400 554772.316  0.000416755  0.084416755
3 G07 L1CA    7 2162 554772.400 554772.330  0.000570948  0.070570948
3 G04 L1CA    4 2162 554772.400 554772.329  0.000476398  0.071476398
3 G08 L1CA    8 2162 554772.400 554772.323  0.000694458  0.077694458
3 G30 L1CA   30 2162 554772.400 554772.323  0.000799007  0.077799007
3 sortobs: nobs=9
3 pntpos  : tobs=2021/06/19 10:06:12.400 n=9
3 satposs : teph=2021/06/19 10:06:12.400 n=9 ephopt=0
3 estpos  : n=9
3 resprng : n=9
3 resprng : n=9
3 resprng : n=9
3 resprng : n=9
3 valsol  : n=9 nv=11
3 estvel  : n=9
3 resdop  : n=9
3 resdop  : n=9
3 satposs : teph=2021/06/19 10:06:12.400 n=9 ephopt=0
3 2021/06/19 10:06:12.399999988  37.35272310 -121.91577259    19.92 5  7/ 9 DTR=12.3 0.0 0.0 0.0 ()
3 G03 0 52.1 171.7  7.7        0.000
3 G04 1 50.2 112.4 49.4       -0.004
3 G07 1 52.3 300.1 60.8        0.143
3 G08 1 51.7 120.3 22.5        0.039
3 G09 1 50.6  39.2 82.6       -0.100
3 G14 0 49.6 211.4  4.2        0.000
3 G16 1 51.9  43.7 25.2       -0.044
3 G27 1 51.7  85.6 22.8        0.025
3 G30 1 51.2 269.0 27.1       -0.073
3 G03 L1CA    3 2162 554772.500 554772.417  0.000674768  0.083674768
3 G09 L1CA    9 2162 554772.500 554772.433  0.000688117  0.067688117
3 G16 L1CA   16 2162 554772.500 554772.423  0.000071390  0.077071390
3 G27 L1CA   27 2162 554772.500 554772.423  0.000463801  0.077463801
3 G14 L1CA   14 2162 554772.500 554772.416  0.000416518  0.084416519
3 G07 L1CA    7 2162 554772.500 554772.430  0.000570892  0.070570892
3 G04 L1CA    4 2162 554772.500 554772.429  0.000476518  0.071476518
3 G08 L1CA    8 2162 554772.500 554772.423  0.000694299  0.077694299
3 G30 L1CA   30 2162 554772.500 554772.423  0.000798859  0.077798859
3 sortobs: nobs=9
3 pntpos  : tobs=2021/06/19 10:06:12.500 n=9
3 satposs : teph=2021/06/19 10:06:12.500 n=9 ephopt=0
3 estpos  : n=9
3 resprng : n=9
3 resprng : n=9
3 resprng : n=9
3 resprng : n=9
3 valsol  : n=9 nv=11
3 estvel  : n=9
3 resdop  : n=9
3 resdop  : n=9
3 satposs : teph=2021/06/19 10:06:12.500 n=9 ephopt=0
3 2021/06/19 10:06:12.499999988  37.35272279 -121.91577287    19.84 5  7/ 9 DTR=12.1 0.0 0.0 0.0 ()
3 G03 0 52.1 171.7  7.7        0.000
3 G04 1 50.2 112.4 49.4        0.011
3 G07 1 52.3 300.1 60.8        0.155
3 G08 1 51.7 120.3 22.5        0.029
3 G09 1 50.6  39.2 82.6       -0.118
3 G14 0 49.6 211.4  4.2        0.000
3 G16 1 51.9  43.7 25.2       -0.047
3 G27 1 51.7  85.6 22.8        0.029
3 G30 1 51.2 269.0 27.1       -0.076
3 G03 L1CA    3 2162 554772.600 554772.517  0.000675006  0.083675006
3 G09 L1CA    9 2162 554772.600 554772.533  0.000688109  0.067688109
3 G16 L1CA   16 2162 554772.600 554772.523  0.000071598  0.077071598
3 G27 L1CA   27 2162 554772.600 554772.523  0.000463727  0.077463727
3 G14 L1CA   14 2162 554772.600 554772.516  0.000416282  0.084416282
3 G07 L1CA    7 2162 554772.600 554772.530  0.000570836  0.070570836
3 G04 L1CA    4 2162 554772.600 554772.529  0.000476638  0.071476638
3 G08 L1CA    8 2162 554772.600 554772.523  0.000694141  0.077694141
3 G30 L1CA   30 2162 554772.600 554772.523  0.000798711  0.077798711
3 sortobs: nobs=9
3 pntpos  : tobs=2021/06/19 10:06:12.600 n=9
3 satposs : teph=2021/06/19 10:06:12.600 n=9 ephopt=0
3 estpos  : n=9
3 resprng : n=9
3 resprng : n=9
3 resprng : n=9
3 resprng : n=9
3 valsol  : n=9 nv=11
3 estvel  : n=9
3 resdop  : n=9
3 resdop  : n=9
3 satposs : teph=2021/06/19 10:06:12.600 n=9 ephopt=0
3 2021/06/19 10:06:12.599999988  37.35272287 -121.91577302    19.84 5  7/ 9 DTR=12.1 0.0 0.0 0.0 ()
3 G03 0 52.1 171.7  7.7        0.000
3 G04 1 50.2 112.4 49.4        0.009
3 G07 1 52.3 300.1 60.8        0.136
3 G08 1 51.7 120.3 22.5        0.042
3 G09 1 50.6  39.2 82.6       -0.104
3 G14 0 49.6 211.4  4.2        0.000
3 G16 1 52.4  43.7 25.2       -0.023
3 G27 1 51.7  85.6 22.8       -0.001
3 G30 1 52.8 269.0 27.1       -0.070
3 G09 L1CA    9 2162 554772.700 554772.633  0.000688101  0.067688101
3 G03 L1CA    3 2162 554772.700 554772.617  0.000675243  0.083675243
3 G16 L1CA   16 2162 554772.700 554772.623  0.000071806  0.077071806
3 G27 L1CA   27 2162 554772.700 554772.623  0.000463652  0.077463652
3 G14 L1CA   14 2162 554772.700 554772.616  0.000416045  0.084416045
3 G07 L1CA    7 2162 554772.700 554772.630  0.000570781  0.070570781
3 G04 L1CA    4 2162 554772.700 554772.629  0.000476758  0.071476758
3 G08 L1CA    8 2162 554772.700 554772.623  0.000693982  0.077693982
3 G30 L1CA   30 2162 554772.700 554772.623  0.000798563  0.077798563
3 sortobs: nobs=9
3 pntpos  : tobs=2021/06/19 10:06:12.700 n=9
3 satposs : teph=2021/06/19 10:06:12.700 n=9 ephopt=0
3 estpos  : n=9
3 resprng : n=9
3 resprng : n=9
3 resprng : n=9
3 resprng : n=9
3 valsol  : n=9 nv=11
3 estvel  : n=9
3 resdop  : n=9
3 resdop  : n=9
3 satposs : teph=2021/06/19 10:06:12.700 n=9 ephopt=0
3 2021/06/19 10:06:12.699999988  37.35272293 -121.91577303    19.92 5  7/ 9 DTR=12.2 0.0 0.0 0.0 ()
3 G03 0 52.1 171.7  7.7        0.000
3 G04 1 50.2 112.4 49.4        0.041
3 G07 1 51.9 300.1 60.8        0.157
3 G08 1 51.7 120.3 22.5        0.021
3 G09 1 50.6  39.2 82.6       -0.137
3 G14 0 49.6 211.4  4.2        0.000
3 G16 1 52.4  43.7 25.2       -0.025
3 G27 1 51.7  85.6 22.8        0.002
3 G30 1 52.8 269.0 27.1       -0.075
3 G09 L1CA    9 2162 554772.800 554772.733  0.000688094  0.067688094
3 G03 L1CA    3 2162 554772.800 554772.717  0.000675481  0.083675481
3 G16 L1CA   16 2162 554772.800 554772.723  0.000072014  0.077072014
3 G27 L1CA   27 2162 554772.800 554772.723  0.000463578  0.077463578
3 G14 L1CA   14 2162 554772.800 554772.716  0.000415808  0.084415808
3 G07 L1CA    7 2162 554772.800 554772.730  0.000570725  0.070570725
3 G04 L1CA    4 2162 554772.800 554772.729  0.000476878  0.071476878
3 G08 L1CA    8 2162 554772.800 554772.723  0.000693824  0.077693824
3 G30 L1CA   30 2162 554772.800 554772.723  0.000798414  0.077798414
3 sortobs: nobs=9
3 pntpos  : tobs=2021/06/19 10:06:12.800 n=9
3 satposs : teph=2021/06/19 10:06:12.800 n=9 ephopt=0
3 estpos  : n=9
3 resprng : n=9
3 resprng : n=9
3 resprng : n=9
3 resprng : n=9
3 valsol  : n=9 nv=11
3 estvel  : n=9
3 resdop  : n=9
3 resdop  : n=9
3 satposs : teph=2021/06/19 10:06:12.800 n=9 ephopt=0
3 2021/06/19 10:06:12.799999988  37.35272267 -121.91577301    19.98 5  7/ 9 DTR=12.3 0.0 0.0 0.0 ()
3 G03 0 51.5 171.7  7.7        0.000
3 G04 1 50.2 112.4 49.4        0.037
3 G07 1 51.9 300.1 60.8        0.189
3 G08 1 51.6 120.3 22.5        0.027
3 G09 1 50.6  39.2 82.6       -0.158
3 G14 0 49.6 211.4  4.2        0.000
3 G16 1 52.4  43.7 25.2       -0.042
3 G27 1 51.6  85.6 22.8        0.018
3 G30 1 52.8 269.0 27.1       -0.091
3 G09 L1CA    9 2162 554772.900 554772.833  0.000688086  0.067688086
3 G03 L1CA    3 2162 554772.900 554772.817  0.000675718  0.083675718
3 G16 L1CA   16 2162 554772.900 554772.823  0.000072221  0.077072221
3 G27 L1CA   27 2162 554772.900 554772.823  0.000463504  0.077463504
3 G14 L1CA   14 2162 554772.900 554772.816  0.000415572  0.084415572
3 G07 L1CA    7 2162 554772.900 554772.830  0.000570670  0.070570670
3 G04 L1CA    4 2162 554772.900 554772.829  0.000476999  0.071476999
3 G08 L1CA    8 2162 554772.900 554772.823  0.000693665  0.077693665
3 G30 L1CA   30 2162 554772.900 554772.823  0.000798266  0.077798266
3 sortobs: nobs=9
3 pntpos  : tobs=2021/06/19 10:06:12.900 n=9
3 satposs : teph=2021/06/19 10:06:12.900 n=9 ephopt=0
3 estpos  : n=9
3 resprng : n=9
3 resprng : n=9
3 resprng : n=9
3 resprng : n=9
3 valsol  : n=9 nv=11
3 estvel  : n=9
3 resdop  : n=9
3 resdop  : n=9
3 satposs : teph=2021/06/19 10:06:12.900 n=9 ephopt=0
3 2021/06/19 10:06:12.899999988  37.35272254 -121.91577291    19.87 5  7/ 9 DTR=12.1 0.0 0.0 0.0 ()
3 G03 0 51.5 171.7  7.7        0.000
3 G04 1 49.9 112.4 49.4        0.014
3 G07 1 51.9 300.1 60.8        0.189
3 G08 1 51.6 120.3 22.5        0.049
3 G09 1 50.2  39.2 82.6       -0.144
3 G14 0 49.9 211.4  4.2        0.000
3 G16 1 52.4  43.7 25.2       -0.040
3 G27 1 51.6  85.6 22.8        0.011
3 G30 1 52.8 269.0 27.1       -0.095
3 G09 L1CA    9 2162 554773.000 554772.933  0.000688078  0.067688079
3 G03 L1CA    3 2162 554773.000 554772.917  0.000675956  0.083675956
3 G16 L1CA   16 2162 554773.000 554772.923  0.000072429  0.077072429
3 G27 L1CA   27 2162 554773.000 554772.923  0.000463430  0.077463430
3 G14 L1CA   14 2162 554773.000 554772.916  0.000415335  0.084415335
3 G07 L1CA    7 2162 554773.000 554772.930  0.000570614  0.070570614
3 G04 L1CA    4 2162 554773.000 554772.929  0.000477119  0.071477119
3 G08 L1CA    8 2162 554773.000 554772.923  0.000693507  0.077693507
3 G30 L1CA   30 2162 554773.000 554772.923  0.000798118  0.077798118
3 sortobs: nobs=9
3 pntpos  : tobs=2021/06/19 10:06:13.000 n=9
3 satposs : teph=2021/06/19 10:06:13.000 n=9 ephopt=0
3 estpos  : n=9
3 resprng : n=9
3 resprng : n=9
3 resprng : n=9
3 resprng : n=9
3 valsol  : n=9 nv=11
3 estvel  : n=9
3 resdop  : n=9
3 resdop  : n=9
3 satposs : teph=2021/06/19 10:06:13.000 n=9 ephopt=0
3 2021/06/19 10:06:12.999999988  37.35272233 -121.91577318    19.81 5  7/ 9 DTR=11.9 0.0 0.0 0.0 ()
3 G03 0 51.5 171.7  7.7        0.000
3 G04 1 49.9 112.4 49.4        0.006
3 G07 1 51.9 300.1 60.8        0.170
3 G08 1 51.6 120.3 22.5        0.052
3 G09 1 50.2  39.2 82.6       -0.126
3 G14 0 49.9 211.4  4.2        0.000
3 G16 1 52.4  43.7 25.2       -0.034
3 G27 1 51.6  85.6 22.8        0.006
3 G30 1 52.8 269.0 27.1       -0.087
3 G09 L1CA    9 2162 554773.100 554773.033  0.000688071  0.067688071
3 G03 L1CA    3 2162 554773.100 554773.017  0.000676193  0.083676193
3 G16 L1CA   16 2162 554773.100 554773.023  0.000072637  0.077072637
3 G27 L1CA   27 2162 554773.100 554773.023  0.000463356  0.077463356
3 G14 L1CA   14 2162 554773.100 554773.016  0.000415098  0.084415098
3 G07 L1CA    7 2162 554773.100 554773.030  0.000570558  0.070570558
3 G04 L1CA    4 2162 554773.100 554773.029  0.000477239  0.071477239
3 G08 L1CA    8 2162 554773.100 554773.023  0.000693348  0.077693349
3 G30 L1CA   30 2162 554773.100 554773.023  0.000797970  0.077797970
3 sortobs: nobs=9
3 pntpos  : tobs=2021/06/19 10:06:13.100 n=9
3 satposs : teph=2021/06/19 10:06:13.100 n=9 ephopt=0
3 estpos  : n=9
3 resprng : n=9
3 resprng : n=9
3 resprng : n=9
3 resprng : n=9
3 valsol  : n=9 nv=11
3 estvel  : n=9
3 resdop  : n=9
3 resdop  : n=9
3 satposs : teph=2021/06/19 10:06:13.100 n=9 ephopt=0
3 2021/06/19 10:06:13.099999988  37.35272220 -121.91577347    19.91 5  7/ 9 DTR=12.1 0.0 0.0 0.0 ()
3 G03 0 51.5 171.7  7.7        0.000
3 G04 1 49.9 112.4 49.4        0.031
3 G07 1 51.9 300.1 60.8        0.184
3 G08 1 51.6 120.3 22.5        0.026
3 G09 1 50.2  39.2 82.6       -0.151
3 G14 0 49.9 211.4  4.2        0.000
3 G16 1 52.9  43.7 25.2       -0.045
3 G27 1 51.6  85.6 22.8        0.023
3 G30 1 53.4 269.0 27.1       -0.088
3 G09 L1CA    9 2162 554773.200 554773.133  0.000688063  0.067688063
3 G03 L1CA    3 2162 554773.200 554773.117  0.000676431  0.083676431
3 G16 L1CA   16 2162 554773.200 554773.123  0.000072845  0.077072845
3 G27 L1CA   27 2162 554773.200 554773.123  0.000463281  0.077463281
3 G14 L1CA   14 2162 554773.200 554773.116  0.000414861  0.084414862
3 G07 L1CA    7 2162 554773.200 554773.130  0.000570503  0.070570503
3 G04 L1CA    4 2162 554773.200 554773.129  0.000477359  0.071477359
3 G08 L1CA    8 2162 554773.200 554773.123  0.000693190  0.077693190
3 G30 L1CA   30 2162 554773.200 554773.123  0.000797822  0.077797822
3 sortobs: nobs=9
3 pntpos  : tobs=2021/06/19 10:06:13.200 n=9
3 satposs : teph=2021/06/19 10:06:13.200 n=9 ephopt=0
3 estpos  : n=9
3 resprng : n=9
3 resprng : n=9
3 resprng : n=9
3 resprng : n=9
3 valsol  : n=9 nv=11
3 estvel  : n=9
3 resdop  : n=9
3 resdop  : n=9
3 satposs : teph=2021/06/19 10:06:13.200 n=9 ephopt=0
3 2021/06/19 10:06:13.199999988  37.35272194 -121.91577346    19.81 5  7/ 9 DTR=11.9 0.0 0.0 0.0 ()
3 G03 0 51.5 171.7  7.7        0.000
3 G04 1 49.9 112.4 49.4       -0.007
3 G07 1 52.1 300.1 60.8        0.160
3 G08 1 51.6 120.3 22.5        0.046
3 G09 1 50.2  39.2 82.6       -0.111
3 G14 0 49.9 211.4  4.2        0.000
3 G16 1 52.9  43.7 25.2       -0.048
3 G27 1 51.6  85.6 22.8        0.027
3 G30 1 53.4 269.0 27.1       -0.083
3 G09 L1CA    9 2162 554773.300 554773.233  0.000688055  0.067688056
3 G03 L1CA    3 2162 554773.300 554773.217  0.000676668  0.083676668
3 G16 L1CA   16 2162 554773.300 554773.223  0.000073053  0.077073053
3 G27 L1CA   27 2162 554773.300 554773.223  0.000463207  0.077463207
3 G14 L1CA   14 2162 554773.300 554773.216  0.000414625  0.084414625
3 G07 L1CA    7 2162 554773.300 554773.230  0.000570447  0.070570447
3 G04 L1CA    4 2162 554773.300 554773.229  0.000477480  0.071477480
3 G08 L1CA    8 2162 554773.300 554773.223  0.000693032  0.077693032
3 G30 L1CA   30 2162 554773.300 554773.223  0.000797674  0.077797674
3 sortobs: nobs=9
3 pntpos  : tobs=2021/06/19 10:06:13.300 n=9
3 satposs : teph=2021/06/19 10:06:13.300 n=9 ephopt=0
3 estpos  : n=9
3 resprng : n=9
3 resprng : n=9
3 resprng : n=9
3 resprng : n=9
3 valsol  : n=9 nv=11
3 estvel  : n=9
3 resdop  : n=9
3 resdop  : n=9
3 satposs : teph=2021/06/19 10:06:13.300 n=9 ephopt=0
3 2021/06/19 10:06:13.299999988  37.35272160 -121.91577336    19.80 5  7/ 9 DTR=11.9 0.0 0.0 0.0 ()
3 G03 0 51.6 171.7  7.7        0.000
3 G04 1 49.9 112.4 49.4       -0.019
3 G07 1 52.1 300.1 60.8        0.173
3 G08 1 50.7 120.3 22.5        0.063
3 G09 1 50.2  39.2 82.6       -0.114
3 G14 0 49.9 211.4  4.2        0.000
3 G16 1 52.9  43.7 25.2       -0.049
3 G27 1 52.2  85.6 22.8        0.023
3 G30 1 53.4 269.0 27.1       -0.092
3 G09 L1CA    9 2162 554773.400 554773.333  0.000688048  0.067688048
3 G03 L1CA    3 2162 554773.400 554773.317  0.000676906  0.083676906
3 G16 L1CA   16 2162 554773.400 554773.323  0.000073261  0.077073261
3 G27 L1CA   27 2162 554773.400 554773.323  0.000463133  0.077463133
3 G14 L1CA   14 2162 554773.400 554773.316  0.000414388  0.084414388
3 G07 L1CA    7 2162 554773.400 554773.330  0.000570392  0.070570392
3 G04 L1CA    4 2162 554773.400 554773.329  0.000477600  0.071477600
3 G08 L1CA    8 2162 554773.400 554773.323  0.000692873  0.077692873
3 G30 L1CA   30 2162 554773.400 554773.323  0.000797526  0.077797526
3 sortobs: nobs=9
3 pntpos  : tobs=2021/06/19 10:06:13.400 n=9
3 satposs : teph=2021/06/19 10:06:13.400 n=9 ephopt=0
3 estpos  : n=9
3 resprng : n=9
3 resprng : n=9
3 resprng : n=9
3 resprng : n=9
3 valsol  : n=9 nv=11
3 estvel  : n=9
3 resdop  : n=9
3 resdop  : n=9
3 satposs : teph=2021/06/19 10:06:13.400 n=9 ephopt=0
3 2021/06/19 10:06:13.399999988  37.35272141 -121.91577336    19.88 5  7/ 9 DTR=12.1 0.0 0.0 0.0 ()
3 G03 0 51.6 171.7  7.7        0.000
3 G04 1 50.1 112.4 49.4       -0.002
3 G07 1 52.1 300.1 60.8        0.208
3 G08 1 50.7 120.3 22.5        0.060
3 G09 1 49.7  39.2 82.6       -0.149
3 G14 0 49.6 211.4  4.2        0.000
3 G16 1 52.9  43.7 25.2       -0.056
3 G27 1 52.2  85.6 22.8        0.025
3 G30 1 53.4 269.0 27.1       -0.107
3 G09 L1CA    9 2162 554773.500 554773.433  0.000688040  0.067688040
3 G03 L1CA    3 2162 554773.500 554773.417  0.000677143  0.083677143
3 G16 L1CA   16 2162 554773.500 554773.423  0.000073469  0.077073469
3 G27 L1CA   27 2162 554773.500 554773.423  0.000463059  0.077463059
3 G14 L1CA   14 2162 554773.500 554773.416  0.000414151  0.084414151
3 G07 L1CA    7 2162 554773.500 554773.430  0.000570336  0.070570336
3 G04 L1CA    4 2162 554773.500 554773.429  0.000477720  0.071477720
3 G08 L1CA    8 2162 554773.500 554773.423  0.000692715  0.077692715
3 G30 L1CA   30 2162 554773.500 554773.423  0.000797377  0.077797377
3 sortobs: nobs=9
3 pntpos  : tobs=2021/06/19 10:06:13.500 n=9
3 satposs : teph=2021/06/19 10:06:13.500 n=9 ephopt=0
3 estpos  : n=9
3 resprng : n=9
3 resprng : n=9
3 resprng : n=9
3 resprng : n=9
3 valsol  : n=9 nv=11
3 estvel  : n=9
3 resdop  : n=9
3 resdop  : n=9
3 satposs : teph=2021/06/19 10:06:13.500 n=9 ephopt=0
3 2021/06/19 10:06:13.499999988  37.35272151 -121.91577384    19.76 5  7/ 9 DTR=11.9 0.0 0.0 0.0 ()
3 G03 0 51.6 171.7  7.7        0.000
3 G04 1 50.1 112.4 49.4       -0.011
3 G07 1 52.1 300.1 60.8        0.110
3 G08 1 50.7 120.3 22.5        0.031
3 G09 1 49.7  39.2 82.6       -0.072
3 G14 0 49.6 211.4  4.2        0.000
3 G16 1 52.9  43.7 25.2       -0.040
3 G27 1 52.2  85.6 22.8        0.027
3 G30 1 53.4 269.0 27.1       -0.057
3 G09 L1CA    9 2162 554773.600 554773.533  0.000688033  0.067688033
3 G03 L1CA    3 2162 554773.600 554773.517  0.000677381  0.083677381
3 G16 L1CA   16 2162 554773.600 554773.523  0.000073676  0.077073676
3 G27 L1CA   27 2162 554773.600 554773.523  0.000462984  0.077462985
3 G14 L1CA   14 2162 554773.600 554773.516  0.000413914  0.084413915
3 G07 L1CA    7 2162 554773.600 554773.530  0.000570280  0.070570280
3 G04 L1CA    4 2162 554773.600 554773.529  0.000477840  0.071477840
3 G08 L1CA    8 2162 554773.600 554773.523  0.000692556  0.077692556
3 G30 L1CA   30 2162 554773.600 554773.523  0.000797229  0.077797229
3 sortobs: nobs=9
3 pntpos  : tobs=2021/06/19 10:06:13.600 n=9
3 satposs : teph=2021/06/19 10:06:13.600 n=9 ephopt=0
3 estpos  : n=9
3 resprng : n=9
3 resprng : n=9
3 resprng : n=9
3 resprng : n=9
3 valsol  : n=9 nv=11
3 estvel  : n=9
3 resdop  : n=9
3 resdop  : n=9
3 satposs : teph=2021/06/19 10:06:13.600 n=9 ephopt=0
3 2021/06/19 10:06:13.599999988  37.35272144 -121.91577363    19.77 5  7/ 9 DTR=11.8 0.0 0.0 0.0 ()
3 G03 0 51.6 171.7  7.7        0.000
3 G04 1 50.1 112.4 49.4       -0.021
3 G07 1 52.1 300.1 60.8        0.142
3 G08 1 50.7 120.3 22.5        0.054
3 G09 1 49.7  39.2 82.6       -0.090
3 G14 0 49.6 211.4  4.2        0.000
3 G16 1 52.9  43.7 25.2       -0.043
3 G27 1 52.2  85.6 22.8        0.021
3 G30 1 52.8 269.0 27.1       -0.076
3 G09 L1CA    9 2162 554773.700 554773.633  0.000688025  0.067688025
3 G03 L1CA    3 2162 554773.700 554773.617  0.000677618  0.083677618
3 G16 L1CA   16 2162 554773.700 554773.623  0.000073884  0.077073884
3 G27 L1CA   27 2162 554773.700 554773.623  0.000462910  0.077462910
3 G14 L1CA   14 2162 554773.700 554773.616  0.000413678  0.084413678
3 G07 L1CA    7 2162 554773.700 554773.630  0.000570225  0.070570225
3 G04 L1CA    4 2162 554773.700 554773.629  0.000477960  0.071477961
3 G08 L1CA    8 2162 554773.700 554773.623  0.000692398  0.077692398
3 G30 L1CA   30 2162 554773.700 554773.623  0.000797081  0.077797081
3 sortobs: nobs=9
3 pntpos  : tobs=2021/06/19 10:06:13.700 n=9
3 satposs : teph=2021/06/19 10:06:13.700 n=9 ephopt=0
3 estpos  : n=9
3 resprng : n=9
3 resprng : n=9
3 resprng : n=9
3 resprng : n=9
3 valsol  : n=9 nv=11
3 estvel  : n=9
3 resdop  : n=9
3 resdop  : n=9
3 satposs : teph=2021/06/19 10:06:13.700 n=9 ephopt=0
3 2021/06/19 10:06:13.699999988  37.35272136 -121.91577345    19.87 5  7/ 9 DTR=12.0 0.0 0.0 0.0 ()
3 G03 0 51.6 171.7  7.7        0.000
3 G04 1 50.1 112.4 49.4       -0.001
3 G07 1 52.6 300.1 60.8        0.195
3 G08 1 50.7 120.3 22.5        0.056
3 G09 1 49.7  39.2 82.6       -0.140
3 G14 0 49.6 211.4  4.2        0.000
3 G16 1 52.9  43.7 25.2       -0.051
3 G27 1 52.2  85.6 22.8        0.022
3 G30 1 52.8 269.0 27.1       -0.100
3 G09 L1CA    9 2162 554773.800 554773.733  0.000688017  0.067688017
3 G03 L1CA    3 2162 554773.800 554773.717  0.000677856  0.083677856
3 G16 L1CA   16 2162 554773.800 554773.723  0.000074092  0.077074092
3 G27 L1CA   27 2162 554773.800 554773.723  0.000462836  0.077462836
3 G14 L1CA   14 2162 554773.800 554773.716  0.000413441  0.084413441
3 G07 L1CA    7 2162 554773.800 554773.730  0.000570169  0.070570169
3 G04 L1CA    4 2162 554773.800 554773.729  0.000478081  0.071478081
3 G08 L1CA    8 2162 554773.800 554773.723  0.000692240  0.077692240
3 G30 L1CA   30 2162 554773.800 554773.723  0.000796933  0.077796933
3 sortobs: nobs=9
3 pntpos  : tobs=2021/06/19 10:06:13.800 n=9
3 satposs : teph=2021/06/19 10:06:13.800 n=9 ephopt=0
3 estpos  : n=9
3 resprng : n=9
3 resprng : n=9
3 resprng : n=9
3 resprng : n=9
3 valsol  : n=9 nv=11
3 estvel  : n=9
3 resdop  : n=9
3 resdop  : n=9
3 satposs : teph=2021/06/19 10:06:13.800 n=9 ephopt=0
3 2021/06/19 10:06:13.799999988  37.35272117 -121.91577346    19.82 5  7/ 9 DTR=11.9 0.0 0.0 0.0 ()
3 G03 0 51.8 171.7  7.7        0.000
3 G04 1 50.1 112.4 49.4       -0.050
3 G07 1 52.6 300.1 60.8        0.189
3 G08 1 50.5 120.3 22.5        0.078
3 G09 1 49.7  39.3 82.6       -0.107
3 G14 0 49.6 211.4  4.2        0.000
3 G16 1 52.9  43.7 25.2       -0.073
3 G27 1 53.2  85.6 22.8        0.047
3 G30 1 52.8 269.0 27.1       -0.104
3 G09 L1CA    9 2162 554773.900 554773.833  0.000688009  0.067688009
3 G03 L1CA    3 2162 554773.900 554773.817  0.000678093  0.083678093
3 G16 L1CA   16 2162 554773.900 554773.823  0.000074300  0.077074300
3 G27 L1CA   27 2162 554773.900 554773.823  0.000462762  0.077462762
3 G14 L1CA   14 2162 554773.900 554773.816  0.000413204  0.084413204
3 G07 L1CA    7 2162 554773.900 554773.830  0.000570113  0.070570114
3 G04 L1CA    4 2162 554773.900 554773.829  0.000478201  0.071478201
3 G08 L1CA    8 2162 554773.900 554773.823  0.000692081  0.077692081
3 G30 L1CA   30 2162 554773.900 554773.823  0.000796785  0.077796785
3 sortobs: nobs=9
3 pntpos  : tobs=2021/06/19 10:06:13.900 n=9
3 satposs : teph=2021/06/19 10:06:13.900 n=9 ephopt=0
3 estpos  : n=9
3 resprng : n=9
3 resprng : n=9
3 resprng : n=9
3 resprng : n=9
3 valsol  : n=9 nv=11
3 estvel  : n=9
3 resdop  : n=9
3 resdop  : n=9
3 satposs : teph=2021/06/19 10:06:13.900 n=9 ephopt=0
3 2021/06/19 10:06:13.899999988  37.35272145 -121.91577355    19.78 5  7/ 9 DTR=11.8 0.0 0.0 0.0 ()
3 G03 0 51.8 171.7  7.7        0.000
3 G04 1 50.0 112.4 49.4       -0.031
3 G07 1 52.6 300.1 60.8        0.166
3 G08 1 50.5 120.3 22.5        0.073
3 G09 1 50.0  39.3 82.6       -0.101
3 G14 0 49.4 211.4  4.2        0.000
3 G16 1 52.9  43.7 25.2       -0.045
3 G27 1 53.2  85.6 22.8        0.016
3 G30 1 52.8 269.0 27.1       -0.091
3 G09 L1CA    9 2162 554774.000 554773.933  0.000688001  0.067688002
3 G03 L1CA    3 2162 554774.000 554773.917  0.000678331  0.083678331
3 G16 L1CA   16 2162 554774.000 554773.923  0.000074507  0.077074507
3 G27 L1CA   27 2162 554774.000 554773.923  0.000462688  0.077462688
3 G14 L1CA   14 2162 554774.000 554773.916  0.000412968  0.084412968
3 G07 L1CA    7 2162 554774.000 554773.930  0.000570058  0.070570058
3 G04 L1CA    4 2162 554774.000 554773.929  0.000478321  0.071478321
3 G08 L1CA    8 2162 554774.000 554773.923  0.000691923  0.077691923
3 G30 L1CA   30 2162 554774.000 554773.923  0.000796637  0.077796637
3 sortobs: nobs=9
3 pntpos  : tobs=2021/06/19 10:06:14.000 n=9
3 satposs : teph=2021/06/19 10:06:14.000 n=9 ephopt=0
3 estpos  : n=9
3 resprng : n=9
3 resprng : n=9
3 resprng : n=9
3 resprng : n=9
3 valsol  : n=9 nv=11
3 estvel  : n=9
3 resdop  : n=9
3 resdop  : n=9
3 satposs : teph=2021/06/19 10:06:14.000 n=9 ephopt=0
3 2021/06/19 10:06:13.999999988  37.35272194 -121.91577364    19.81 5  7/ 9 DTR=11.8 0.0 0.0 0.0 ()
3 G03 0 51.8 171.7  7.7        0.000
3 G04 1 50.0 112.4 49.4       -0.000
3 G07 1 52.6 300.1 60.8        0.168
3 G08 1 50.5 120.3 22.5        0.061
3 G09 1 50.0  39.3 82.6       -0.122
3 G14 0 49.4 211.4  4.2        0.000
3 G16 1 52.9  43.7 25.2       -0.029
3 G27 1 53.2  85.6 22.8       -0.003
3 G30 1 52.8 269.0 27.1       -0.089
3 G30 L1CA   30 2162 554774.100 554774.023  0.000796489  0.077796489
3 G09 L1CA    9 2162 554774.100 554774.033  0.000687994  0.067687994
3 G03 L1CA    3 2162 554774.100 554774.017  0.000678569  0.083678569
3 G16 L1CA   16 2162 554774.100 554774.023  0.000074715  0.077074715
3 G27 L1CA   27 2162 554774.100 554774.023  0.000462613  0.077462614
3 G14 L1CA   14 2162 554774.100 554774.016  0.000412731  0.084412731
3 G07 L1CA    7 2162 554774.100 554774.030  0.000570002  0.070570002
3 G04 L1CA    4 2162 554774.100 554774.029  0.000478441  0.071478442
3 G08 L1CA    8 2162 554774.100 554774.023  0.000691764  0.077691764
3 sortobs: nobs=9
3 pntpos  : tobs=2021/06/19 10:06:14.100 n=9
3 satposs : teph=2021/06/19 10:06:14.100 n=9 ephopt=0
3 estpos  : n=9
3 resprng : n=9
3 resprng : n=9
3 resprng : n=9
3 resprng : n=9
3 valsol  : n=9 nv=11
3 estvel  : n=9
3 resdop  : n=9
3 resdop  : n=9
3 satposs : teph=2021/06/19 10:06:14.100 n=9 ephopt=0
3 2021/06/19 10:06:14.099999988  37.35272180 -121.91577371    19.78 5  7/ 9 DTR=11.8 0.0 0.0 0.0 ()
3 G03 0 51.8 171.7  7.7        0.000
3 G04 1 50.0 112.4 49.4       -0.013
3 G07 1 52.6 300.1 60.8        0.191
3 G08 1 50.5 120.3 22.5        0.060
3 G09 1 50.0  39.3 82.6       -0.130
3 G14 0 49.4 211.4  4.2        0.000
3 G16 1 53.2  43.7 25.2       -0.057
3 G27 1 53.2  85.6 22.8        0.030
3 G30 1 52.9 269.0 27.1       -0.100
3 G30 L1CA   30 2162 554774.200 554774.123  0.000796340  0.077796341
3 G09 L1CA    9 2162 554774.200 554774.133  0.000687986  0.067687986
3 G16 L1CA   16 2162 554774.200 554774.123  0.000074923  0.077074923
3 G03 L1CA    3 2162 554774.200 554774.117  0.000678806  0.083678806
3 G27 L1CA   27 2162 554774.200 554774.123  0.000462539  0.077462539
3 G14 L1CA   14 2162 554774.200 554774.116  0.000412494  0.084412494
3 G07 L1CA    7 2162 554774.200 554774.130  0.000569947  0.070569947
3 G04 L1CA    4 2162 554774.200 554774.129  0.000478562  0.071478562
3 G08 L1CA    8 2162 554774.200 554774.123  0.000691606  0.077691606
3 sortobs: nobs=9
3 pntpos  : tobs=2021/06/19 10:06:14.200 n=9
3 satposs : teph=2021/06/19 10:06:14.200 n=9 ephopt=0
3 estpos  : n=9
3 resprng : n=9
3 resprng : n=9
3 resprng : n=9
3 resprng : n=9
3 valsol  : n=9 nv=11
3 estvel  : n=9
3 resdop  : n=9
3 resdop  : n=9
3 satposs : teph=2021/06/19 10:06:14.200 n=9 ephopt=0
3 2021/06/19 10:06:14.199999988  37.35272181 -121.91577370    19.72 5  7/ 9 DTR=11.7 0.0 0.0 0.0 ()
3 G03 0 51.8 171.7  7.7        0.000
3 G04 1 50.0 112.4 49.4       -0.037
3 G07 1 52.7 300.1 60.8        0.168
3 G08 1 50.5 120.3 22.5        0.071
3 G09 1 50.0  39.3 82.6       -0.100
3 G14 0 49.4 211.4  4.2        0.000
3 G16 1 53.2  43.7 25.2       -0.056
3 G27 1 53.2  85.6 22.8        0.029
3 G30 1 52.9 269.0 27.1       -0.092
3 G30 L1CA   30 2162 554774.300 554774.223  0.000796192  0.077796192
3 G09 L1CA    9 2162 554774.300 554774.233  0.000687979  0.067687979
3 G16 L1CA   16 2162 554774.300 554774.223  0.000075131  0.077075131
3 G03 L1CA    3 2162 554774.300 554774.217  0.000679043  0.083679043
3 G27 L1CA   27 2162 554774.300 554774.223  0.000462465  0.077462465
3 G14 L1CA   14 2162 554774.300 554774.216  0.000412257  0.084412257
3 G07 L1CA    7 2162 554774.300 554774.230  0.000569891  0.070569891
3 G04 L1CA    4 2162 554774.300 554774.229  0.000478682  0.071478682
3 G08 L1CA    8 2162 554774.300 554774.223  0.000691448  0.077691448
3 sortobs: nobs=9
3 pntpos  : tobs=2021/06/19 10:06:14.300 n=9
3 satposs : teph=2021/06/19 10:06:14.300 n=9 ephopt=0
3 estpos  : n=9
3 resprng : n=9
3 resprng : n=9
3 resprng : n=9
3 resprng : n=9
3 valsol  : n=9 nv=11
3 estvel  : n=9
3 resdop  : n=9
3 resdop  : n=9
3 satposs : teph=2021/06/19 10:06:14.300 n=9 ephopt=0
3 2021/06/19 10:06:14.299999988  37.35272178 -121.91577362    19.78 5  7/ 9 DTR=11.8 0.0 0.0 0.0 ()
3 G03 0 51.1 171.7  7.7        0.000
3 G04 1 50.0 112.4 49.4       -0.045
3 G07 1 52.7 300.1 60.8        0.192
3 G08 1 50.5 120.3 22.5        0.091
3 G09 1 50.0  39.3 82.6       -0.112
3 G14 0 49.4 211.4  4.2        0.000
3 G16 1 53.2  43.7 25.2       -0.056
3 G27 1 52.4  85.5 22.8        0.022
3 G30 1 52.9 269.0 27.1       -0.107
3 G30 L1CA   30 2162 554774.400 554774.323  0.000796044  0.077796044
3 G09 L1CA    9 2162 554774.400 554774.333  0.000687971  0.067687971
3 G16 L1CA   16 2162 554774.400 554774.323  0.000075339  0.077075339
3 G03 L1CA    3 2162 554774.400 554774.317  0.000679281  0.083679281
3 G27 L1CA   27 2162 554774.400 554774.323  0.000462391  0.077462391
3 G14 L1CA   14 2162 554774.400 554774.316  0.000412021  0.084412021
3 G07 L1CA    7 2162 554774.400 554774.330  0.000569835  0.070569835
3 G04 L1CA    4 2162 554774.400 554774.329  0.000478802  0.071478802
3 G08 L1CA    8 2162 554774.400 554774.323  0.000691289  0.077691289
3 sortobs: nobs=9
3 pntpos  : tobs=2021/06/19 10:06:14.400 n=9
3 satposs : teph=2021/06/19 10:06:14.400 n=9 ephopt=0
3 estpos  : n=9
3 resprng : n=9
3 resprng : n=9
3 resprng : n=9
3 resprng : n=9
3 valsol  : n=9 nv=11
3 estvel  : n=9
3 resdop  : n=9
3 resdop  : n=9
3 satposs : teph=2021/06/19 10:06:14.400 n=9 ephopt=0
3 2021/06/19 10:06:14.399999988  37.35272165 -121.91577379    19.82 5  7/ 9 DTR=11.8 0.0 0.0 0.0 ()
3 G03 0 51.1 171.7  7.7        0.000
3 G04 1 50.2 112.4 49.4       -0.058
3 G07 1 52.7 300.1 60.8        0.176
3 G08 1 50.5 120.3 22.5        0.088
3 G09 1 50.4  39.3 82.6       -0.093
3 G14 0 49.7 211.4  4.2        0.000
3 G16 1 53.2  43.7 25.2       -0.062
3 G27 1 52.4  85.5 22.8        0.033
3 G30 1 52.9 269.0 27.1       -0.100
3 G30 L1CA   30 2162 554774.500 554774.423  0.000795896  0.077795896
3 G09 L1CA    9 2162 554774.500 554774.433  0.000687963  0.067687963
3 G16 L1CA   16 2162 554774.500 554774.423  0.000075547  0.077075547
3 G03 L1CA    3 2162 554774.500 554774.417  0.000679518  0.083679519
3 G27 L1CA   27 2162 554774.500 554774.423  0.000462317  0.077462317
3 G14 L1CA   14 2162 554774.500 554774.416  0.000411784  0.084411784
3 G07 L1CA    7 2162 554774.500 554774.430  0.000569780  0.070569780
3 G04 L1CA    4 2162 554774.500 554774.429  0.000478923  0.071478923
3 G08 L1CA    8 2162 554774.500 554774.423  0.000691131  0.077691131
3 sortobs: nobs=9
3 pntpos  : tobs=2021/06/19 10:06:14.500 n=9
3 satposs : teph=2021/06/19 10:06:14.500 n=9 ephopt=0
3 estpos  : n=9
3 resprng : n=9
3 resprng : n=9
3 resprng : n=9
3 resprng : n=9
3 valsol  : n=9 nv=11
3 estvel  : n=9
3 resdop  : n=9
3 resdop  : n=9
3 satposs : teph=2021/06/19 10:06:14.500 n=9 ephopt=0
3 2021/06/19 10:06:14.499999988  37.35272187 -121.91577391    19.74 5  7/ 9 DTR=11.7 0.0 0.0 0.0 ()
3 G03 0 51.1 171.7  7.6        0.000
3 G04 1 50.2 112.4 49.4       -0.030
3 G07 1 52.7 300.1 60.8        0.165
3 G08 1 50.5 120.3 22.5        0.073
3 G09 1 50.4  39.3 82.6       -0.101
3 G14 0 49.7 211.4  4.2        0.000
3 G16 1 53.2  43.7 25.2       -0.043
3 G27 1 52.4  85.5 22.8        0.014
3 G30 1 52.9 269.0 27.1       -0.091
3 G30 L1CA   30 2162 554774.600 554774.523  0.000795748  0.077795748
3 G09 L1CA    9 2162 554774.600 554774.533  0.000687955  0.067687956
3 G16 L1CA   16 2162 554774.600 554774.523  0.000075754  0.077075754
3 G03 L1CA    3 2162 554774.600 554774.517  0.000679756  0.083679756
3 G27 L1CA   27 2162 554774.600 554774.523  0.000462242  0.077462242
3 G14 L1CA   14 2162 554774.600 554774.516  0.000411547  0.084411547
3 G07 L1CA    7 2162 554774.600 554774.530  0.000569724  0.070569724
3 G04 L1CA    4 2162 554774.600 554774.529  0.000479043  0.071479043
3 G08 L1CA    8 2162 554774.600 554774.523  0.000690973  0.077690973
3 sortobs: nobs=9
3 pntpos  : tobs=2021/06/19 10:06:14.600 n=9
3 satposs : teph=2021/06/19 10:06:14.600 n=9 ephopt=0
3 estpos  : n=9
3 resprng : n=9
3 resprng : n=9
3 resprng : n=9
3 resprng : n=9
3 valsol  : n=9 nv=11
3 estvel  : n=9
3 resdop  : n=9
3 resdop  : n=9
3 satposs : teph=2021/06/19 10:06:14.600 n=9 ephopt=0
3 2021/06/19 10:06:14.599999988  37.35272196 -121.91577372    19.79 5  7/ 9 DTR=11.8 0.0 0.0 0.0 ()
3 G03 0 51.1 171.7  7.6        0.000
3 G04 1 50.2 112.4 49.4       -0.019
3 G07 1 52.7 300.1 60.8        0.208
3 G08 1 50.5 120.3 22.5        0.093
3 G09 1 50.4  39.3 82.6       -0.139
3 G14 0 49.7 211.4  4.2        0.000
3 G16 1 52.9  43.7 25.2       -0.036
3 G27 1 52.4  85.5 22.8       -0.006
3 G30 1 52.6 269.0 27.1       -0.114
3 G30 L1CA   30 2162 554774.700 554774.623  0.000795600  0.077795600
3 G09 L1CA    9 2162 554774.700 554774.633  0.000687948  0.067687948
3 G03 L1CA    3 2162 554774.700 554774.617  0.000679994  0.083679994
3 G16 L1CA   16 2162 554774.700 554774.623  0.000075962  0.077075962
3 G27 L1CA   27 2162 554774.700 554774.623  0.000462168  0.077462168
3 G14 L1CA   14 2162 554774.700 554774.616  0.000411310  0.084411311
3 G07 L1CA    7 2162 554774.700 554774.630  0.000569669  0.070569669
3 G04 L1CA    4 2162 554774.700 554774.629  0.000479163  0.071479163
3 G08 L1CA    8 2162 554774.700 554774.623  0.000690814  0.077690814
3 sortobs: nobs=9
3 pntpos  : tobs=2021/06/19 10:06:14.700 n=9
3 satposs : teph=2021/06/19 10:06:14.700 n=9 ephopt=0
3 estpos  : n=9
3 resprng : n=9
3 resprng : n=9
3 resprng : n=9
3 resprng : n=9
3 valsol  : n=9 nv=11
3 estvel  : n=9
3 resdop  : n=9
3 resdop  : n=9
3 satposs : teph=2021/06/19 10:06:14.700 n=9 ephopt=0
3 2021/06/19 10:06:14.699999988  37.35272171 -121.91577363    19.81 5  7/ 9 DTR=11.8 0.0 0.0 0.0 ()
3 G03 0 51.1 171.7  7.6        0.000
3 G04 1 50.2 112.4 49.4        0.008
3 G07 1 52.3 300.1 60.8        0.230
3 G08 1 50.5 120.3 22.5        0.073
3 G09 1 50.4  39.3 82.6       -0.171
3 G14 0 49.7 211.4  4.2        0.000
3 G16 1 52.9  43.7 25.2       -0.043
3 G27 1 52.4  85.5 22.8        0.003
3 G30 1 52.6 269.0 27.1       -0.119
3 G30 L1CA   30 2162 554774.800 554774.723  0.000795452  0.077795452
3 G09 L1CA    9 2162 554774.800 554774.733  0.000687940  0.067687940
3 G16 L1CA   16 2162 554774.800 554774.723  0.000076170  0.077076170
3 G03 L1CA    3 2162 554774.800 554774.717  0.000680231  0.083680231
3 G27 L1CA   27 2162 554774.800 554774.723  0.000462094  0.077462094
3 G14 L1CA   14 2162 554774.800 554774.716  0.000411074  0.084411074
3 G07 L1CA    7 2162 554774.800 554774.730  0.000569613  0.070569613
3 G04 L1CA    4 2162 554774.800 554774.729  0.000479283  0.071479283
3 G08 L1CA    8 2162 554774.800 554774.723  0.000690656  0.077690656
3 sortobs: nobs=9
3 pntpos  : tobs=2021/06/19 10:06:14.800 n=9
3 satposs : teph=2021/06/19 10:06:14.800 n=9 ephopt=0
3 estpos  : n=9
3 resprng : n=9
3 resprng : n=9
3 resprng : n=9
3 resprng : n=9
3 valsol  : n=9 nv=11
3 estvel  : n=9
3 resdop  : n=9
3 resdop  : n=9
3 satposs : teph=2021/06/19 10:06:14.800 n=9 ephopt=0
3 2021/06/19 10:06:14.799999988  37.35272164 -121.91577382    19.81 5  7/ 9 DTR=11.7 0.0 0.0 0.0 ()
3 G03 0 50.5 171.7  7.6        0.000
3 G04 1 50.2 112.4 49.4       -0.037
3 G07 1 52.3 300.2 60.8        0.200
3 G08 1 50.9 120.3 22.5        0.086
3 G09 1 50.4  39.3 82.6       -0.122
3 G14 0 49.7 211.4  4.2        0.000
3 G16 1 52.9  43.7 25.2       -0.057
3 G27 1 52.0  85.5 22.8        0.023
3 G30 1 52.6 269.0 27.1       -0.109
3 G30 L1CA   30 2162 554774.900 554774.823  0.000795304  0.077795304
3 G09 L1CA    9 2162 554774.900 554774.833  0.000687932  0.067687932
3 G16 L1CA   16 2162 554774.900 554774.823  0.000076378  0.077076378
3 G03 L1CA    3 2162 554774.900 554774.817  0.000680469  0.083680469
3 G27 L1CA   27 2162 554774.900 554774.823  0.000462020  0.077462020
3 G14 L1CA   14 2162 554774.900 554774.816  0.000410837  0.084410837
3 G07 L1CA    7 2162 554774.900 554774.830  0.000569557  0.070569558
3 G04 L1CA    4 2162 554774.900 554774.829  0.000479404  0.071479404
3 G08 L1CA    8 2162 554774.900 554774.823  0.000690497  0.077690497
3 sortobs: nobs=9
3 pntpos  : tobs=2021/06/19 10:06:14.900 n=9
3 satposs : teph=2021/06/19 10:06:14.900 n=9 ephopt=0
3 estpos  : n=9
3 resprng : n=9
3 resprng : n=9
3 resprng : n=9
3 resprng : n=9
3 valsol  : n=9 nv=11
3 estvel  : n=9
3 resdop  : n=9
3 resdop  : n=9
3 satposs : teph=2021/06/19 10:06:14.900 n=9 ephopt=0
3 2021/06/19 10:06:14.899999988  37.35272167 -121.91577367    19.89 5  7/ 9 DTR=11.9 0.0 0.0 0.0 ()
3 G03 0 50.5 171.7  7.6        0.000
3 G04 1 50.4 112.4 49.4       -0.013
3 G07 1 52.3 300.2 60.8        0.216
3 G08 1 50.9 120.3 22.5        0.088
3 G09 1 49.9  39.3 82.6       -0.149
3 G14 0 49.6 211.4  4.2        0.000
3 G16 1 52.9  43.7 25.2       -0.039
3 G27 1 52.0  85.5 22.8       -0.002
3 G30 1 52.6 269.0 27.1       -0.116
3 G30 L1CA   30 2162 554775.000 554774.923  0.000795156  0.077795156
3 G09 L1CA    9 2162 554775.000 554774.933  0.000687924  0.067687925
3 G03 L1CA    3 2162 554775.000 554774.917  0.000680706  0.083680706
3 G16 L1CA   16 2162 554775.000 554774.923  0.000076586  0.077076586
3 G27 L1CA   27 2162 554775.000 554774.923  0.000461946  0.077461946
3 G07 L1CA    7 2162 554775.000 554774.930  0.000569502  0.070569502
3 G14 L1CA   14 2162 554775.000 554774.916  0.000410600  0.084410601
3 G04 L1CA    4 2162 554775.000 554774.929  0.000479524  0.071479524
3 G08 L1CA    8 2162 554775.000 554774.923  0.000690339  0.077690339
3 sortobs: nobs=9
3 pntpos  : tobs=2021/06/19 10:06:15.000 n=9
3 satposs : teph=2021/06/19 10:06:15.000 n=9 ephopt=0
3 estpos  : n=9
3 resprng : n=9
3 resprng : n=9
3 resprng : n=9
3 resprng : n=9
3 valsol  : n=9 nv=11
3 estvel  : n=9
3 resdop  : n=9
3 resdop  : n=9
3 satposs : teph=2021/06/19 10:06:15.000 n=9 ephopt=0
3 2021/06/19 10:06:14.999999988  37.35272170 -121.91577344    19.92 5  7/ 9 DTR=12.0 0.0 0.0 0.0 ()
3 G03 0 50.5 171.7  7.6        0.000
3 G04 1 50.4 112.4 49.4        0.014
3 G07 1 52.3 300.2 60.8        0.247
3 G08 1 50.9 120.3 22.5        0.083
3 G09 1 49.9  39.3 82.6       -0.187
3 G14 0 49.6 211.4  4.2        0.000
3 G16 1 52.9  43.7 25.2       -0.035
3 G27 1 52.0  85.5 22.8       -0.012
3 G30 1 52.6 269.0 27.1       -0.129
3 G30 L1CA   30 2162 554775.100 554775.023  0.000795007  0.077795008
3 G09 L1CA    9 2162 554775.100 554775.033  0.000687917  0.067687917
3 G03 L1CA    3 2162 554775.100 554775.017  0.000680944  0.083680944
3 G16 L1CA   16 2162 554775.100 554775.023  0.000076794  0.077076794
3 G27 L1CA   27 2162 554775.100 554775.023  0.000461872  0.077461872
3 G07 L1CA    7 2162 554775.100 554775.030  0.000569446  0.070569447
3 G14 L1CA   14 2162 554775.100 554775.016  0.000410364  0.084410364
3 G04 L1CA    4 2162 554775.100 554775.029  0.000479644  0.071479644
3 G08 L1CA    8 2162 554775.100 554775.023  0.000690181  0.077690181
3 sortobs: nobs=9
3 pntpos  : tobs=2021/06/19 10:06:15.100 n=9
3 satposs : teph=2021/06/19 10:06:15.100 n=9 ephopt=0
3 estpos  : n=9
3 resprng : n=9
3 resprng : n=9
3 resprng : n=9
3 resprng : n=9
3 valsol  : n=9 nv=11
3 estvel  : n=9
3 resdop  : n=9
3 resdop  : n=9
3 satposs : teph=2021/06/19 10:06:15.100 n=9 ephopt=0
3 2021/06/19 10:06:15.099999988  37.35272152 -121.91577360    19.85 5  7/ 9 DTR=11.9 0.0 0.0 0.0 ()
3 G03 0 50.5 171.7  7.6        0.000
3 G04 1 50.4 112.4 49.4       -0.015
3 G07 1 52.3 300.2 60.8        0.237
3 G08 1 50.9 120.3 22.5        0.082
3 G09 1 49.9  39.3 82.6       -0.162
3 G14 0 49.6 211.4  4.2        0.000
3 G16 1 53.1  43.7 25.2       -0.061
3 G27 1 52.0  85.5 22.8        0.023
3 G30 1 52.1 269.0 27.1       -0.125
3 G30 L1CA   30 2162 554775.200 554775.123  0.000794859  0.077794859
3 G09 L1CA    9 2162 554775.200 554775.133  0.000687910  0.067687910
3 G03 L1CA    3 2162 554775.200 554775.117  0.000681181  0.083681181
3 G16 L1CA   16 2162 554775.200 554775.123  0.000077001  0.077077001
3 G27 L1CA   27 2162 554775.200 554775.123  0.000461797  0.077461797
3 G07 L1CA    7 2162 554775.200 554775.130  0.000569391  0.070569391
3 G14 L1CA   14 2162 554775.200 554775.116  0.000410127  0.084410127
3 G04 L1CA    4 2162 554775.200 554775.129  0.000479764  0.071479764
3 G08 L1CA    8 2162 554775.200 554775.123  0.000690022  0.077690022
3 sortobs: nobs=9
3 pntpos  : tobs=2021/06/19 10:06:15.200 n=9
3 satposs : teph=2021/06/19 10:06:15.200 n=9 ephopt=0
3 estpos  : n=9
3 resprng : n=9
3 resprng : n=9
3 resprng : n=9
3 resprng : n=9
3 valsol  : n=9 nv=11
3 estvel  : n=9
3 resdop  : n=9
3 resdop  : n=9
3 satposs : teph=2021/06/19 10:06:15.200 n=9 ephopt=0
3 2021/06/19 10:06:15.199999988  37.35272163 -121.91577350    19.86 5  7/ 9 DTR=11.9 0.0 0.0 0.0 ()
3 G03 0 50.5 171.7  7.6        0.000
3 G04 1 50.4 112.4 49.4       -0.030
3 G07 1 52.2 300.2 60.8        0.217
3 G08 1 50.9 120.3 22.5        0.098
3 G09 1 49.9  39.3 82.6       -0.139
3 G14 0 49.6 211.4  4.2        0.000
3 G16 1 53.1  43.7 25.2       -0.046
3 G27 1 52.0  85.5 22.8        0.004
3 G30 1 52.1 269.0 27.1       -0.119
3 G30 L1CA   30 2162 554775.300 554775.223  0.000794711  0.077794711
3 G09 L1CA    9 2162 554775.300 554775.233  0.000687902  0.067687902
3 G03 L1CA    3 2162 554775.300 554775.217  0.000681419  0.083681419
3 G16 L1CA   16 2162 554775.300 554775.223  0.000077209  0.077077209
3 G07 L1CA    7 2162 554775.300 554775.230  0.000569335  0.070569335
3 G14 L1CA   14 2162 554775.300 554775.216  0.000409890  0.084409890
3 G27 L1CA   27 2162 554775.300 554775.223  0.000461723  0.077461723
3 G04 L1CA    4 2162 554775.300 554775.229  0.000479884  0.071479884
3 G08 L1CA    8 2162 554775.300 554775.223  0.000689864  0.077689864
3 sortobs: nobs=9
3 pntpos  : tobs=2021/06/19 10:06:15.300 n=9
3 satposs : teph=2021/06/19 10:06:15.300 n=9 ephopt=0
3 estpos  : n=9
3 resprng : n=9
3 resprng : n=9
3 resprng : n=9
3 resprng : n=9
3 valsol  : n=9 nv=11
3 estvel  : n=9
3 resdop  : n=9
3 resdop  : n=9
3 satposs : teph=2021/06/19 10:06:15.300 n=9 ephopt=0
3 2021/06/19 10:06:15.299999988  37.35272140 -121.91577346    19.93 5  7/ 9 DTR=11.9 0.0 0.0 0.0 ()
3 G03 0 50.9 171.7  7.6        0.000
3 G04 1 50.4 112.4 49.4       -0.045
3 G07 1 52.2 300.2 60.8        0.209
3 G08 1 51.3 120.3 22.5        0.109
3 G09 1 49.9  39.3 82.6       -0.124
3 G14 0 49.6 211.4  4.2        0.000
3 G16 1 53.1  43.7 25.2       -0.045
3 G27 1 52.6  85.5 22.8        0.003
3 G30 1 52.1 269.0 27.1       -0.118
3 G30 L1CA   30 2162 554775.400 554775.323  0.000794563  0.077794563
3 G09 L1CA    9 2162 554775.400 554775.333  0.000687894  0.067687895
3 G03 L1CA    3 2162 554775.400 554775.317  0.000681656  0.083681656
3 G16 L1CA   16 2162 554775.400 554775.323  0.000077417  0.077077417
3 G07 L1CA    7 2162 554775.400 554775.330  0.000569280  0.070569280
3 G14 L1CA   14 2162 554775.400 554775.316  0.000409654  0.084409654
3 G27 L1CA   27 2162 554775.400 554775.323  0.000461649  0.077461649
3 G04 L1CA    4 2162 554775.400 554775.329  0.000480005  0.071480005
3 G08 L1CA    8 2162 554775.400 554775.323  0.000689705  0.077689705
3 sortobs: nobs=9
3 pntpos  : tobs=2021/06/19 10:06:15.400 n=9
3 satposs : teph=2021/06/19 10:06:15.400 n=9 ephopt=0
3 estpos  : n=9
3 resprng : n=9
3 resprng : n=9
3 resprng : n=9
3 resprng : n=9
3 valsol  : n=9 nv=11
3 estvel  : n=9
3 resdop  : n=9
3 resdop  : n=9
3 satposs : teph=2021/06/19 10:06:15.400 n=9 ephopt=0
3 2021/06/19 10:06:15.399999988  37.35272140 -121.91577361    19.79 5  7/ 9 DTR=11.7 0.0 0.0 0.0 ()
3 G03 0 50.9 171.7  7.6        0.000
3 G04 1 50.6 112.4 49.4       -0.078
3 G07 1 52.2 300.2 60.8        0.200
3 G08 1 51.3 120.3 22.5        0.116
3 G09 1 50.3  39.4 82.6       -0.098
3 G14 0 49.6 211.4  4.2        0.000
3 G16 1 53.1  43.7 25.2       -0.066
3 G27 1 52.6  85.5 22.8        0.028
3 G30 1 52.1 269.0 27.1       -0.116
3 G30 L1CA   30 2162 554775.500 554775.423  0.000794415  0.077794415
3 G09 L1CA    9 2162 554775.500 554775.433  0.000687887  0.067687887
3 G03 L1CA    3 2162 554775.500 554775.417  0.000681894  0.083681894
3 G16 L1CA   16 2162 554775.500 554775.423  0.000077625  0.077077625
3 G07 L1CA    7 2162 554775.500 554775.430  0.000569224  0.070569224
3 G14 L1CA   14 2162 554775.500 554775.416  0.000409417  0.084409417
3 G27 L1CA   27 2162 554775.500 554775.423  0.000461575  0.077461575
3 G04 L1CA    4 2162 554775.500 554775.429  0.000480125  0.071480125
3 G08 L1CA    8 2162 554775.500 554775.423  0.000689547  0.077689547
3 sortobs: nobs=9
3 pntpos  : tobs=2021/06/19 10:06:15.500 n=9
3 satposs : teph=2021/06/19 10:06:15.500 n=9 ephopt=0
3 estpos  : n=9
3 resprng : n=9
3 resprng : n=9
3 resprng : n=9
3 resprng : n=9
3 valsol  : n=9 nv=11
3 estvel  : n=9
3 resdop  : n=9
3 resdop  : n=9
3 satposs : teph=2021/06/19 10:06:15.500 n=9 ephopt=0
3 2021/06/19 10:06:15.499999988  37.35272133 -121.91577369    19.74 5  7/ 9 DTR=11.7 0.0 0.0 0.0 ()
3 G03 0 50.9 171.7  7.6        0.000
3 G04 1 50.6 112.4 49.4       -0.078
3 G07 1 52.2 300.2 60.8        0.179
3 G08 1 51.3 120.3 22.5        0.120
3 G09 1 50.3  39.4 82.6       -0.083
3 G14 0 49.6 211.4  4.2        0.000
3 G16 1 53.1  43.7 25.2       -0.048
3 G27 1 52.6  85.5 22.8        0.008
3 G30 1 52.1 269.0 27.1       -0.108
3 savenav: file=.pocket_navdata.csv
3 free_rtcm:
